order_id,product_id,customer_id,price,quantity,order_date,shipping_date,order_status,payment_method,revenue,month_year,month_name,year,month_number,product_category,product_name,unit_cost_usd,profit
556489494,126225,10965138,223.16,1,2023-07-11,2023-07-13,Shipped,Credit Card,223.16,2023-07,Jul,2023,7,Electronics,Bluetooth Speaker,22.88,200.28
223240112,126225,82556484,255.33,1,2023-06-14,2023-06-19,Delivered,Apple Pay,255.33,2023-06,Jun,2023,6,Electronics,Bluetooth Speaker,22.88,232.45000000000002
684719405,876646,20570592,183.09,5,2023-06-07,2023-06-10,Returned,PayPal,915.45,2023-06,Jun,2023,6,Clothing,Cargo Shorts,8.69,872.0
341387305,246316,36757737,237.36,3,2024-01-02,2024-01-03,Processing,Debit Card,712.08,2024-01,Jan,2024,1,Clothing,Running Jacket,48.71,565.95
795392488,126225,62191530,167.48,4,2023-06-13,2023-06-17,Delivered,PayPal,669.92,2023-06,Jun,2023,6,Electronics,Bluetooth Speaker,22.88,578.4
259976144,877572,73519947,114.62,2,2023-12-06,2023-12-09,Returned,Google Pay,229.24,2023-12,Dec,2023,12,Electronics,USB-C Hub,46.28,136.68
385220694,872246,72415804,43.26,3,2024-10-26,2024-10-27,Shipped,Debit Card,129.78,2024-10,Oct,2024,10,Clothing,Denim Jeans,29.09,42.510000000000005
987588450,719176,42730796,207.93,3,2023-09-07,2023-09-08,Shipped,Credit Card,623.79,2023-09,Sep,2023,9,Home & Kitchen,Cast Iron Pan,90.67,351.78
252725050,126225,31682744,233.43,5,2024-06-13,2024-06-20,Returned,Google Pay,1167.15,2024-06,Jun,2024,6,Electronics,Bluetooth Speaker,22.88,1052.75
176675731,246316,99913412,102.88,1,2024-10-29,2024-10-31,Delivered,Debit Card,102.88,2024-10,Oct,2024,10,Clothing,Running Jacket,48.71,54.169999999999995
164035859,671858,49392920,71.12,2,2024-10-03,2024-10-04,Returned,Apple Pay,142.24,2024-10,Oct,2024,10,Home & Kitchen,Air Fryer,110.01,-77.78
278158234,877572,75575808,208.94,1,2023-03-15,2023-03-21,Shipped,PayPal,208.94,2023-03,Mar,2023,3,Electronics,USB-C Hub,46.28,162.66
951078441,770487,43046464,30.42,2,2023-09-15,2023-09-20,Delivered,Apple Pay,60.84,2023-09,Sep,2023,9,Electronics,Wireless Headphones,27.87,5.100000000000001
430295664,334053,40150759,14.89,1,2024-03-19,2024-03-22,Processing,Credit Card,14.89,2024-03,Mar,2024,3,Electronics,Webcam HD,13.0,1.8900000000000006
738923667,809570,70597444,213.25,1,2024-08-22,2024-08-23,Delivered,Google Pay,213.25,2024-08,Aug,2024,8,Clothing,Hoodie,111.42,101.83
904187231,126225,80027662,231.92,4,2023-03-30,2023-04-02,Shipped,Apple Pay,927.68,2023-03,Mar,2023,3,Electronics,Bluetooth Speaker,22.88,836.16
985021282,191161,38716269,73.75,4,2023-06-10,2023-06-15,Returned,Google Pay,295.0,2023-06,Jun,2023,6,Home & Kitchen,Coffee Maker,50.5,93.0
711181411,388389,62401521,267.21,3,2023-11-02,2023-11-08,Delivered,Google Pay,801.6299999999999,2023-11,Nov,2023,11,Electronics,Laptop Stand,88.92,534.8699999999999
409893263,191161,43528453,176.08,4,2023-02-12,2023-02-13,Processing,Google Pay,704.32,2023-02,Feb,2023,2,Home & Kitchen,Coffee Maker,50.5,502.32000000000005
571537429,126225,45594597,256.91,2,2024-02-27,2024-03-04,Delivered,Debit Card,513.82,2024-02,Feb,2024,2,Electronics,Bluetooth Speaker,22.88,468.06000000000006
233523720,877572,15917225,62.58,5,2023-07-18,2023-07-19,Returned,Credit Card,312.9,2023-07,Jul,2023,7,Electronics,USB-C Hub,46.28,81.49999999999997
603260608,191161,43189803,169.39,3,2024-04-17,2024-04-23,Cancelled,Credit Card,508.16999999999996,2024-04,Apr,2024,4,Home & Kitchen,Coffee Maker,50.5,356.66999999999996
839462365,877572,15134794,204.67,2,2024-01-01,2024-01-03,Delivered,PayPal,409.34,2024-01,Jan,2024,1,Electronics,USB-C Hub,46.28,316.78
426515425,216739,47463522,105.21,3,2024-05-12,2024-05-16,Cancelled,Google Pay,315.63,2024-05,May,2024,5,Electronics,Smart Watch,36.99,204.66
851333320,126225,64009265,58.9,3,2023-11-20,2023-11-24,Delivered,Debit Card,176.7,2023-11,Nov,2023,11,Electronics,Bluetooth Speaker,22.88,108.05999999999999
532190231,876646,27896471,114.24,3,2023-10-11,2023-10-18,Shipped,Apple Pay,342.71999999999997,2023-10,Oct,2023,10,Clothing,Cargo Shorts,8.69,316.65
392322121,126225,12621534,60.96,5,2024-07-18,2024-07-19,Delivered,PayPal,304.8,2024-07,Jul,2024,7,Electronics,Bluetooth Speaker,22.88,190.40000000000003
637377910,191161,73123515,222.72,1,2023-07-21,2023-07-24,Cancelled,Credit Card,222.72,2023-07,Jul,2023,7,Home & Kitchen,Coffee Maker,50.5,172.22
679800791,770487,23676961,233.06,2,2024-08-15,2024-08-19,Delivered,Google Pay,466.12,2024-08,Aug,2024,8,Electronics,Wireless Headphones,27.87,410.38
630208579,388389,12601580,234.8,3,2024-04-28,2024-05-04,Shipped,Debit Card,704.4000000000001,2024-04,Apr,2024,4,Electronics,Laptop Stand,88.92,437.6400000000001
570040006,719176,25898299,144.75,5,2023-10-25,2023-10-27,Delivered,Apple Pay,723.75,2023-10,Oct,2023,10,Home & Kitchen,Cast Iron Pan,90.67,270.4
186373782,356787,59529086,289.55,5,2023-09-02,2023-09-09,Cancelled,Debit Card,1447.75,2023-09,Sep,2023,9,Electronics,Mechanical Keyboard,38.72,1254.15
742136977,671858,67276174,174.23,5,2023-06-13,2023-06-15,Cancelled,Debit Card,871.15,2023-06,Jun,2023,6,Home & Kitchen,Air Fryer,110.01,321.0999999999999
142800191,876646,50308572,230.82,2,2023-02-11,2023-02-13,Delivered,PayPal,461.64,2023-02,Feb,2023,2,Clothing,Cargo Shorts,8.69,444.26
563887247,216739,98986321,146.2,4,2024-01-05,2024-01-09,Delivered,Credit Card,584.8,2024-01,Jan,2024,1,Electronics,Smart Watch,36.99,436.8399999999999
888699799,126225,70467027,167.85,2,2023-09-27,2023-10-02,Shipped,Apple Pay,335.7,2023-09,Sep,2023,9,Electronics,Bluetooth Speaker,22.88,289.94
446090161,356787,17901903,119.13,2,2024-06-13,2024-06-16,Processing,Apple Pay,238.26,2024-06,Jun,2024,6,Electronics,Mechanical Keyboard,38.72,160.82
748232591,356787,68526649,149.8,5,2024-05-13,2024-05-20,Delivered,Google Pay,749.0,2024-05,May,2024,5,Electronics,Mechanical Keyboard,38.72,555.4
368830491,216739,23903144,196.6,2,2023-03-20,2023-03-25,Delivered,Debit Card,393.2,2023-03,Mar,2023,3,Electronics,Smart Watch,36.99,319.21999999999997
127772220,770487,99115205,245.23,1,2023-08-24,2023-08-28,Shipped,Apple Pay,245.23,2023-08,Aug,2023,8,Electronics,Wireless Headphones,27.87,217.35999999999999
198061499,216739,75575808,80.65,2,2024-02-25,2024-02-26,Processing,Google Pay,161.3,2024-02,Feb,2024,2,Electronics,Smart Watch,36.99,87.32000000000001
345805719,770487,51870192,58.23,2,2023-05-31,2023-06-01,Processing,Apple Pay,116.46,2023-05,May,2023,5,Electronics,Wireless Headphones,27.87,60.71999999999999
824022357,207473,47535126,221.1,3,2023-01-20,2023-01-26,Delivered,Debit Card,663.3,2023-01,Jan,2023,1,Clothing,Graphic Tee,66.43,464.00999999999993
997603725,246316,41039390,73.61,4,2024-05-08,2024-05-10,Processing,Debit Card,294.44,2024-05,May,2024,5,Clothing,Running Jacket,48.71,99.6
717615339,671858,89699989,201.29,3,2023-07-06,2023-07-11,Delivered,PayPal,603.87,2023-07,Jul,2023,7,Home & Kitchen,Air Fryer,110.01,273.84
730418447,719176,98787891,119.67,2,2023-03-12,2023-03-14,Delivered,Credit Card,239.34,2023-03,Mar,2023,3,Home & Kitchen,Cast Iron Pan,90.67,58.0
122275263,877572,13895645,249.68,5,2024-12-01,2024-12-05,Delivered,Debit Card,1248.4,2024-12,Dec,2024,12,Electronics,USB-C Hub,46.28,1017.0000000000001
921155204,246316,68186525,164.1,1,2023-02-09,2023-02-16,Delivered,Apple Pay,164.1,2023-02,Feb,2023,2,Clothing,Running Jacket,48.71,115.38999999999999
821856853,770487,19553585,135.12,4,2024-11-25,2024-12-01,Delivered,Credit Card,540.48,2024-11,Nov,2024,11,Electronics,Wireless Headphones,27.87,429.0
981994345,876646,99038526,232.9,3,2024-05-08,2024-05-15,Processing,Google Pay,698.7,2024-05,May,2024,5,Clothing,Cargo Shorts,8.69,672.63
389385259,216739,54769200,77.42,1,2024-05-03,2024-05-10,Delivered,Google Pay,77.42,2024-05,May,2024,5,Electronics,Smart Watch,36.99,40.43
718740490,719176,45159040,215.64,1,2023-07-13,2023-07-14,Processing,Google Pay,215.64,2023-07,Jul,2023,7,Home & Kitchen,Cast Iron Pan,90.67,124.96999999999998
143198431,216739,50392808,209.44,3,2024-11-01,2024-11-03,Shipped,PayPal,628.3199999999999,2024-11,Nov,2024,11,Electronics,Smart Watch,36.99,517.3499999999999
919382051,126225,67403166,173.74,5,2024-07-02,2024-07-06,Delivered,Apple Pay,868.7,2024-07,Jul,2024,7,Electronics,Bluetooth Speaker,22.88,754.3000000000001
912037475,877572,87701200,170.91,3,2024-01-15,2024-01-20,Delivered,Google Pay,512.73,2024-01,Jan,2024,1,Electronics,USB-C Hub,46.28,373.89
288109614,356787,99100953,260.5,1,2023-05-22,2023-05-29,Cancelled,Debit Card,260.5,2023-05,May,2023,5,Electronics,Mechanical Keyboard,38.72,221.78
605196410,246316,16729990,157.41,3,2023-04-13,2023-04-15,Returned,Google Pay,472.23,2023-04,Apr,2023,4,Clothing,Running Jacket,48.71,326.1
657233178,207473,75884623,122.83,1,2023-02-23,2023-02-25,Returned,Credit Card,122.83,2023-02,Feb,2023,2,Clothing,Graphic Tee,66.43,56.39999999999999
799552991,877572,38754377,74.3,1,2023-03-07,2023-03-10,Processing,Credit Card,74.3,2023-03,Mar,2023,3,Electronics,USB-C Hub,46.28,28.019999999999996
574840200,877572,68461818,93.07,5,2024-11-02,2024-11-07,Delivered,Debit Card,465.34999999999997,2024-11,Nov,2024,11,Electronics,USB-C Hub,46.28,233.94999999999996
398668350,809570,70897765,200.49,5,2023-07-26,2023-08-02,Delivered,Debit Card,1002.45,2023-07,Jul,2023,7,Clothing,Hoodie,111.42,445.35
294872482,770487,72732043,77.17,2,2024-06-12,2024-06-18,Cancelled,Credit Card,154.34,2024-06,Jun,2024,6,Electronics,Wireless Headphones,27.87,98.6
728492896,770487,82772208,236.1,3,2023-03-30,2023-04-02,Cancelled,Apple Pay,708.3,2023-03,Mar,2023,3,Electronics,Wireless Headphones,27.87,624.6899999999999
568027936,334053,98986321,214.04,1,2023-01-16,2023-01-22,Processing,PayPal,214.04,2023-01,Jan,2023,1,Electronics,Webcam HD,13.0,201.04
781594897,876646,50477742,289.34,3,2023-12-23,2023-12-26,Delivered,Google Pay,868.02,2023-12,Dec,2023,12,Clothing,Cargo Shorts,8.69,841.9499999999999
974288855,877572,51663795,85.71,4,2024-08-11,2024-08-12,Processing,Credit Card,342.84,2024-08,Aug,2024,8,Electronics,USB-C Hub,46.28,157.71999999999997
627986559,126225,61700055,158.84,3,2023-04-30,2023-05-07,Processing,Google Pay,476.52,2023-04,Apr,2023,4,Electronics,Bluetooth Speaker,22.88,407.88
197970787,388389,83542887,233.28,3,2024-07-30,2024-08-03,Returned,Apple Pay,699.84,2024-07,Jul,2024,7,Electronics,Laptop Stand,88.92,433.08000000000004
604669821,809570,15512205,43.71,1,2023-01-29,2023-02-02,Shipped,Debit Card,43.71,2023-01,Jan,2023,1,Clothing,Hoodie,111.42,-67.71000000000001
473620340,809570,47393469,159.78,1,2024-02-27,2024-03-01,Cancelled,PayPal,159.78,2024-02,Feb,2024,2,Clothing,Hoodie,111.42,48.36
538460431,877572,51154241,170.81,2,2023-12-17,2023-12-18,Shipped,PayPal,341.62,2023-12,Dec,2023,12,Electronics,USB-C Hub,46.28,249.06
457887167,126225,21003626,154.7,2,2024-11-30,2024-12-02,Delivered,Debit Card,309.4,2024-11,Nov,2024,11,Electronics,Bluetooth Speaker,22.88,263.64
444733679,216739,11250299,189.38,2,2023-09-13,2023-09-20,Returned,Credit Card,378.76,2023-09,Sep,2023,9,Electronics,Smart Watch,36.99,304.78
819550381,216739,26194158,188.0,5,2024-11-10,2024-11-14,Delivered,Apple Pay,940.0,2024-11,Nov,2024,11,Electronics,Smart Watch,36.99,755.05
212313264,356787,50079111,89.66,2,2024-08-11,2024-08-18,Returned,Google Pay,179.32,2024-08,Aug,2024,8,Electronics,Mechanical Keyboard,38.72,101.88
272684373,216739,38427073,132.71,5,2024-06-22,2024-06-29,Delivered,Google Pay,663.5500000000001,2024-06,Jun,2024,6,Electronics,Smart Watch,36.99,478.6
454123990,216739,94120751,160.27,3,2023-05-04,2023-05-10,Cancelled,Credit Card,480.81000000000006,2023-05,May,2023,5,Electronics,Smart Watch,36.99,369.84000000000003
542000551,770487,50785405,104.37,5,2024-08-17,2024-08-18,Returned,PayPal,521.85,2024-08,Aug,2024,8,Electronics,Wireless Headphones,27.87,382.5
844826434,126225,46553958,287.96,3,2023-10-03,2023-10-07,Delivered,Debit Card,863.8799999999999,2023-10,Oct,2023,10,Electronics,Bluetooth Speaker,22.88,795.2399999999999
632005813,246316,76354180,117.96,4,2024-12-18,2024-12-25,Delivered,Apple Pay,471.84,2024-12,Dec,2024,12,Clothing,Running Jacket,48.71,277.0
409471503,126225,63238057,246.11,3,2024-12-03,2024-12-05,Returned,Debit Card,738.33,2024-12,Dec,2024,12,Electronics,Bluetooth Speaker,22.88,669.69
811443654,872246,38210242,242.0,2,2023-07-20,2023-07-22,Shipped,Credit Card,484.0,2023-07,Jul,2023,7,Clothing,Denim Jeans,29.09,425.82
529982328,126225,32321899,164.84,3,2024-10-07,2024-10-12,Returned,Apple Pay,494.52,2024-10,Oct,2024,10,Electronics,Bluetooth Speaker,22.88,425.88
973559879,770487,99100953,57.36,2,2023-04-12,2023-04-18,Returned,PayPal,114.72,2023-04,Apr,2023,4,Electronics,Wireless Headphones,27.87,58.98
916580415,246316,64634663,107.04,3,2024-04-05,2024-04-11,Delivered,Google Pay,321.12,2024-04,Apr,2024,4,Clothing,Running Jacket,48.71,174.99
690661740,872246,45159040,129.4,3,2023-12-19,2023-12-20,Returned,Google Pay,388.20000000000005,2023-12,Dec,2023,12,Clothing,Denim Jeans,29.09,300.93000000000006
139403247,877572,73900135,60.61,3,2024-10-26,2024-10-31,Delivered,PayPal,181.82999999999998,2024-10,Oct,2024,10,Electronics,USB-C Hub,46.28,42.98999999999998
588365604,809570,19553585,120.5,3,2024-04-02,2024-04-03,Shipped,Debit Card,361.5,2024-04,Apr,2024,4,Clothing,Hoodie,111.42,27.24000000000001
194553481,126225,42747037,175.76,1,2024-10-08,2024-10-13,Delivered,Debit Card,175.76,2024-10,Oct,2024,10,Electronics,Bluetooth Speaker,22.88,152.88
437710224,126225,70152969,87.56,4,2023-10-26,2023-11-01,Delivered,Apple Pay,350.24,2023-10,Oct,2023,10,Electronics,Bluetooth Speaker,22.88,258.72
371011200,671858,64813568,289.99,4,2024-08-24,2024-08-29,Delivered,Debit Card,1159.96,2024-08,Aug,2024,8,Home & Kitchen,Air Fryer,110.01,719.9200000000001
447112584,216739,88055069,213.19,1,2023-09-15,2023-09-21,Delivered,Debit Card,213.19,2023-09,Sep,2023,9,Electronics,Smart Watch,36.99,176.2
224469868,770487,30509175,17.64,4,2024-07-15,2024-07-16,Processing,Credit Card,70.56,2024-07,Jul,2024,7,Electronics,Wireless Headphones,27.87,-40.92
929517022,216739,41944441,99.71,2,2024-11-01,2024-11-05,Cancelled,PayPal,199.42,2024-11,Nov,2024,11,Electronics,Smart Watch,36.99,125.43999999999998
533979662,246316,11980765,59.47,1,2024-06-23,2024-06-30,Cancelled,PayPal,59.47,2024-06,Jun,2024,6,Clothing,Running Jacket,48.71,10.759999999999998
652543518,191161,65682626,166.76,3,2024-04-23,2024-04-30,Processing,Apple Pay,500.28,2024-04,Apr,2024,4,Home & Kitchen,Coffee Maker,50.5,348.78
985758835,126225,81690398,181.33,4,2024-07-06,2024-07-08,Cancelled,Google Pay,725.32,2024-07,Jul,2024,7,Electronics,Bluetooth Speaker,22.88,633.8000000000001
101235946,334053,47080140,273.58,4,2024-06-30,2024-07-03,Processing,Debit Card,1094.32,2024-06,Jun,2024,6,Electronics,Webcam HD,13.0,1042.32
806157458,126225,49682169,55.15,1,2024-02-27,2024-03-01,Delivered,Google Pay,55.15,2024-02,Feb,2024,2,Electronics,Bluetooth Speaker,22.88,32.269999999999996
682605435,191161,75181648,146.06,1,2023-12-19,2023-12-22,Cancelled,Apple Pay,146.06,2023-12,Dec,2023,12,Home & Kitchen,Coffee Maker,50.5,95.56
596043327,671858,31227574,94.94,2,2024-03-16,2024-03-23,Returned,Credit Card,189.88,2024-03,Mar,2024,3,Home & Kitchen,Air Fryer,110.01,-30.140000000000015
543721204,877572,72415804,82.46,4,2024-03-23,2024-03-27,Returned,Apple Pay,329.84,2024-03,Mar,2024,3,Electronics,USB-C Hub,46.28,144.71999999999997
158201193,877572,99682738,231.71,5,2023-09-03,2023-09-08,Returned,PayPal,1158.55,2023-09,Sep,2023,9,Electronics,USB-C Hub,46.28,927.15
301415220,388389,53868501,64.51,1,2023-10-03,2023-10-07,Delivered,Debit Card,64.51,2023-10,Oct,2023,10,Electronics,Laptop Stand,88.92,-24.409999999999997
656670062,877572,42949803,213.13,4,2024-04-08,2024-04-11,Delivered,PayPal,852.52,2024-04,Apr,2024,4,Electronics,USB-C Hub,46.28,667.4
488457631,770487,88339168,88.06,4,2023-04-15,2023-04-18,Cancelled,Credit Card,352.24,2023-04,Apr,2023,4,Electronics,Wireless Headphones,27.87,240.76
768548027,770487,62343121,131.86,4,2023-08-11,2023-08-14,Delivered,Apple Pay,527.44,2023-08,Aug,2023,8,Electronics,Wireless Headphones,27.87,415.96000000000004
912224654,876646,15134794,227.66,2,2023-03-24,2023-03-31,Delivered,PayPal,455.32,2023-03,Mar,2023,3,Clothing,Cargo Shorts,8.69,437.94
635252889,877572,15334035,82.51,4,2023-07-16,2023-07-23,Returned,Credit Card,330.04,2023-07,Jul,2023,7,Electronics,USB-C Hub,46.28,144.92000000000002
771527524,216739,55728776,233.65,4,2023-09-12,2023-09-16,Delivered,Credit Card,934.6,2023-09,Sep,2023,9,Electronics,Smart Watch,36.99,786.64
574637858,877572,41068214,203.13,2,2023-04-07,2023-04-12,Shipped,Apple Pay,406.26,2023-04,Apr,2023,4,Electronics,USB-C Hub,46.28,313.7
916033628,809570,81969657,221.18,5,2023-06-12,2023-06-18,Processing,Credit Card,1105.9,2023-06,Jun,2023,6,Clothing,Hoodie,111.42,548.8000000000001
155417727,388389,45810056,267.37,2,2023-07-23,2023-07-26,Delivered,Debit Card,534.74,2023-07,Jul,2023,7,Electronics,Laptop Stand,88.92,356.9
318568997,809570,78139880,90.06,1,2023-06-21,2023-06-28,Shipped,Debit Card,90.06,2023-06,Jun,2023,6,Clothing,Hoodie,111.42,-21.36
386749454,770487,23676961,209.63,2,2024-12-08,2024-12-12,Delivered,Credit Card,419.26,2024-12,Dec,2024,12,Electronics,Wireless Headphones,27.87,363.52
689720101,770487,89133014,279.94,1,2024-09-25,2024-09-28,Delivered,PayPal,279.94,2024-09,Sep,2024,9,Electronics,Wireless Headphones,27.87,252.07
240674381,770487,69476001,101.84,5,2024-05-14,2024-05-16,Returned,PayPal,509.20000000000005,2024-05,May,2024,5,Electronics,Wireless Headphones,27.87,369.85
409268943,671858,25898299,209.87,3,2023-07-17,2023-07-18,Cancelled,Debit Card,629.61,2023-07,Jul,2023,7,Home & Kitchen,Air Fryer,110.01,299.58
570423569,388389,62274692,172.11,5,2024-12-24,2024-12-28,Cancelled,Apple Pay,860.5500000000001,2024-12,Dec,2024,12,Electronics,Laptop Stand,88.92,415.95000000000005
849740261,877572,40094589,222.39,3,2023-12-23,2023-12-26,Returned,Google Pay,667.17,2023-12,Dec,2023,12,Electronics,USB-C Hub,46.28,528.3299999999999
620455331,719176,17672593,54.95,3,2023-03-12,2023-03-17,Returned,PayPal,164.85000000000002,2023-03,Mar,2023,3,Home & Kitchen,Cast Iron Pan,90.67,-107.15999999999997
230380269,770487,41329612,119.91,2,2024-10-15,2024-10-20,Delivered,Google Pay,239.82,2024-10,Oct,2024,10,Electronics,Wireless Headphones,27.87,184.07999999999998
130998324,216739,78371272,290.47,4,2023-03-06,2023-03-12,Delivered,Google Pay,1161.88,2023-03,Mar,2023,3,Electronics,Smart Watch,36.99,1013.9200000000001
776481264,809570,12735359,92.1,4,2023-06-07,2023-06-12,Cancelled,PayPal,368.4,2023-06,Jun,2023,6,Clothing,Hoodie,111.42,-77.28000000000003
753770973,770487,81498611,263.3,2,2023-05-13,2023-05-15,Delivered,Apple Pay,526.6,2023-05,May,2023,5,Electronics,Wireless Headphones,27.87,470.86
958256589,877572,64277800,190.94,5,2024-05-16,2024-05-21,Delivered,Credit Card,954.7,2024-05,May,2024,5,Electronics,USB-C Hub,46.28,723.3000000000001
356943695,770487,77187530,152.5,1,2023-08-02,2023-08-08,Shipped,Credit Card,152.5,2023-08,Aug,2023,8,Electronics,Wireless Headphones,27.87,124.63
862123506,356787,94525678,215.44,5,2024-01-13,2024-01-20,Delivered,Google Pay,1077.2,2024-01,Jan,2024,1,Electronics,Mechanical Keyboard,38.72,883.6
270057261,770487,39854548,288.56,1,2023-03-21,2023-03-23,Delivered,Debit Card,288.56,2023-03,Mar,2023,3,Electronics,Wireless Headphones,27.87,260.69
433665422,216739,16749089,175.3,2,2024-11-03,2024-11-05,Processing,Google Pay,350.6,2024-11,Nov,2024,11,Electronics,Smart Watch,36.99,276.62
691458887,334053,70465583,113.8,4,2024-10-15,2024-10-20,Cancelled,Apple Pay,455.2,2024-10,Oct,2024,10,Electronics,Webcam HD,13.0,403.2
114682844,216739,36757737,107.87,2,2024-02-16,2024-02-21,Processing,Google Pay,215.74,2024-02,Feb,2024,2,Electronics,Smart Watch,36.99,141.76
692975437,246316,54058573,255.0,4,2024-07-17,2024-07-20,Returned,Apple Pay,1020.0,2024-07,Jul,2024,7,Clothing,Running Jacket,48.71,825.16
538076670,191161,46249845,168.22,4,2023-09-04,2023-09-09,Returned,Google Pay,672.88,2023-09,Sep,2023,9,Home & Kitchen,Coffee Maker,50.5,470.88
200082623,719176,78064830,288.34,1,2024-04-08,2024-04-12,Cancelled,Credit Card,288.34,2024-04,Apr,2024,4,Home & Kitchen,Cast Iron Pan,90.67,197.66999999999996
341270488,388389,98986321,11.89,2,2023-05-19,2023-05-22,Delivered,PayPal,23.78,2023-05,May,2023,5,Electronics,Laptop Stand,88.92,-154.06
221827951,770487,23492385,158.26,5,2023-10-10,2023-10-15,Processing,Debit Card,791.3,2023-10,Oct,2023,10,Electronics,Wireless Headphones,27.87,651.9499999999999
595475899,126225,17849494,116.44,5,2023-05-22,2023-05-25,Delivered,Debit Card,582.2,2023-05,May,2023,5,Electronics,Bluetooth Speaker,22.88,467.80000000000007
226128312,388389,87337818,175.02,2,2024-08-07,2024-08-11,Cancelled,Credit Card,350.04,2024-08,Aug,2024,8,Electronics,Laptop Stand,88.92,172.20000000000002
795472980,877572,19121552,270.71,5,2024-05-14,2024-05-21,Returned,Credit Card,1353.55,2024-05,May,2024,5,Electronics,USB-C Hub,46.28,1122.1499999999999
993506934,207473,42329237,32.75,1,2024-08-13,2024-08-17,Returned,PayPal,32.75,2024-08,Aug,2024,8,Clothing,Graphic Tee,66.43,-33.68000000000001
265325235,356787,26288475,44.95,2,2024-03-02,2024-03-09,Cancelled,Google Pay,89.9,2024-03,Mar,2024,3,Electronics,Mechanical Keyboard,38.72,12.460000000000008
635126623,877572,38427073,21.93,5,2023-11-09,2023-11-14,Processing,Debit Card,109.65,2023-11,Nov,2023,11,Electronics,USB-C Hub,46.28,-121.75
869446962,356787,50603163,205.34,4,2023-06-06,2023-06-07,Shipped,Google Pay,821.36,2023-06,Jun,2023,6,Electronics,Mechanical Keyboard,38.72,666.48
413383963,207473,92097999,238.04,2,2024-03-18,2024-03-21,Delivered,PayPal,476.08,2024-03,Mar,2024,3,Clothing,Graphic Tee,66.43,343.21999999999997
646397165,216739,67556566,125.76,1,2023-02-20,2023-02-25,Shipped,Google Pay,125.76,2023-02,Feb,2023,2,Electronics,Smart Watch,36.99,88.77000000000001
857429971,334053,82556484,172.19,4,2023-05-19,2023-05-23,Shipped,Google Pay,688.76,2023-05,May,2023,5,Electronics,Webcam HD,13.0,636.76
393587744,877572,91378577,80.26,3,2024-06-20,2024-06-22,Returned,Apple Pay,240.78000000000003,2024-06,Jun,2024,6,Electronics,USB-C Hub,46.28,101.94000000000003
546129354,356787,63238057,204.8,4,2023-04-02,2023-04-03,Delivered,PayPal,819.2,2023-04,Apr,2023,4,Electronics,Mechanical Keyboard,38.72,664.32
996278008,770487,14380847,296.41,5,2023-11-09,2023-11-11,Returned,Apple Pay,1482.0500000000002,2023-11,Nov,2023,11,Electronics,Wireless Headphones,27.87,1342.7000000000003
618079974,770487,24366125,118.4,1,2023-07-24,2023-07-30,Delivered,Credit Card,118.4,2023-07,Jul,2023,7,Electronics,Wireless Headphones,27.87,90.53
607042130,877572,66775103,109.54,1,2023-10-22,2023-10-23,Delivered,Apple Pay,109.54,2023-10,Oct,2023,10,Electronics,USB-C Hub,46.28,63.260000000000005
361704064,216739,80138498,69.09,5,2024-07-04,2024-07-06,Returned,PayPal,345.45000000000005,2024-07,Jul,2024,7,Electronics,Smart Watch,36.99,160.50000000000003
590470737,872246,50780112,212.63,1,2023-05-25,2023-05-31,Shipped,Google Pay,212.63,2023-05,May,2023,5,Clothing,Denim Jeans,29.09,183.54
691916368,719176,81498611,27.42,2,2023-09-19,2023-09-21,Returned,Google Pay,54.84,2023-09,Sep,2023,9,Home & Kitchen,Cast Iron Pan,90.67,-126.5
255308128,770487,18593410,88.67,3,2024-02-02,2024-02-08,Returned,Credit Card,266.01,2024-02,Feb,2024,2,Electronics,Wireless Headphones,27.87,182.39999999999998
511872350,877572,28024248,293.21,1,2024-01-25,2024-01-30,Delivered,Apple Pay,293.21,2024-01,Jan,2024,1,Electronics,USB-C Hub,46.28,246.92999999999998
304666325,191161,38754377,155.18,4,2023-07-10,2023-07-12,Processing,Credit Card,620.72,2023-07,Jul,2023,7,Home & Kitchen,Coffee Maker,50.5,418.72
743576792,126225,68326160,225.86,1,2024-05-16,2024-05-20,Delivered,PayPal,225.86,2024-05,May,2024,5,Electronics,Bluetooth Speaker,22.88,202.98000000000002
645719501,356787,30863865,245.44,3,2024-05-28,2024-05-31,Shipped,Credit Card,736.3199999999999,2024-05,May,2024,5,Electronics,Mechanical Keyboard,38.72,620.16
901325519,872246,11049999,270.17,2,2023-06-05,2023-06-08,Delivered,Apple Pay,540.34,2023-06,Jun,2023,6,Clothing,Denim Jeans,29.09,482.16
246574716,872246,72394301,75.94,2,2024-10-02,2024-10-08,Processing,Debit Card,151.88,2024-10,Oct,2024,10,Clothing,Denim Jeans,29.09,93.69999999999999
174958005,334053,68450095,167.24,2,2023-12-04,2023-12-08,Cancelled,Debit Card,334.48,2023-12,Dec,2023,12,Electronics,Webcam HD,13.0,308.48
396618390,207473,11250299,209.66,5,2023-05-22,2023-05-25,Delivered,Apple Pay,1048.3,2023-05,May,2023,5,Clothing,Graphic Tee,66.43,716.1499999999999
929653607,719176,45594951,275.95,3,2024-11-02,2024-11-07,Delivered,Google Pay,827.8499999999999,2024-11,Nov,2024,11,Home & Kitchen,Cast Iron Pan,90.67,555.8399999999999
948262678,872246,28814949,253.45,2,2023-07-08,2023-07-11,Cancelled,Credit Card,506.9,2023-07,Jul,2023,7,Clothing,Denim Jeans,29.09,448.71999999999997
545541033,877572,92043803,226.22,3,2023-11-07,2023-11-11,Delivered,Debit Card,678.66,2023-11,Nov,2023,11,Electronics,USB-C Hub,46.28,539.8199999999999
464938258,770487,20075036,87.38,5,2024-09-18,2024-09-23,Processing,Debit Card,436.9,2024-09,Sep,2024,9,Electronics,Wireless Headphones,27.87,297.54999999999995
945805127,770487,50308572,236.14,2,2023-03-23,2023-03-29,Processing,Google Pay,472.28,2023-03,Mar,2023,3,Electronics,Wireless Headphones,27.87,416.53999999999996
645179180,246316,92613013,122.35,4,2023-07-08,2023-07-15,Delivered,Debit Card,489.4,2023-07,Jul,2023,7,Clothing,Running Jacket,48.71,294.55999999999995
386874458,877572,10359129,285.55,2,2023-01-16,2023-01-19,Cancelled,Debit Card,571.1,2023-01,Jan,2023,1,Electronics,USB-C Hub,46.28,478.54
981058292,216739,81287314,209.47,4,2024-09-23,2024-09-27,Delivered,Apple Pay,837.88,2024-09,Sep,2024,9,Electronics,Smart Watch,36.99,689.92
102754426,334053,97302916,100.73,5,2024-01-25,2024-01-31,Cancelled,Google Pay,503.65000000000003,2024-01,Jan,2024,1,Electronics,Webcam HD,13.0,438.65000000000003
403696046,207473,11362459,21.16,1,2024-12-22,2024-12-29,Shipped,Apple Pay,21.16,2024-12,Dec,2024,12,Clothing,Graphic Tee,66.43,-45.27000000000001
879591310,191161,75569635,124.72,1,2024-06-15,2024-06-20,Processing,Apple Pay,124.72,2024-06,Jun,2024,6,Home & Kitchen,Coffee Maker,50.5,74.22
420571903,872246,32162965,137.46,3,2023-07-14,2023-07-17,Returned,PayPal,412.38,2023-07,Jul,2023,7,Clothing,Denim Jeans,29.09,325.11
999232921,126225,72394301,159.91,2,2023-02-25,2023-03-03,Shipped,Apple Pay,319.82,2023-02,Feb,2023,2,Electronics,Bluetooth Speaker,22.88,274.06
730219579,216739,24665841,179.77,5,2023-07-04,2023-07-11,Delivered,Apple Pay,898.85,2023-07,Jul,2023,7,Electronics,Smart Watch,36.99,713.9
722687986,770487,87701200,270.01,2,2024-04-09,2024-04-14,Shipped,Credit Card,540.02,2024-04,Apr,2024,4,Electronics,Wireless Headphones,27.87,484.28
808605988,216739,74119726,43.1,4,2023-05-07,2023-05-08,Cancelled,PayPal,172.4,2023-05,May,2023,5,Electronics,Smart Watch,36.99,24.439999999999998
625747313,216739,91424737,285.42,4,2024-06-07,2024-06-12,Processing,Apple Pay,1141.68,2024-06,Jun,2024,6,Electronics,Smart Watch,36.99,993.72
259553112,770487,52101056,201.25,2,2024-08-02,2024-08-09,Delivered,Debit Card,402.5,2024-08,Aug,2024,8,Electronics,Wireless Headphones,27.87,346.76
579476614,126225,80823176,99.75,4,2024-03-05,2024-03-08,Delivered,Debit Card,399.0,2024-03,Mar,2024,3,Electronics,Bluetooth Speaker,22.88,307.48
678296492,216739,11250299,231.95,1,2023-01-04,2023-01-09,Shipped,Apple Pay,231.95,2023-01,Jan,2023,1,Electronics,Smart Watch,36.99,194.95999999999998
620057604,191161,55657579,78.97,5,2024-09-14,2024-09-18,Cancelled,Apple Pay,394.85,2024-09,Sep,2024,9,Home & Kitchen,Coffee Maker,50.5,142.35000000000002
470574014,246316,19046318,11.9,5,2024-09-07,2024-09-12,Delivered,Google Pay,59.5,2024-09,Sep,2024,9,Clothing,Running Jacket,48.71,-184.05
456954682,809570,19832887,52.98,3,2023-02-20,2023-02-22,Delivered,Debit Card,158.94,2023-02,Feb,2023,2,Clothing,Hoodie,111.42,-175.32
692616814,126225,24549543,41.57,2,2023-03-31,2023-04-01,Delivered,PayPal,83.14,2023-03,Mar,2023,3,Electronics,Bluetooth Speaker,22.88,37.38
919128302,207473,46817443,238.31,2,2024-09-01,2024-09-06,Shipped,Google Pay,476.62,2024-09,Sep,2024,9,Clothing,Graphic Tee,66.43,343.76
683503591,356787,73440831,116.88,4,2023-11-03,2023-11-06,Returned,Credit Card,467.52,2023-11,Nov,2023,11,Electronics,Mechanical Keyboard,38.72,312.64
505026213,671858,36757737,146.53,1,2023-03-08,2023-03-11,Cancelled,PayPal,146.53,2023-03,Mar,2023,3,Home & Kitchen,Air Fryer,110.01,36.519999999999996
588922557,356787,34391257,70.61,1,2023-08-03,2023-08-09,Delivered,Google Pay,70.61,2023-08,Aug,2023,8,Electronics,Mechanical Keyboard,38.72,31.89
445505799,876646,53936531,219.97,5,2023-03-31,2023-04-04,Returned,PayPal,1099.85,2023-03,Mar,2023,3,Clothing,Cargo Shorts,8.69,1056.3999999999999
302563940,334053,19317495,176.78,5,2023-09-23,2023-09-28,Delivered,Debit Card,883.9,2023-09,Sep,2023,9,Electronics,Webcam HD,13.0,818.9
848933239,207473,21267237,152.82,2,2024-10-09,2024-10-13,Processing,Debit Card,305.64,2024-10,Oct,2024,10,Clothing,Graphic Tee,66.43,172.77999999999997
356415500,216739,25374874,144.81,1,2023-05-02,2023-05-03,Cancelled,Debit Card,144.81,2023-05,May,2023,5,Electronics,Smart Watch,36.99,107.82
713963047,671858,65625330,106.79,5,2024-02-28,2024-02-29,Returned,Debit Card,533.95,2024-02,Feb,2024,2,Home & Kitchen,Air Fryer,110.01,-16.100000000000023
511211819,770487,23492385,239.15,3,2023-10-16,2023-10-19,Delivered,Google Pay,717.45,2023-10,Oct,2023,10,Electronics,Wireless Headphones,27.87,633.84
350785761,770487,43374088,108.98,5,2024-12-03,2024-12-06,Processing,Credit Card,544.9,2024-12,Dec,2024,12,Electronics,Wireless Headphones,27.87,405.54999999999995
932734539,126225,78642041,275.68,1,2024-11-19,2024-11-23,Cancelled,Debit Card,275.68,2024-11,Nov,2024,11,Electronics,Bluetooth Speaker,22.88,252.8
541066404,877572,43859311,237.35,4,2023-12-10,2023-12-14,Cancelled,Credit Card,949.4,2023-12,Dec,2023,12,Electronics,USB-C Hub,46.28,764.28
146865930,191161,91321540,170.99,1,2024-11-25,2024-11-28,Delivered,Google Pay,170.99,2024-11,Nov,2024,11,Home & Kitchen,Coffee Maker,50.5,120.49000000000001
441639230,126225,40158366,253.8,3,2023-06-02,2023-06-05,Shipped,Google Pay,761.4000000000001,2023-06,Jun,2023,6,Electronics,Bluetooth Speaker,22.88,692.7600000000001
899621068,877572,85863473,260.72,3,2024-09-01,2024-09-02,Cancelled,PayPal,782.1600000000001,2024-09,Sep,2024,9,Electronics,USB-C Hub,46.28,643.32
607854378,877572,99788677,117.75,3,2024-05-23,2024-05-25,Delivered,Google Pay,353.25,2024-05,May,2024,5,Electronics,USB-C Hub,46.28,214.41
857232668,126225,42329237,138.68,1,2023-07-26,2023-07-27,Returned,Apple Pay,138.68,2023-07,Jul,2023,7,Electronics,Bluetooth Speaker,22.88,115.80000000000001
971243675,719176,44999379,222.4,5,2023-12-15,2023-12-19,Delivered,PayPal,1112.0,2023-12,Dec,2023,12,Home & Kitchen,Cast Iron Pan,90.67,658.65
509343829,126225,22660194,297.88,2,2024-06-12,2024-06-18,Cancelled,Credit Card,595.76,2024-06,Jun,2024,6,Electronics,Bluetooth Speaker,22.88,550.0
514548900,770487,96028436,209.24,5,2023-11-15,2023-11-16,Returned,Credit Card,1046.2,2023-11,Nov,2023,11,Electronics,Wireless Headphones,27.87,906.85
812630453,356787,98550256,232.18,3,2023-04-16,2023-04-21,Delivered,Google Pay,696.54,2023-04,Apr,2023,4,Electronics,Mechanical Keyboard,38.72,580.38
950826208,216739,78371272,93.09,5,2023-07-25,2023-07-27,Delivered,Apple Pay,465.45000000000005,2023-07,Jul,2023,7,Electronics,Smart Watch,36.99,280.5
981270974,216739,82772208,14.41,5,2023-10-08,2023-10-09,Processing,Google Pay,72.05,2023-10,Oct,2023,10,Electronics,Smart Watch,36.99,-112.90000000000002
800100071,126225,43189803,51.04,3,2023-11-23,2023-11-26,Processing,Debit Card,153.12,2023-11,Nov,2023,11,Electronics,Bluetooth Speaker,22.88,84.48
263321843,126225,82399599,47.71,4,2024-03-30,2024-03-31,Cancelled,Credit Card,190.84,2024-03,Mar,2024,3,Electronics,Bluetooth Speaker,22.88,99.32000000000001
631855083,770487,67062156,214.35,5,2024-02-06,2024-02-08,Cancelled,Apple Pay,1071.75,2024-02,Feb,2024,2,Electronics,Wireless Headphones,27.87,932.4
139749508,126225,96637649,204.54,5,2024-12-31,2025-01-07,Delivered,Apple Pay,1022.6999999999999,2024-12,Dec,2024,12,Electronics,Bluetooth Speaker,22.88,908.3
235555899,877572,35556386,208.49,4,2024-04-11,2024-04-14,Shipped,Debit Card,833.96,2024-04,Apr,2024,4,Electronics,USB-C Hub,46.28,648.84
639331014,126225,53779528,212.88,3,2024-02-06,2024-02-08,Returned,PayPal,638.64,2024-02,Feb,2024,2,Electronics,Bluetooth Speaker,22.88,570.0
733701411,246316,43273328,111.91,4,2024-05-01,2024-05-02,Returned,Debit Card,447.64,2024-05,May,2024,5,Clothing,Running Jacket,48.71,252.79999999999998
456476596,388389,30534124,157.3,4,2024-08-11,2024-08-13,Returned,Credit Card,629.2,2024-08,Aug,2024,8,Electronics,Laptop Stand,88.92,273.52000000000004
207765664,356787,84346088,143.67,5,2023-11-06,2023-11-11,Shipped,Debit Card,718.3499999999999,2023-11,Nov,2023,11,Electronics,Mechanical Keyboard,38.72,524.7499999999999
572775194,216739,18357162,108.8,5,2024-01-29,2024-01-30,Shipped,Apple Pay,544.0,2024-01,Jan,2024,1,Electronics,Smart Watch,36.99,359.04999999999995
207064620,207473,97260863,60.18,1,2024-12-11,2024-12-13,Cancelled,Google Pay,60.18,2024-12,Dec,2024,12,Clothing,Graphic Tee,66.43,-6.250000000000007
664735673,191161,19255216,104.35,1,2024-09-02,2024-09-06,Returned,Apple Pay,104.35,2024-09,Sep,2024,9,Home & Kitchen,Coffee Maker,50.5,53.849999999999994
590622789,877572,88961459,208.79,5,2024-09-04,2024-09-05,Returned,Apple Pay,1043.95,2024-09,Sep,2024,9,Electronics,USB-C Hub,46.28,812.5500000000001
116479358,356787,99115205,73.1,2,2023-03-04,2023-03-05,Processing,Credit Card,146.2,2023-03,Mar,2023,3,Electronics,Mechanical Keyboard,38.72,68.75999999999999
875718152,216739,43183955,123.08,5,2024-06-28,2024-07-01,Shipped,Debit Card,615.4,2024-06,Jun,2024,6,Electronics,Smart Watch,36.99,430.44999999999993
254785699,877572,19317495,240.35,3,2023-11-03,2023-11-08,Shipped,PayPal,721.05,2023-11,Nov,2023,11,Electronics,USB-C Hub,46.28,582.2099999999999
540211187,216739,74893936,255.8,3,2024-06-06,2024-06-10,Delivered,PayPal,767.4000000000001,2024-06,Jun,2024,6,Electronics,Smart Watch,36.99,656.4300000000001
803066091,719176,66792612,172.4,3,2023-01-01,2023-01-07,Delivered,PayPal,517.2,2023-01,Jan,2023,1,Home & Kitchen,Cast Iron Pan,90.67,245.19000000000005
265744099,877572,84270583,191.3,4,2024-08-27,2024-08-31,Shipped,Apple Pay,765.2,2024-08,Aug,2024,8,Electronics,USB-C Hub,46.28,580.08
180346223,334053,59529086,50.32,5,2023-06-27,2023-07-01,Shipped,PayPal,251.6,2023-06,Jun,2023,6,Electronics,Webcam HD,13.0,186.6
604111692,191161,41774346,48.93,1,2024-11-17,2024-11-19,Cancelled,Credit Card,48.93,2024-11,Nov,2024,11,Home & Kitchen,Coffee Maker,50.5,-1.5700000000000003
939156387,126225,12621534,292.73,2,2024-11-04,2024-11-08,Delivered,Debit Card,585.46,2024-11,Nov,2024,11,Electronics,Bluetooth Speaker,22.88,539.7
384566044,809570,79967676,279.78,5,2024-12-13,2024-12-18,Delivered,Apple Pay,1398.8999999999999,2024-12,Dec,2024,12,Clothing,Hoodie,111.42,841.7999999999998
463527356,872246,73709724,75.45,4,2024-01-29,2024-02-01,Processing,Credit Card,301.8,2024-01,Jan,2024,1,Clothing,Denim Jeans,29.09,185.44
769219685,207473,21432787,155.49,4,2023-08-31,2023-09-06,Processing,Google Pay,621.96,2023-08,Aug,2023,8,Clothing,Graphic Tee,66.43,356.24
843785903,770487,31980274,116.88,5,2024-05-09,2024-05-15,Shipped,Credit Card,584.4,2024-05,May,2024,5,Electronics,Wireless Headphones,27.87,445.04999999999995
526794469,126225,44917589,159.91,5,2023-10-14,2023-10-18,Processing,Credit Card,799.55,2023-10,Oct,2023,10,Electronics,Bluetooth Speaker,22.88,685.15
797756796,877572,70467027,32.63,5,2024-11-10,2024-11-16,Returned,Google Pay,163.15,2024-11,Nov,2024,11,Electronics,USB-C Hub,46.28,-68.25
186237917,388389,44188276,13.12,4,2024-07-01,2024-07-08,Processing,Apple Pay,52.48,2024-07,Jul,2024,7,Electronics,Laptop Stand,88.92,-303.2
452794611,207473,42747037,95.43,2,2023-12-28,2024-01-04,Delivered,Google Pay,190.86,2023-12,Dec,2023,12,Clothing,Graphic Tee,66.43,58.0
824085842,126225,68800797,177.65,5,2024-10-06,2024-10-10,Delivered,PayPal,888.25,2024-10,Oct,2024,10,Electronics,Bluetooth Speaker,22.88,773.85
672972597,671858,81182864,33.92,5,2023-10-21,2023-10-25,Delivered,PayPal,169.60000000000002,2023-10,Oct,2023,10,Home & Kitchen,Air Fryer,110.01,-380.45000000000005
508031980,126225,15614174,225.0,5,2023-09-21,2023-09-22,Delivered,Google Pay,1125.0,2023-09,Sep,2023,9,Electronics,Bluetooth Speaker,22.88,1010.6
440012324,877572,66431351,236.92,2,2023-06-29,2023-07-02,Shipped,Debit Card,473.84,2023-06,Jun,2023,6,Electronics,USB-C Hub,46.28,381.28
773020489,671858,25014631,290.52,5,2023-12-18,2023-12-19,Returned,Debit Card,1452.6,2023-12,Dec,2023,12,Home & Kitchen,Air Fryer,110.01,902.5499999999998
871716956,191161,19774839,201.58,2,2024-01-28,2024-01-30,Delivered,Google Pay,403.16,2024-01,Jan,2024,1,Home & Kitchen,Coffee Maker,50.5,302.16
915401487,876646,38427073,229.08,1,2024-10-19,2024-10-22,Delivered,Debit Card,229.08,2024-10,Oct,2024,10,Clothing,Cargo Shorts,8.69,220.39000000000001
623929617,126225,65682626,120.13,4,2024-06-29,2024-07-01,Shipped,PayPal,480.52,2024-06,Jun,2024,6,Electronics,Bluetooth Speaker,22.88,389.0
680911523,126225,71265269,278.88,4,2023-01-13,2023-01-16,Shipped,PayPal,1115.52,2023-01,Jan,2023,1,Electronics,Bluetooth Speaker,22.88,1024.0
138546365,872246,75228535,194.84,4,2023-04-10,2023-04-15,Processing,PayPal,779.36,2023-04,Apr,2023,4,Clothing,Denim Jeans,29.09,663.0
762992051,770487,27558317,123.42,2,2024-11-01,2024-11-06,Cancelled,Google Pay,246.84,2024-11,Nov,2024,11,Electronics,Wireless Headphones,27.87,191.1
173466219,126225,35848226,100.84,1,2024-12-07,2024-12-09,Cancelled,Credit Card,100.84,2024-12,Dec,2024,12,Electronics,Bluetooth Speaker,22.88,77.96000000000001
352082631,877572,22660194,208.78,3,2024-06-21,2024-06-22,Delivered,PayPal,626.34,2024-06,Jun,2024,6,Electronics,USB-C Hub,46.28,487.5
777703980,770487,47437115,282.16,2,2023-04-05,2023-04-06,Processing,Credit Card,564.32,2023-04,Apr,2023,4,Electronics,Wireless Headphones,27.87,508.58000000000004
834868441,876646,99788677,119.02,5,2024-09-11,2024-09-13,Returned,Debit Card,595.1,2024-09,Sep,2024,9,Clothing,Cargo Shorts,8.69,551.65
408570854,216739,10475894,201.53,1,2023-10-29,2023-11-02,Cancelled,Apple Pay,201.53,2023-10,Oct,2023,10,Electronics,Smart Watch,36.99,164.54
344261532,719176,49092160,271.97,3,2024-03-13,2024-03-19,Delivered,Debit Card,815.9100000000001,2024-03,Mar,2024,3,Home & Kitchen,Cast Iron Pan,90.67,543.9000000000001
901834280,770487,67698610,298.82,3,2024-02-02,2024-02-05,Returned,PayPal,896.46,2024-02,Feb,2024,2,Electronics,Wireless Headphones,27.87,812.85
197044071,126225,57212267,123.85,4,2023-07-25,2023-07-30,Delivered,Debit Card,495.4,2023-07,Jul,2023,7,Electronics,Bluetooth Speaker,22.88,403.88
565973314,872246,31172421,40.8,4,2024-09-20,2024-09-26,Cancelled,PayPal,163.2,2024-09,Sep,2024,9,Clothing,Denim Jeans,29.09,46.83999999999999
205702499,770487,13446499,139.3,4,2023-09-14,2023-09-21,Delivered,Credit Card,557.2,2023-09,Sep,2023,9,Electronics,Wireless Headphones,27.87,445.72
916440738,877572,30005727,105.64,4,2023-06-05,2023-06-11,Processing,Credit Card,422.56,2023-06,Jun,2023,6,Electronics,USB-C Hub,46.28,237.44
780481547,872246,41068214,136.45,1,2024-05-17,2024-05-21,Processing,Debit Card,136.45,2024-05,May,2024,5,Clothing,Denim Jeans,29.09,107.35999999999999
855797020,877572,47385696,281.15,3,2024-08-03,2024-08-08,Delivered,PayPal,843.4499999999999,2024-08,Aug,2024,8,Electronics,USB-C Hub,46.28,704.6099999999999
207918827,770487,49682169,288.66,1,2024-07-01,2024-07-08,Returned,Apple Pay,288.66,2024-07,Jul,2024,7,Electronics,Wireless Headphones,27.87,260.79
576396216,671858,84514489,170.79,4,2023-07-27,2023-07-29,Cancelled,Debit Card,683.16,2023-07,Jul,2023,7,Home & Kitchen,Air Fryer,110.01,243.11999999999995
278632824,388389,97705310,114.18,1,2024-10-07,2024-10-13,Cancelled,Apple Pay,114.18,2024-10,Oct,2024,10,Electronics,Laptop Stand,88.92,25.260000000000005
845178074,770487,52169044,298.94,2,2023-01-26,2023-02-01,Shipped,Apple Pay,597.88,2023-01,Jan,2023,1,Electronics,Wireless Headphones,27.87,542.14
421549249,216739,35643159,164.83,4,2023-11-12,2023-11-16,Delivered,Credit Card,659.32,2023-11,Nov,2023,11,Electronics,Smart Watch,36.99,511.36
131081879,770487,36726767,244.05,5,2023-05-02,2023-05-04,Shipped,Google Pay,1220.25,2023-05,May,2023,5,Electronics,Wireless Headphones,27.87,1080.9
149382425,126225,25492573,223.27,4,2023-03-15,2023-03-16,Cancelled,Credit Card,893.08,2023-03,Mar,2023,3,Electronics,Bluetooth Speaker,22.88,801.5600000000001
448294647,246316,21631697,213.37,2,2023-02-16,2023-02-18,Delivered,Debit Card,426.74,2023-02,Feb,2023,2,Clothing,Running Jacket,48.71,329.32
954852540,126225,35556386,59.49,5,2024-04-12,2024-04-17,Delivered,Credit Card,297.45,2024-04,Apr,2024,4,Electronics,Bluetooth Speaker,22.88,183.05
160257560,216739,46023439,243.28,4,2023-08-14,2023-08-15,Delivered,Apple Pay,973.12,2023-08,Aug,2023,8,Electronics,Smart Watch,36.99,825.16
415001254,216739,63643924,23.21,2,2023-08-07,2023-08-14,Delivered,Credit Card,46.42,2023-08,Aug,2023,8,Electronics,Smart Watch,36.99,-27.560000000000002
484897084,877572,78159587,170.48,4,2024-12-14,2024-12-17,Delivered,Google Pay,681.92,2024-12,Dec,2024,12,Electronics,USB-C Hub,46.28,496.79999999999995
502482554,877572,93893865,265.08,1,2023-06-11,2023-06-12,Delivered,Credit Card,265.08,2023-06,Jun,2023,6,Electronics,USB-C Hub,46.28,218.79999999999998
562446417,126225,75884623,267.2,4,2024-10-29,2024-11-03,Cancelled,Apple Pay,1068.8,2024-10,Oct,2024,10,Electronics,Bluetooth Speaker,22.88,977.28
256304376,216739,84597009,140.61,2,2023-10-05,2023-10-10,Delivered,Google Pay,281.22,2023-10,Oct,2023,10,Electronics,Smart Watch,36.99,207.24
362204999,216739,43887075,285.58,3,2024-05-26,2024-05-31,Delivered,Apple Pay,856.74,2024-05,May,2024,5,Electronics,Smart Watch,36.99,745.77
670335494,770487,99889098,293.26,5,2023-05-01,2023-05-06,Delivered,Google Pay,1466.3,2023-05,May,2023,5,Electronics,Wireless Headphones,27.87,1326.95
542437192,216739,58942697,42.67,2,2023-02-24,2023-02-26,Cancelled,Apple Pay,85.34,2023-02,Feb,2023,2,Electronics,Smart Watch,36.99,11.36
707660630,770487,38427073,92.66,4,2024-10-22,2024-10-25,Delivered,PayPal,370.64,2024-10,Oct,2024,10,Electronics,Wireless Headphones,27.87,259.15999999999997
832077572,207473,31079846,40.27,1,2024-04-09,2024-04-10,Processing,Debit Card,40.27,2024-04,Apr,2024,4,Clothing,Graphic Tee,66.43,-26.160000000000004
950961305,126225,62274692,30.54,2,2024-06-11,2024-06-12,Cancelled,Apple Pay,61.08,2024-06,Jun,2024,6,Electronics,Bluetooth Speaker,22.88,15.32
293334613,207473,76354180,206.28,3,2023-07-23,2023-07-29,Delivered,Credit Card,618.84,2023-07,Jul,2023,7,Clothing,Graphic Tee,66.43,419.55
282518553,216739,93002706,67.98,2,2024-02-27,2024-03-05,Delivered,Apple Pay,135.96,2024-02,Feb,2024,2,Electronics,Smart Watch,36.99,61.980000000000004
287979290,207473,27896471,279.08,4,2023-05-29,2023-05-31,Delivered,Apple Pay,1116.32,2023-05,May,2023,5,Clothing,Graphic Tee,66.43,850.5999999999999
184791618,216739,75437844,68.63,2,2024-01-03,2024-01-06,Delivered,Google Pay,137.26,2024-01,Jan,2024,1,Electronics,Smart Watch,36.99,63.27999999999999
754436820,770487,55076693,59.64,3,2024-04-14,2024-04-18,Delivered,PayPal,178.92000000000002,2024-04,Apr,2024,4,Electronics,Wireless Headphones,27.87,95.31000000000002
510753814,216739,20200074,76.6,4,2024-07-20,2024-07-27,Returned,Google Pay,306.4,2024-07,Jul,2024,7,Electronics,Smart Watch,36.99,158.43999999999997
765408938,246316,59597086,252.72,3,2024-08-28,2024-09-01,Delivered,Apple Pay,758.16,2024-08,Aug,2024,8,Clothing,Running Jacket,48.71,612.03
833510170,876646,16818112,178.04,5,2023-12-02,2023-12-06,Delivered,Google Pay,890.1999999999999,2023-12,Dec,2023,12,Clothing,Cargo Shorts,8.69,846.7499999999999
358589021,770487,21496211,232.89,1,2024-04-26,2024-05-02,Shipped,Google Pay,232.89,2024-04,Apr,2024,4,Electronics,Wireless Headphones,27.87,205.01999999999998
634366139,334053,11898961,153.62,1,2023-04-11,2023-04-15,Processing,Credit Card,153.62,2023-04,Apr,2023,4,Electronics,Webcam HD,13.0,140.62
726160204,876646,31172421,95.77,1,2023-05-16,2023-05-19,Delivered,Apple Pay,95.77,2023-05,May,2023,5,Clothing,Cargo Shorts,8.69,87.08
253671484,877572,87669750,293.15,4,2024-08-20,2024-08-21,Returned,Debit Card,1172.6,2024-08,Aug,2024,8,Electronics,USB-C Hub,46.28,987.4799999999999
349310440,191161,98231132,144.64,1,2024-01-15,2024-01-21,Returned,Credit Card,144.64,2024-01,Jan,2024,1,Home & Kitchen,Coffee Maker,50.5,94.13999999999999
595155950,334053,90070438,96.0,3,2024-06-27,2024-06-28,Cancelled,Google Pay,288.0,2024-06,Jun,2024,6,Electronics,Webcam HD,13.0,249.0
784944881,872246,19832887,189.92,3,2024-12-02,2024-12-03,Cancelled,Credit Card,569.76,2024-12,Dec,2024,12,Clothing,Denim Jeans,29.09,482.49
372706093,872246,43742830,42.17,3,2024-01-08,2024-01-09,Shipped,Google Pay,126.51,2024-01,Jan,2024,1,Clothing,Denim Jeans,29.09,39.24000000000001
593460064,216739,84514489,29.42,2,2024-07-26,2024-08-01,Delivered,PayPal,58.84,2024-07,Jul,2024,7,Electronics,Smart Watch,36.99,-15.14
374154962,877572,42255732,282.34,5,2024-05-04,2024-05-10,Returned,Debit Card,1411.6999999999998,2024-05,May,2024,5,Electronics,USB-C Hub,46.28,1180.2999999999997
816014770,671858,11049999,270.39,5,2023-11-25,2023-11-28,Cancelled,Apple Pay,1351.9499999999998,2023-11,Nov,2023,11,Home & Kitchen,Air Fryer,110.01,801.8999999999997
110090412,126225,68526649,155.41,1,2024-04-08,2024-04-12,Shipped,Google Pay,155.41,2024-04,Apr,2024,4,Electronics,Bluetooth Speaker,22.88,132.53
963968184,809570,13326769,116.75,1,2024-04-07,2024-04-12,Delivered,Apple Pay,116.75,2024-04,Apr,2024,4,Clothing,Hoodie,111.42,5.329999999999998
599561877,216739,41774346,57.77,1,2023-03-20,2023-03-21,Cancelled,Debit Card,57.77,2023-03,Mar,2023,3,Electronics,Smart Watch,36.99,20.78
408842146,216739,96268397,95.01,5,2024-10-04,2024-10-05,Delivered,Apple Pay,475.05,2024-10,Oct,2024,10,Electronics,Smart Watch,36.99,290.1
827579147,356787,93002706,94.53,1,2024-10-22,2024-10-23,Delivered,Debit Card,94.53,2024-10,Oct,2024,10,Electronics,Mechanical Keyboard,38.72,55.81
686905284,191161,42394260,177.81,3,2023-12-10,2023-12-14,Shipped,Google Pay,533.4300000000001,2023-12,Dec,2023,12,Home & Kitchen,Coffee Maker,50.5,381.93000000000006
269625036,809570,14164775,98.17,2,2024-03-31,2024-04-04,Returned,PayPal,196.34,2024-03,Mar,2024,3,Clothing,Hoodie,111.42,-26.5
179308612,126225,84437458,291.5,1,2024-05-10,2024-05-13,Delivered,PayPal,291.5,2024-05,May,2024,5,Electronics,Bluetooth Speaker,22.88,268.62
574303740,388389,31130263,216.42,3,2024-09-25,2024-09-27,Delivered,Debit Card,649.26,2024-09,Sep,2024,9,Electronics,Laptop Stand,88.92,382.5
471048258,191161,56138336,78.98,1,2023-06-07,2023-06-09,Delivered,Google Pay,78.98,2023-06,Jun,2023,6,Home & Kitchen,Coffee Maker,50.5,28.480000000000004
730900313,126225,66431351,173.11,1,2023-07-08,2023-07-10,Cancelled,PayPal,173.11,2023-07,Jul,2023,7,Electronics,Bluetooth Speaker,22.88,150.23000000000002
421214426,877572,12601580,97.44,1,2023-06-16,2023-06-21,Shipped,Apple Pay,97.44,2023-06,Jun,2023,6,Electronics,USB-C Hub,46.28,51.16
786055206,877572,96098221,291.33,5,2023-06-09,2023-06-10,Processing,PayPal,1456.6499999999999,2023-06,Jun,2023,6,Electronics,USB-C Hub,46.28,1225.2499999999998
555598254,809570,38716269,294.39,5,2023-10-24,2023-10-31,Cancelled,Debit Card,1471.9499999999998,2023-10,Oct,2023,10,Clothing,Hoodie,111.42,914.8499999999998
841218491,671858,52587010,42.56,4,2023-12-13,2023-12-19,Delivered,Debit Card,170.24,2023-12,Dec,2023,12,Home & Kitchen,Air Fryer,110.01,-269.8
368540924,809570,50962024,189.07,2,2023-01-26,2023-01-30,Shipped,PayPal,378.14,2023-01,Jan,2023,1,Clothing,Hoodie,111.42,155.29999999999998
590523712,216739,90585882,236.56,3,2024-06-23,2024-06-25,Delivered,Credit Card,709.6800000000001,2024-06,Jun,2024,6,Electronics,Smart Watch,36.99,598.71
424400672,216739,67276174,287.7,5,2024-11-24,2024-11-30,Shipped,Debit Card,1438.5,2024-11,Nov,2024,11,Electronics,Smart Watch,36.99,1253.55
313907621,770487,56138336,52.89,4,2024-01-05,2024-01-09,Delivered,Apple Pay,211.56,2024-01,Jan,2024,1,Electronics,Wireless Headphones,27.87,100.08
513061224,126225,67887757,263.54,1,2023-11-12,2023-11-16,Delivered,Apple Pay,263.54,2023-11,Nov,2023,11,Electronics,Bluetooth Speaker,22.88,240.66000000000003
618840705,876646,69401199,243.64,4,2023-10-23,2023-10-25,Cancelled,Apple Pay,974.56,2023-10,Oct,2023,10,Clothing,Cargo Shorts,8.69,939.8
214518079,126225,75793759,70.25,4,2023-03-30,2023-04-01,Returned,Google Pay,281.0,2023-03,Mar,2023,3,Electronics,Bluetooth Speaker,22.88,189.48000000000002
354697684,877572,38754377,195.24,3,2023-01-07,2023-01-11,Shipped,Debit Card,585.72,2023-01,Jan,2023,1,Electronics,USB-C Hub,46.28,446.88
509486794,872246,31980274,63.93,4,2023-05-21,2023-05-23,Delivered,Google Pay,255.72,2023-05,May,2023,5,Clothing,Denim Jeans,29.09,139.36
714097318,126225,85958181,172.18,4,2023-11-08,2023-11-12,Delivered,Credit Card,688.72,2023-11,Nov,2023,11,Electronics,Bluetooth Speaker,22.88,597.2
485429460,126225,24508349,194.59,1,2024-10-17,2024-10-24,Cancelled,PayPal,194.59,2024-10,Oct,2024,10,Electronics,Bluetooth Speaker,22.88,171.71
717199615,216739,90388981,90.38,1,2023-05-03,2023-05-10,Processing,PayPal,90.38,2023-05,May,2023,5,Electronics,Smart Watch,36.99,53.38999999999999
417690559,207473,27896471,208.9,1,2023-09-22,2023-09-28,Delivered,Google Pay,208.9,2023-09,Sep,2023,9,Clothing,Graphic Tee,66.43,142.47
850845198,876646,69302158,26.96,3,2023-06-16,2023-06-21,Shipped,Debit Card,80.88,2023-06,Jun,2023,6,Clothing,Cargo Shorts,8.69,54.809999999999995
417001612,126225,51511484,274.5,3,2024-03-05,2024-03-11,Delivered,PayPal,823.5,2024-03,Mar,2024,3,Electronics,Bluetooth Speaker,22.88,754.86
123557463,388389,94705205,232.26,2,2024-06-10,2024-06-12,Returned,Credit Card,464.52,2024-06,Jun,2024,6,Electronics,Laptop Stand,88.92,286.67999999999995
991246046,207473,40094589,101.69,3,2023-11-27,2023-12-04,Delivered,PayPal,305.07,2023-11,Nov,2023,11,Clothing,Graphic Tee,66.43,105.77999999999997
806768884,216739,19391725,49.71,3,2023-05-28,2023-05-29,Delivered,Apple Pay,149.13,2023-05,May,2023,5,Electronics,Smart Watch,36.99,38.16
524993183,216739,57553014,155.97,2,2023-08-12,2023-08-14,Returned,Google Pay,311.94,2023-08,Aug,2023,8,Electronics,Smart Watch,36.99,237.95999999999998
394721069,207473,16749089,169.81,1,2024-06-28,2024-07-04,Shipped,Apple Pay,169.81,2024-06,Jun,2024,6,Clothing,Graphic Tee,66.43,103.38
108695125,216739,93926371,100.35,3,2024-05-06,2024-05-09,Delivered,Apple Pay,301.04999999999995,2024-05,May,2024,5,Electronics,Smart Watch,36.99,190.07999999999996
707661655,719176,28213276,215.86,1,2023-12-17,2023-12-19,Cancelled,Credit Card,215.86,2023-12,Dec,2023,12,Home & Kitchen,Cast Iron Pan,90.67,125.19000000000001
836371599,216739,90099897,46.34,2,2023-08-21,2023-08-24,Delivered,Apple Pay,92.68,2023-08,Aug,2023,8,Electronics,Smart Watch,36.99,18.700000000000003
935705734,876646,55540424,234.65,4,2023-03-21,2023-03-22,Delivered,Debit Card,938.6,2023-03,Mar,2023,3,Clothing,Cargo Shorts,8.69,903.84
899582079,770487,28572252,22.54,3,2023-05-02,2023-05-05,Cancelled,Credit Card,67.62,2023-05,May,2023,5,Electronics,Wireless Headphones,27.87,-15.989999999999995
152660856,770487,95306788,271.33,2,2023-07-30,2023-08-04,Cancelled,PayPal,542.66,2023-07,Jul,2023,7,Electronics,Wireless Headphones,27.87,486.91999999999996
751124015,126225,94187049,56.55,5,2023-12-23,2023-12-26,Returned,Google Pay,282.75,2023-12,Dec,2023,12,Electronics,Bluetooth Speaker,22.88,168.35000000000002
900122509,877572,55377076,177.65,1,2023-04-12,2023-04-19,Processing,Debit Card,177.65,2023-04,Apr,2023,4,Electronics,USB-C Hub,46.28,131.37
633356861,126225,19196777,292.33,1,2024-07-04,2024-07-05,Delivered,Google Pay,292.33,2024-07,Jul,2024,7,Electronics,Bluetooth Speaker,22.88,269.45
994253959,191161,84411983,63.68,1,2024-12-15,2024-12-20,Delivered,PayPal,63.68,2024-12,Dec,2024,12,Home & Kitchen,Coffee Maker,50.5,13.18
407298630,334053,13619375,42.72,3,2023-08-22,2023-08-26,Delivered,Apple Pay,128.16,2023-08,Aug,2023,8,Electronics,Webcam HD,13.0,89.16
932945529,216739,82238741,93.59,1,2024-01-05,2024-01-11,Delivered,PayPal,93.59,2024-01,Jan,2024,1,Electronics,Smart Watch,36.99,56.6
957769526,126225,75041510,100.47,4,2024-09-06,2024-09-12,Delivered,Google Pay,401.88,2024-09,Sep,2024,9,Electronics,Bluetooth Speaker,22.88,310.36
347087743,877572,52462441,242.7,3,2023-03-13,2023-03-20,Delivered,Credit Card,728.0999999999999,2023-03,Mar,2023,3,Electronics,USB-C Hub,46.28,589.2599999999999
751831074,809570,72682989,161.56,1,2024-02-10,2024-02-14,Delivered,Debit Card,161.56,2024-02,Feb,2024,2,Clothing,Hoodie,111.42,50.14
961067882,334053,98787891,278.32,2,2023-04-15,2023-04-21,Delivered,PayPal,556.64,2023-04,Apr,2023,4,Electronics,Webcam HD,13.0,530.64
478301747,877572,72092888,133.15,4,2023-08-27,2023-09-03,Delivered,Google Pay,532.6,2023-08,Aug,2023,8,Electronics,USB-C Hub,46.28,347.48
335154329,877572,52133044,184.91,4,2024-05-02,2024-05-08,Shipped,Google Pay,739.64,2024-05,May,2024,5,Electronics,USB-C Hub,46.28,554.52
783563240,877572,96728778,151.9,2,2023-05-06,2023-05-09,Cancelled,Debit Card,303.8,2023-05,May,2023,5,Electronics,USB-C Hub,46.28,211.24
304152670,770487,55377076,17.75,2,2024-05-25,2024-05-31,Shipped,Google Pay,35.5,2024-05,May,2024,5,Electronics,Wireless Headphones,27.87,-20.240000000000002
766676815,126225,42730796,230.44,5,2024-09-30,2024-10-01,Returned,Apple Pay,1152.2,2024-09,Sep,2024,9,Electronics,Bluetooth Speaker,22.88,1037.8
369108475,671858,34073380,152.16,3,2024-11-08,2024-11-12,Processing,PayPal,456.48,2024-11,Nov,2024,11,Home & Kitchen,Air Fryer,110.01,126.44999999999999
827744047,671858,97477029,19.15,4,2023-01-19,2023-01-26,Delivered,Apple Pay,76.6,2023-01,Jan,2023,1,Home & Kitchen,Air Fryer,110.01,-363.44000000000005
911294971,877572,69401199,19.52,5,2024-04-15,2024-04-16,Cancelled,PayPal,97.6,2024-04,Apr,2024,4,Electronics,USB-C Hub,46.28,-133.8
874090950,719176,57212267,100.6,4,2024-03-17,2024-03-19,Shipped,Credit Card,402.4,2024-03,Mar,2024,3,Home & Kitchen,Cast Iron Pan,90.67,39.71999999999997
924065468,207473,51098277,166.41,4,2024-07-21,2024-07-27,Shipped,Google Pay,665.64,2024-07,Jul,2024,7,Clothing,Graphic Tee,66.43,399.91999999999996
807790785,770487,78608612,181.39,4,2023-09-27,2023-10-01,Processing,PayPal,725.56,2023-09,Sep,2023,9,Electronics,Wireless Headphones,27.87,614.0799999999999
831062591,671858,78371272,181.22,2,2023-03-04,2023-03-05,Returned,PayPal,362.44,2023-03,Mar,2023,3,Home & Kitchen,Air Fryer,110.01,142.42
246865585,356787,90585882,268.48,3,2023-01-28,2023-02-04,Shipped,Credit Card,805.44,2023-01,Jan,2023,1,Electronics,Mechanical Keyboard,38.72,689.2800000000001
774576271,126225,92043803,201.75,2,2023-12-26,2023-12-27,Delivered,PayPal,403.5,2023-12,Dec,2023,12,Electronics,Bluetooth Speaker,22.88,357.74
204328975,770487,36786211,59.23,5,2023-04-28,2023-05-01,Delivered,Credit Card,296.15,2023-04,Apr,2023,4,Electronics,Wireless Headphones,27.87,156.79999999999998
773728014,246316,29806690,271.4,3,2024-08-04,2024-08-09,Delivered,Apple Pay,814.1999999999999,2024-08,Aug,2024,8,Clothing,Running Jacket,48.71,668.0699999999999
794002948,126225,83542887,103.49,1,2024-08-07,2024-08-11,Returned,Apple Pay,103.49,2024-08,Aug,2024,8,Electronics,Bluetooth Speaker,22.88,80.61
142329671,216739,85563727,155.79,3,2023-12-11,2023-12-15,Delivered,Google Pay,467.37,2023-12,Dec,2023,12,Electronics,Smart Watch,36.99,356.4
431714152,877572,19736572,255.72,1,2024-05-23,2024-05-29,Returned,Google Pay,255.72,2024-05,May,2024,5,Electronics,USB-C Hub,46.28,209.44
946764061,770487,43308443,243.32,5,2024-08-10,2024-08-14,Cancelled,Credit Card,1216.6,2024-08,Aug,2024,8,Electronics,Wireless Headphones,27.87,1077.25
573330302,876646,73481353,89.27,5,2024-08-29,2024-09-01,Returned,Google Pay,446.34999999999997,2024-08,Aug,2024,8,Clothing,Cargo Shorts,8.69,402.9
135824891,246316,79782527,248.87,5,2023-03-20,2023-03-26,Returned,PayPal,1244.35,2023-03,Mar,2023,3,Clothing,Running Jacket,48.71,1000.8
722312633,334053,35921441,126.66,5,2023-07-24,2023-07-28,Processing,Apple Pay,633.3,2023-07,Jul,2023,7,Electronics,Webcam HD,13.0,568.3
491766764,809570,89795010,213.96,2,2023-01-20,2023-01-26,Processing,Apple Pay,427.92,2023-01,Jan,2023,1,Clothing,Hoodie,111.42,205.08
886365312,877572,69421007,281.77,5,2024-04-23,2024-04-26,Returned,Google Pay,1408.85,2024-04,Apr,2024,4,Electronics,USB-C Hub,46.28,1177.4499999999998
241102355,191161,26288475,191.75,5,2024-08-02,2024-08-08,Delivered,PayPal,958.75,2024-08,Aug,2024,8,Home & Kitchen,Coffee Maker,50.5,706.25
196779973,216739,50987442,97.07,4,2024-12-02,2024-12-09,Shipped,PayPal,388.28,2024-12,Dec,2024,12,Electronics,Smart Watch,36.99,240.31999999999996
416872439,191161,26240908,255.32,3,2024-10-11,2024-10-13,Returned,PayPal,765.96,2024-10,Oct,2024,10,Home & Kitchen,Coffee Maker,50.5,614.46
450811990,216739,36726767,53.48,1,2023-09-02,2023-09-03,Delivered,PayPal,53.48,2023-09,Sep,2023,9,Electronics,Smart Watch,36.99,16.489999999999995
902601465,246316,27896471,272.63,2,2024-03-08,2024-03-14,Delivered,PayPal,545.26,2024-03,Mar,2024,3,Clothing,Running Jacket,48.71,447.84
546143048,126225,42655866,196.84,1,2024-07-17,2024-07-19,Cancelled,Apple Pay,196.84,2024-07,Jul,2024,7,Electronics,Bluetooth Speaker,22.88,173.96
288592093,770487,63481198,261.47,4,2024-09-08,2024-09-11,Delivered,Credit Card,1045.88,2024-09,Sep,2024,9,Electronics,Wireless Headphones,27.87,934.4000000000001
315601773,334053,87446468,42.45,5,2023-05-24,2023-05-26,Delivered,Google Pay,212.25,2023-05,May,2023,5,Electronics,Webcam HD,13.0,147.25
241905500,809570,19553585,153.96,1,2024-06-21,2024-06-24,Delivered,Google Pay,153.96,2024-06,Jun,2024,6,Clothing,Hoodie,111.42,42.540000000000006
944511703,216739,35921441,179.44,4,2023-12-04,2023-12-11,Returned,Debit Card,717.76,2023-12,Dec,2023,12,Electronics,Smart Watch,36.99,569.8
679184667,719176,62401521,72.08,3,2023-04-20,2023-04-22,Shipped,Apple Pay,216.24,2023-04,Apr,2023,4,Home & Kitchen,Cast Iron Pan,90.67,-55.76999999999998
492836532,388389,36998038,118.65,1,2024-05-17,2024-05-22,Delivered,Google Pay,118.65,2024-05,May,2024,5,Electronics,Laptop Stand,88.92,29.730000000000004
669998399,334053,43704923,281.71,3,2023-10-12,2023-10-19,Shipped,PayPal,845.1299999999999,2023-10,Oct,2023,10,Electronics,Webcam HD,13.0,806.1299999999999
638798023,770487,80138498,282.84,2,2024-11-09,2024-11-16,Delivered,Google Pay,565.68,2024-11,Nov,2024,11,Electronics,Wireless Headphones,27.87,509.93999999999994
392624015,126225,47111151,261.41,4,2023-05-05,2023-05-10,Shipped,Credit Card,1045.64,2023-05,May,2023,5,Electronics,Bluetooth Speaker,22.88,954.1200000000001
991713190,719176,27558317,281.52,2,2023-11-05,2023-11-06,Delivered,Debit Card,563.04,2023-11,Nov,2023,11,Home & Kitchen,Cast Iron Pan,90.67,381.69999999999993
276678230,191161,81287314,265.04,4,2024-10-08,2024-10-11,Returned,Credit Card,1060.16,2024-10,Oct,2024,10,Home & Kitchen,Coffee Maker,50.5,858.1600000000001
375919523,388389,98742485,223.7,3,2024-05-18,2024-05-22,Cancelled,Apple Pay,671.0999999999999,2024-05,May,2024,5,Electronics,Laptop Stand,88.92,404.3399999999999
985503942,719176,98447167,85.67,1,2023-06-14,2023-06-20,Delivered,Apple Pay,85.67,2023-06,Jun,2023,6,Home & Kitchen,Cast Iron Pan,90.67,-5.0
617380166,207473,15403355,211.6,1,2023-12-01,2023-12-05,Cancelled,Debit Card,211.6,2023-12,Dec,2023,12,Clothing,Graphic Tee,66.43,145.17
965960427,809570,11362459,126.18,3,2023-05-20,2023-05-21,Delivered,Google Pay,378.54,2023-05,May,2023,5,Clothing,Hoodie,111.42,44.28000000000003
416905717,216739,89442503,250.87,2,2024-12-31,2025-01-07,Returned,Google Pay,501.74,2024-12,Dec,2024,12,Electronics,Smart Watch,36.99,427.76
901611993,809570,96098221,263.31,2,2024-04-07,2024-04-11,Delivered,Debit Card,526.62,2024-04,Apr,2024,4,Clothing,Hoodie,111.42,303.78
463692735,809570,33966966,34.47,3,2023-10-16,2023-10-18,Delivered,Apple Pay,103.41,2023-10,Oct,2023,10,Clothing,Hoodie,111.42,-230.85
963538119,216739,91734598,197.65,2,2023-01-24,2023-01-29,Delivered,Apple Pay,395.3,2023-01,Jan,2023,1,Electronics,Smart Watch,36.99,321.32
223662532,216739,32162965,134.37,3,2024-02-15,2024-02-20,Delivered,Credit Card,403.11,2024-02,Feb,2024,2,Electronics,Smart Watch,36.99,292.14
602866993,770487,33978249,234.26,4,2024-06-22,2024-06-26,Returned,Apple Pay,937.04,2024-06,Jun,2024,6,Electronics,Wireless Headphones,27.87,825.56
180852074,216739,37415205,226.46,4,2023-09-30,2023-10-03,Delivered,Apple Pay,905.84,2023-09,Sep,2023,9,Electronics,Smart Watch,36.99,757.88
251136695,216739,23796726,131.31,4,2024-11-24,2024-11-26,Returned,Debit Card,525.24,2024-11,Nov,2024,11,Electronics,Smart Watch,36.99,377.28
909763993,126225,30863865,273.12,3,2024-09-24,2024-09-28,Processing,Apple Pay,819.36,2024-09,Sep,2024,9,Electronics,Bluetooth Speaker,22.88,750.72
342251928,216739,54446182,209.18,4,2024-12-10,2024-12-14,Cancelled,Apple Pay,836.72,2024-12,Dec,2024,12,Electronics,Smart Watch,36.99,688.76
826197069,876646,88979095,27.03,3,2023-04-08,2023-04-13,Delivered,Apple Pay,81.09,2023-04,Apr,2023,4,Clothing,Cargo Shorts,8.69,55.02
877621770,770487,55657579,189.69,3,2023-09-17,2023-09-22,Shipped,PayPal,569.0699999999999,2023-09,Sep,2023,9,Electronics,Wireless Headphones,27.87,485.4599999999999
824138175,126225,85694715,62.01,2,2023-02-12,2023-02-17,Processing,Apple Pay,124.02,2023-02,Feb,2023,2,Electronics,Bluetooth Speaker,22.88,78.25999999999999
526717340,877572,22517517,215.96,4,2023-04-02,2023-04-05,Delivered,PayPal,863.84,2023-04,Apr,2023,4,Electronics,USB-C Hub,46.28,678.72
963919401,216739,75529051,114.56,4,2023-10-15,2023-10-21,Delivered,PayPal,458.24,2023-10,Oct,2023,10,Electronics,Smart Watch,36.99,310.28
698409868,207473,25015458,136.36,2,2024-06-13,2024-06-16,Delivered,Apple Pay,272.72,2024-06,Jun,2024,6,Clothing,Graphic Tee,66.43,139.86
492747974,671858,73560289,241.47,1,2024-11-04,2024-11-10,Delivered,Debit Card,241.47,2024-11,Nov,2024,11,Home & Kitchen,Air Fryer,110.01,131.45999999999998
196961971,770487,30244148,214.72,4,2023-09-24,2023-09-26,Delivered,Apple Pay,858.88,2023-09,Sep,2023,9,Electronics,Wireless Headphones,27.87,747.4
948988297,770487,87049595,142.74,1,2024-07-28,2024-08-01,Returned,Debit Card,142.74,2024-07,Jul,2024,7,Electronics,Wireless Headphones,27.87,114.87
523671208,216739,57469942,58.8,5,2023-07-04,2023-07-11,Returned,PayPal,294.0,2023-07,Jul,2023,7,Electronics,Smart Watch,36.99,109.04999999999998
114945047,207473,85958181,299.41,1,2023-08-06,2023-08-11,Processing,Google Pay,299.41,2023-08,Aug,2023,8,Clothing,Graphic Tee,66.43,232.98000000000002
383960237,126225,94705205,154.44,1,2023-09-10,2023-09-17,Delivered,Credit Card,154.44,2023-09,Sep,2023,9,Electronics,Bluetooth Speaker,22.88,131.56
676140134,388389,81922443,118.32,1,2023-05-05,2023-05-09,Returned,PayPal,118.32,2023-05,May,2023,5,Electronics,Laptop Stand,88.92,29.39999999999999
232702394,877572,23769080,141.67,3,2024-11-06,2024-11-10,Processing,Credit Card,425.01,2024-11,Nov,2024,11,Electronics,USB-C Hub,46.28,286.16999999999996
588322781,356787,49491631,104.22,5,2024-09-29,2024-10-03,Delivered,Debit Card,521.1,2024-09,Sep,2024,9,Electronics,Mechanical Keyboard,38.72,327.5
495765839,126225,81969657,30.5,5,2023-02-26,2023-03-04,Shipped,Credit Card,152.5,2023-02,Feb,2023,2,Electronics,Bluetooth Speaker,22.88,38.10000000000001
822443971,216739,41068214,15.94,2,2024-02-13,2024-02-14,Delivered,Apple Pay,31.88,2024-02,Feb,2024,2,Electronics,Smart Watch,36.99,-42.10000000000001
904245086,671858,75575808,44.96,4,2024-10-31,2024-11-02,Returned,Apple Pay,179.84,2024-10,Oct,2024,10,Home & Kitchen,Air Fryer,110.01,-260.20000000000005
821920438,876646,39920292,48.06,1,2024-12-02,2024-12-07,Returned,PayPal,48.06,2024-12,Dec,2024,12,Clothing,Cargo Shorts,8.69,39.370000000000005
381493671,877572,69295515,173.28,4,2024-05-02,2024-05-05,Delivered,Apple Pay,693.12,2024-05,May,2024,5,Electronics,USB-C Hub,46.28,508.0
727666622,216739,26288475,36.94,5,2024-10-07,2024-10-11,Delivered,Apple Pay,184.7,2024-10,Oct,2024,10,Electronics,Smart Watch,36.99,-0.2500000000000284
509123009,216739,82238741,197.69,1,2024-06-23,2024-06-29,Delivered,Apple Pay,197.69,2024-06,Jun,2024,6,Electronics,Smart Watch,36.99,160.7
983063850,877572,24508349,208.44,3,2023-06-02,2023-06-04,Returned,Debit Card,625.3199999999999,2023-06,Jun,2023,6,Electronics,USB-C Hub,46.28,486.4799999999999
785637052,872246,51746937,32.18,1,2023-02-18,2023-02-23,Processing,Credit Card,32.18,2023-02,Feb,2023,2,Clothing,Denim Jeans,29.09,3.09
498866784,872246,42614537,218.88,3,2024-04-20,2024-04-26,Delivered,PayPal,656.64,2024-04,Apr,2024,4,Clothing,Denim Jeans,29.09,569.37
216335741,770487,43374088,62.06,2,2024-11-08,2024-11-12,Returned,Apple Pay,124.12,2024-11,Nov,2024,11,Electronics,Wireless Headphones,27.87,68.38
824600232,126225,63481198,141.94,4,2024-08-24,2024-08-30,Processing,PayPal,567.76,2024-08,Aug,2024,8,Electronics,Bluetooth Speaker,22.88,476.24
351064359,356787,85863473,32.67,5,2023-08-05,2023-08-07,Delivered,Credit Card,163.35000000000002,2023-08,Aug,2023,8,Electronics,Mechanical Keyboard,38.72,-30.24999999999997
606244434,334053,55657579,13.85,4,2024-02-09,2024-02-10,Shipped,Apple Pay,55.4,2024-02,Feb,2024,2,Electronics,Webcam HD,13.0,3.3999999999999986
126870011,191161,88990506,151.14,5,2024-09-08,2024-09-14,Returned,Google Pay,755.6999999999999,2024-09,Sep,2024,9,Home & Kitchen,Coffee Maker,50.5,503.19999999999993
765233376,356787,23492385,243.34,1,2024-11-22,2024-11-26,Delivered,Debit Card,243.34,2024-11,Nov,2024,11,Electronics,Mechanical Keyboard,38.72,204.62
702806585,770487,50569669,17.77,4,2023-07-12,2023-07-19,Cancelled,Debit Card,71.08,2023-07,Jul,2023,7,Electronics,Wireless Headphones,27.87,-40.400000000000006
452194058,216739,99788677,144.38,4,2023-11-05,2023-11-12,Shipped,Credit Card,577.52,2023-11,Nov,2023,11,Electronics,Smart Watch,36.99,429.55999999999995
755070775,216739,40291214,289.51,4,2024-12-20,2024-12-24,Delivered,Apple Pay,1158.04,2024-12,Dec,2024,12,Electronics,Smart Watch,36.99,1010.0799999999999
337691219,126225,24508768,106.81,1,2024-02-06,2024-02-07,Cancelled,Apple Pay,106.81,2024-02,Feb,2024,2,Electronics,Bluetooth Speaker,22.88,83.93
795411453,334053,90010790,222.0,3,2024-08-15,2024-08-20,Delivered,Apple Pay,666.0,2024-08,Aug,2024,8,Electronics,Webcam HD,13.0,627.0
167878777,334053,59737181,272.46,4,2024-09-18,2024-09-24,Delivered,Credit Card,1089.84,2024-09,Sep,2024,9,Electronics,Webcam HD,13.0,1037.84
782259766,126225,30452412,268.92,4,2023-03-07,2023-03-10,Shipped,Credit Card,1075.68,2023-03,Mar,2023,3,Electronics,Bluetooth Speaker,22.88,984.1600000000001
984607950,246316,64549859,212.27,1,2023-12-22,2023-12-26,Delivered,PayPal,212.27,2023-12,Dec,2023,12,Clothing,Running Jacket,48.71,163.56
598503464,126225,99600766,73.7,3,2023-08-26,2023-08-31,Processing,Apple Pay,221.10000000000002,2023-08,Aug,2023,8,Electronics,Bluetooth Speaker,22.88,152.46000000000004
852775879,126225,19943140,288.33,3,2024-12-29,2025-01-02,Returned,Apple Pay,864.99,2024-12,Dec,2024,12,Electronics,Bluetooth Speaker,22.88,796.35
424474225,671858,16729990,91.9,1,2024-09-28,2024-09-30,Cancelled,Apple Pay,91.9,2024-09,Sep,2024,9,Home & Kitchen,Air Fryer,110.01,-18.11
797115550,216739,33640702,240.1,4,2024-05-18,2024-05-19,Delivered,Debit Card,960.4,2024-05,May,2024,5,Electronics,Smart Watch,36.99,812.4399999999999
538404342,877572,50056581,113.53,2,2024-01-03,2024-01-06,Delivered,Google Pay,227.06,2024-01,Jan,2024,1,Electronics,USB-C Hub,46.28,134.5
225279834,770487,91363974,189.08,1,2024-03-16,2024-03-17,Processing,Debit Card,189.08,2024-03,Mar,2024,3,Electronics,Wireless Headphones,27.87,161.21
250084428,126225,93638503,264.53,3,2023-02-17,2023-02-24,Delivered,Google Pay,793.5899999999999,2023-02,Feb,2023,2,Electronics,Bluetooth Speaker,22.88,724.9499999999999
148690765,207473,75884623,241.7,1,2023-02-21,2023-02-25,Delivered,Google Pay,241.7,2023-02,Feb,2023,2,Clothing,Graphic Tee,66.43,175.26999999999998
139956218,207473,57553014,157.11,2,2024-07-29,2024-07-30,Cancelled,Credit Card,314.22,2024-07,Jul,2024,7,Clothing,Graphic Tee,66.43,181.36
426808977,126225,87736262,138.03,5,2023-10-27,2023-11-02,Shipped,Credit Card,690.15,2023-10,Oct,2023,10,Electronics,Bluetooth Speaker,22.88,575.75
628951656,126225,56397338,256.08,4,2023-05-22,2023-05-23,Shipped,Credit Card,1024.32,2023-05,May,2023,5,Electronics,Bluetooth Speaker,22.88,932.8
224683417,877572,38716269,156.45,1,2023-12-16,2023-12-19,Delivered,PayPal,156.45,2023-12,Dec,2023,12,Electronics,USB-C Hub,46.28,110.16999999999999
204359116,876646,51511484,81.17,5,2024-10-06,2024-10-12,Shipped,Debit Card,405.85,2024-10,Oct,2024,10,Clothing,Cargo Shorts,8.69,362.40000000000003
352114611,126225,71124923,286.02,5,2024-02-24,2024-02-28,Returned,PayPal,1430.1,2024-02,Feb,2024,2,Electronics,Bluetooth Speaker,22.88,1315.6999999999998
677186272,770487,14380847,243.8,1,2023-01-11,2023-01-17,Delivered,PayPal,243.8,2023-01,Jan,2023,1,Electronics,Wireless Headphones,27.87,215.93
245668163,356787,48668783,27.82,1,2023-06-18,2023-06-22,Cancelled,Debit Card,27.82,2023-06,Jun,2023,6,Electronics,Mechanical Keyboard,38.72,-10.899999999999999
517305280,719176,34406132,201.49,5,2024-12-31,2025-01-07,Delivered,Apple Pay,1007.45,2024-12,Dec,2024,12,Home & Kitchen,Cast Iron Pan,90.67,554.1
587096273,334053,16109013,98.24,3,2024-07-20,2024-07-27,Delivered,Credit Card,294.71999999999997,2024-07,Jul,2024,7,Electronics,Webcam HD,13.0,255.71999999999997
498370582,216739,16109013,196.72,5,2024-02-18,2024-02-22,Processing,Google Pay,983.6,2024-02,Feb,2024,2,Electronics,Smart Watch,36.99,798.65
819929088,809570,68526649,234.86,3,2024-10-26,2024-10-30,Delivered,Credit Card,704.58,2024-10,Oct,2024,10,Clothing,Hoodie,111.42,370.32000000000005
897940629,216739,21267237,71.97,5,2024-07-07,2024-07-10,Processing,PayPal,359.85,2024-07,Jul,2024,7,Electronics,Smart Watch,36.99,174.9
847843987,216739,30513739,166.57,3,2023-01-29,2023-02-05,Delivered,PayPal,499.71,2023-01,Jan,2023,1,Electronics,Smart Watch,36.99,388.74
680027275,876646,62191530,27.37,3,2023-04-24,2023-04-30,Delivered,Google Pay,82.11,2023-04,Apr,2023,4,Clothing,Cargo Shorts,8.69,56.04
550033924,770487,31361812,223.68,4,2023-11-02,2023-11-07,Delivered,Debit Card,894.72,2023-11,Nov,2023,11,Electronics,Wireless Headphones,27.87,783.24
730651895,671858,23676961,269.35,5,2024-08-02,2024-08-08,Returned,Google Pay,1346.75,2024-08,Aug,2024,8,Home & Kitchen,Air Fryer,110.01,796.6999999999999
897005281,126225,56138336,50.58,4,2024-08-09,2024-08-15,Processing,Debit Card,202.32,2024-08,Aug,2024,8,Electronics,Bluetooth Speaker,22.88,110.8
880179899,216739,89160218,38.41,4,2024-01-05,2024-01-09,Returned,Apple Pay,153.64,2024-01,Jan,2024,1,Electronics,Smart Watch,36.99,5.679999999999978
265917699,877572,82556484,139.38,3,2024-05-02,2024-05-04,Cancelled,Google Pay,418.14,2024-05,May,2024,5,Electronics,USB-C Hub,46.28,279.29999999999995
545478870,334053,13637575,86.46,4,2024-02-09,2024-02-16,Cancelled,Apple Pay,345.84,2024-02,Feb,2024,2,Electronics,Webcam HD,13.0,293.84
803217037,246316,74019136,57.21,5,2024-03-02,2024-03-09,Delivered,Apple Pay,286.05,2024-03,Mar,2024,3,Clothing,Running Jacket,48.71,42.5
206323670,876646,26948946,163.44,2,2024-06-09,2024-06-16,Shipped,Apple Pay,326.88,2024-06,Jun,2024,6,Clothing,Cargo Shorts,8.69,309.5
995171130,770487,85694715,184.45,4,2024-01-14,2024-01-15,Delivered,Credit Card,737.8,2024-01,Jan,2024,1,Electronics,Wireless Headphones,27.87,626.3199999999999
625432379,356787,21496211,44.14,3,2024-06-19,2024-06-21,Delivered,PayPal,132.42000000000002,2024-06,Jun,2024,6,Electronics,Mechanical Keyboard,38.72,16.26000000000002
761051532,388389,10289289,180.98,1,2023-05-26,2023-06-02,Delivered,PayPal,180.98,2023-05,May,2023,5,Electronics,Laptop Stand,88.92,92.05999999999999
538211092,877572,82070937,111.1,1,2023-05-06,2023-05-11,Shipped,Apple Pay,111.1,2023-05,May,2023,5,Electronics,USB-C Hub,46.28,64.82
400368694,877572,91363974,251.98,5,2024-01-22,2024-01-26,Delivered,Debit Card,1259.8999999999999,2024-01,Jan,2024,1,Electronics,USB-C Hub,46.28,1028.4999999999998
135128844,872246,84087145,140.22,3,2024-04-05,2024-04-11,Delivered,Google Pay,420.65999999999997,2024-04,Apr,2024,4,Clothing,Denim Jeans,29.09,333.39
841183219,809570,72409658,108.3,1,2023-08-27,2023-08-31,Cancelled,Apple Pay,108.3,2023-08,Aug,2023,8,Clothing,Hoodie,111.42,-3.1200000000000045
497853519,770487,81286543,175.87,3,2024-12-25,2024-12-26,Processing,Credit Card,527.61,2024-12,Dec,2024,12,Electronics,Wireless Headphones,27.87,444.0
333291547,809570,52169044,177.28,1,2024-09-25,2024-09-30,Processing,Google Pay,177.28,2024-09,Sep,2024,9,Clothing,Hoodie,111.42,65.86
576078963,877572,68496914,200.88,5,2023-01-20,2023-01-21,Delivered,Credit Card,1004.4,2023-01,Jan,2023,1,Electronics,USB-C Hub,46.28,773.0
577488537,388389,75569635,267.41,4,2024-12-23,2024-12-30,Delivered,Google Pay,1069.64,2024-12,Dec,2024,12,Electronics,Laptop Stand,88.92,713.96
353524015,770487,57212267,136.73,4,2023-01-24,2023-01-27,Delivered,Google Pay,546.92,2023-01,Jan,2023,1,Electronics,Wireless Headphones,27.87,435.43999999999994
489431174,770487,35714784,58.76,2,2023-04-12,2023-04-17,Delivered,PayPal,117.52,2023-04,Apr,2023,4,Electronics,Wireless Headphones,27.87,61.779999999999994
206681214,126225,13278320,27.07,3,2024-11-25,2024-11-27,Delivered,Credit Card,81.21000000000001,2024-11,Nov,2024,11,Electronics,Bluetooth Speaker,22.88,12.570000000000007
836243579,877572,23009833,129.71,3,2023-11-24,2023-11-26,Delivered,Apple Pay,389.13,2023-11,Nov,2023,11,Electronics,USB-C Hub,46.28,250.29
494422907,191161,91415657,228.11,5,2023-07-27,2023-07-29,Delivered,Apple Pay,1140.5500000000002,2023-07,Jul,2023,7,Home & Kitchen,Coffee Maker,50.5,888.0500000000002
684615760,872246,97873101,27.57,4,2023-04-28,2023-05-01,Processing,Apple Pay,110.28,2023-04,Apr,2023,4,Clothing,Denim Jeans,29.09,-6.079999999999998
792377512,216739,13278320,274.97,1,2024-10-10,2024-10-12,Delivered,Google Pay,274.97,2024-10,Oct,2024,10,Electronics,Smart Watch,36.99,237.98000000000002
485123110,207473,43704923,237.7,3,2024-07-22,2024-07-28,Processing,Apple Pay,713.0999999999999,2024-07,Jul,2024,7,Clothing,Graphic Tee,66.43,513.81
165015165,216739,60864911,295.73,2,2024-01-18,2024-01-23,Processing,Apple Pay,591.46,2024-01,Jan,2024,1,Electronics,Smart Watch,36.99,517.48
527499187,719176,75228535,144.74,5,2023-01-02,2023-01-09,Delivered,Debit Card,723.7,2023-01,Jan,2023,1,Home & Kitchen,Cast Iron Pan,90.67,270.35
396225446,877572,67684996,253.44,4,2024-09-04,2024-09-07,Delivered,Debit Card,1013.76,2024-09,Sep,2024,9,Electronics,USB-C Hub,46.28,828.64
303805386,207473,99514287,224.35,5,2023-02-16,2023-02-18,Delivered,PayPal,1121.75,2023-02,Feb,2023,2,Clothing,Graphic Tee,66.43,789.5999999999999
231167999,770487,17869910,264.69,2,2024-07-23,2024-07-26,Processing,Google Pay,529.38,2024-07,Jul,2024,7,Electronics,Wireless Headphones,27.87,473.64
984968439,126225,44675473,215.24,3,2023-09-25,2023-10-02,Delivered,PayPal,645.72,2023-09,Sep,2023,9,Electronics,Bluetooth Speaker,22.88,577.08
588249062,126225,24282218,197.46,1,2024-12-09,2024-12-11,Processing,Apple Pay,197.46,2024-12,Dec,2024,12,Electronics,Bluetooth Speaker,22.88,174.58
198433586,770487,46361787,171.17,4,2023-06-27,2023-07-01,Returned,Apple Pay,684.68,2023-06,Jun,2023,6,Electronics,Wireless Headphones,27.87,573.1999999999999
811642514,770487,73123515,246.65,4,2023-02-01,2023-02-08,Cancelled,Credit Card,986.6,2023-02,Feb,2023,2,Electronics,Wireless Headphones,27.87,875.12
327746886,356787,64502486,122.15,1,2024-09-07,2024-09-10,Delivered,Apple Pay,122.15,2024-09,Sep,2024,9,Electronics,Mechanical Keyboard,38.72,83.43
789024924,356787,77750178,225.5,3,2023-01-10,2023-01-12,Cancelled,PayPal,676.5,2023-01,Jan,2023,1,Electronics,Mechanical Keyboard,38.72,560.34
786650291,126225,74119726,294.22,3,2023-08-15,2023-08-17,Delivered,PayPal,882.6600000000001,2023-08,Aug,2023,8,Electronics,Bluetooth Speaker,22.88,814.0200000000001
741180590,246316,75884623,12.06,4,2024-09-12,2024-09-14,Delivered,PayPal,48.24,2024-09,Sep,2024,9,Clothing,Running Jacket,48.71,-146.6
122932394,207473,34941004,201.34,5,2024-07-19,2024-07-21,Cancelled,Google Pay,1006.7,2024-07,Jul,2024,7,Clothing,Graphic Tee,66.43,674.55
154308262,216739,67556566,85.28,5,2023-03-08,2023-03-10,Returned,Debit Card,426.4,2023-03,Mar,2023,3,Electronics,Smart Watch,36.99,241.44999999999996
944814262,719176,27105448,206.6,5,2023-07-16,2023-07-23,Processing,PayPal,1033.0,2023-07,Jul,2023,7,Home & Kitchen,Cast Iron Pan,90.67,579.65
458102728,809570,95585469,195.87,1,2023-01-03,2023-01-07,Returned,PayPal,195.87,2023-01,Jan,2023,1,Clothing,Hoodie,111.42,84.45
361530104,334053,29777514,207.24,4,2023-10-08,2023-10-09,Shipped,PayPal,828.96,2023-10,Oct,2023,10,Electronics,Webcam HD,13.0,776.96
235209737,872246,63782042,90.59,4,2023-08-18,2023-08-19,Processing,Apple Pay,362.36,2023-08,Aug,2023,8,Clothing,Denim Jeans,29.09,246.0
945011302,216739,56397338,244.22,2,2023-03-25,2023-03-30,Cancelled,Apple Pay,488.44,2023-03,Mar,2023,3,Electronics,Smart Watch,36.99,414.46
706210987,216739,27566185,100.12,1,2023-06-18,2023-06-21,Delivered,Apple Pay,100.12,2023-06,Jun,2023,6,Electronics,Smart Watch,36.99,63.13
320337809,334053,19255216,253.74,2,2024-10-03,2024-10-06,Delivered,Apple Pay,507.48,2024-10,Oct,2024,10,Electronics,Webcam HD,13.0,481.48
173669588,877572,38427073,240.28,1,2023-12-08,2023-12-13,Returned,Google Pay,240.28,2023-12,Dec,2023,12,Electronics,USB-C Hub,46.28,194.0
991010113,207473,73481353,177.88,1,2024-10-02,2024-10-06,Delivered,Credit Card,177.88,2024-10,Oct,2024,10,Clothing,Graphic Tee,66.43,111.44999999999999
921581473,770487,23141087,138.15,3,2023-03-05,2023-03-12,Processing,Apple Pay,414.45000000000005,2023-03,Mar,2023,3,Electronics,Wireless Headphones,27.87,330.84000000000003
695076080,770487,85694715,256.47,4,2023-02-23,2023-02-26,Delivered,Google Pay,1025.88,2023-02,Feb,2023,2,Electronics,Wireless Headphones,27.87,914.4000000000001
322433532,671858,24165187,13.07,4,2024-11-06,2024-11-11,Shipped,Apple Pay,52.28,2024-11,Nov,2024,11,Home & Kitchen,Air Fryer,110.01,-387.76
729624046,719176,67854710,281.89,1,2023-12-14,2023-12-20,Shipped,Google Pay,281.89,2023-12,Dec,2023,12,Home & Kitchen,Cast Iron Pan,90.67,191.21999999999997
331875999,356787,96728778,182.59,1,2023-04-16,2023-04-17,Processing,Debit Card,182.59,2023-04,Apr,2023,4,Electronics,Mechanical Keyboard,38.72,143.87
973008988,719176,47535126,113.05,4,2024-06-05,2024-06-08,Cancelled,Google Pay,452.2,2024-06,Jun,2024,6,Home & Kitchen,Cast Iron Pan,90.67,89.51999999999998
350180427,216739,26879290,100.37,4,2023-03-03,2023-03-05,Processing,PayPal,401.48,2023-03,Mar,2023,3,Electronics,Smart Watch,36.99,253.52
452788129,388389,16990811,146.15,5,2023-05-30,2023-06-01,Delivered,PayPal,730.75,2023-05,May,2023,5,Electronics,Laptop Stand,88.92,286.15
931471931,356787,98986321,206.7,1,2024-08-23,2024-08-29,Delivered,Google Pay,206.7,2024-08,Aug,2024,8,Electronics,Mechanical Keyboard,38.72,167.98
258435089,191161,38427073,66.66,2,2024-03-08,2024-03-11,Cancelled,Debit Card,133.32,2024-03,Mar,2024,3,Home & Kitchen,Coffee Maker,50.5,32.31999999999999
946799779,216739,67110154,210.62,4,2024-05-02,2024-05-08,Processing,PayPal,842.48,2024-05,May,2024,5,Electronics,Smart Watch,36.99,694.52
739930411,191161,52101056,131.41,2,2024-09-22,2024-09-25,Delivered,Apple Pay,262.82,2024-09,Sep,2024,9,Home & Kitchen,Coffee Maker,50.5,161.82
103044648,719176,19289546,276.78,2,2024-05-22,2024-05-24,Cancelled,Debit Card,553.56,2024-05,May,2024,5,Home & Kitchen,Cast Iron Pan,90.67,372.2199999999999
397721596,246316,91178885,232.81,3,2024-05-07,2024-05-13,Returned,Apple Pay,698.4300000000001,2024-05,May,2024,5,Clothing,Running Jacket,48.71,552.3000000000001
255357534,877572,24972279,31.37,1,2024-01-07,2024-01-08,Processing,Credit Card,31.37,2024-01,Jan,2024,1,Electronics,USB-C Hub,46.28,-14.91
239577989,216739,34406132,114.36,1,2024-08-22,2024-08-29,Delivered,Debit Card,114.36,2024-08,Aug,2024,8,Electronics,Smart Watch,36.99,77.37
680051935,126225,25312516,255.77,2,2023-06-28,2023-07-01,Delivered,Debit Card,511.54,2023-06,Jun,2023,6,Electronics,Bluetooth Speaker,22.88,465.78000000000003
369137895,126225,67854710,206.45,4,2023-01-22,2023-01-29,Cancelled,Credit Card,825.8,2023-01,Jan,2023,1,Electronics,Bluetooth Speaker,22.88,734.28
957397689,356787,36786211,117.19,3,2024-04-12,2024-04-14,Cancelled,Debit Card,351.57,2024-04,Apr,2024,4,Electronics,Mechanical Keyboard,38.72,235.41
287364857,872246,86483924,28.95,2,2024-03-20,2024-03-26,Delivered,Debit Card,57.9,2024-03,Mar,2024,3,Clothing,Denim Jeans,29.09,-0.28000000000000114
218032515,877572,34084236,183.86,2,2024-01-19,2024-01-22,Delivered,Google Pay,367.72,2024-01,Jan,2024,1,Electronics,USB-C Hub,46.28,275.16
809805235,126225,84593961,25.44,3,2023-12-02,2023-12-04,Returned,Debit Card,76.32000000000001,2023-12,Dec,2023,12,Electronics,Bluetooth Speaker,22.88,7.680000000000007
127681228,191161,26247735,220.91,4,2024-05-15,2024-05-17,Returned,Google Pay,883.64,2024-05,May,2024,5,Home & Kitchen,Coffee Maker,50.5,681.64
241522640,877572,23318904,157.65,4,2024-10-22,2024-10-29,Processing,Apple Pay,630.6,2024-10,Oct,2024,10,Electronics,USB-C Hub,46.28,445.48
115956152,126225,16749089,217.53,4,2024-12-12,2024-12-16,Shipped,PayPal,870.12,2024-12,Dec,2024,12,Electronics,Bluetooth Speaker,22.88,778.6
484659715,207473,90585882,70.08,2,2024-10-27,2024-10-28,Shipped,Debit Card,140.16,2024-10,Oct,2024,10,Clothing,Graphic Tee,66.43,7.299999999999983
948239575,877572,83542887,281.28,3,2024-08-08,2024-08-10,Delivered,Google Pay,843.8399999999999,2024-08,Aug,2024,8,Electronics,USB-C Hub,46.28,704.9999999999999
946571918,770487,65259205,111.95,5,2024-03-31,2024-04-05,Delivered,Apple Pay,559.75,2024-03,Mar,2024,3,Electronics,Wireless Headphones,27.87,420.4
355477113,872246,67062156,135.42,3,2024-04-06,2024-04-10,Returned,Apple Pay,406.26,2024-04,Apr,2024,4,Clothing,Denim Jeans,29.09,318.99
732276010,770487,87701200,87.02,1,2024-03-28,2024-03-30,Delivered,Credit Card,87.02,2024-03,Mar,2024,3,Electronics,Wireless Headphones,27.87,59.14999999999999
447646966,388389,81688860,32.66,3,2024-07-13,2024-07-19,Delivered,Credit Card,97.97999999999999,2024-07,Jul,2024,7,Electronics,Laptop Stand,88.92,-168.78
116944811,770487,97477029,67.02,3,2023-07-25,2023-07-28,Delivered,PayPal,201.06,2023-07,Jul,2023,7,Electronics,Wireless Headphones,27.87,117.45
287095435,876646,39042654,214.63,2,2023-10-09,2023-10-11,Returned,Google Pay,429.26,2023-10,Oct,2023,10,Clothing,Cargo Shorts,8.69,411.88
384936197,126225,99514287,299.07,4,2023-12-21,2023-12-28,Returned,Google Pay,1196.28,2023-12,Dec,2023,12,Electronics,Bluetooth Speaker,22.88,1104.76
156263020,671858,61410126,296.88,2,2024-10-31,2024-11-05,Returned,Apple Pay,593.76,2024-10,Oct,2024,10,Home & Kitchen,Air Fryer,110.01,373.74
236105947,216739,38716269,180.22,5,2023-08-28,2023-09-02,Returned,Apple Pay,901.1,2023-08,Aug,2023,8,Electronics,Smart Watch,36.99,716.15
896413702,876646,61700055,255.27,4,2023-03-29,2023-04-01,Returned,Apple Pay,1021.08,2023-03,Mar,2023,3,Clothing,Cargo Shorts,8.69,986.32
552002959,877572,25353091,50.29,2,2023-01-31,2023-02-03,Delivered,Credit Card,100.58,2023-01,Jan,2023,1,Electronics,USB-C Hub,46.28,8.019999999999996
664880035,246316,93638503,131.54,4,2023-12-14,2023-12-16,Returned,Google Pay,526.16,2023-12,Dec,2023,12,Clothing,Running Jacket,48.71,331.31999999999994
222030010,770487,31980274,54.56,3,2023-02-02,2023-02-04,Processing,Google Pay,163.68,2023-02,Feb,2023,2,Electronics,Wireless Headphones,27.87,80.07000000000001
900651998,719176,78608612,285.11,1,2024-01-26,2024-01-28,Processing,Apple Pay,285.11,2024-01,Jan,2024,1,Home & Kitchen,Cast Iron Pan,90.67,194.44
168244921,877572,87925434,195.3,3,2024-08-06,2024-08-10,Delivered,Debit Card,585.9000000000001,2024-08,Aug,2024,8,Electronics,USB-C Hub,46.28,447.06000000000006
611365210,216739,86460539,209.81,4,2023-02-02,2023-02-09,Delivered,Debit Card,839.24,2023-02,Feb,2023,2,Electronics,Smart Watch,36.99,691.28
581331845,877572,57469942,94.41,5,2023-07-30,2023-08-01,Delivered,Apple Pay,472.04999999999995,2023-07,Jul,2023,7,Electronics,USB-C Hub,46.28,240.64999999999995
935389432,770487,19196777,273.84,4,2023-12-01,2023-12-08,Delivered,Credit Card,1095.36,2023-12,Dec,2023,12,Electronics,Wireless Headphones,27.87,983.8799999999999
488736388,126225,54410148,286.97,2,2023-03-12,2023-03-16,Delivered,Debit Card,573.94,2023-03,Mar,2023,3,Electronics,Bluetooth Speaker,22.88,528.1800000000001
651085057,388389,87049595,56.04,5,2024-11-11,2024-11-15,Delivered,Google Pay,280.2,2024-11,Nov,2024,11,Electronics,Laptop Stand,88.92,-164.40000000000003
737444033,877572,47111151,68.48,2,2024-04-14,2024-04-17,Shipped,Credit Card,136.96,2024-04,Apr,2024,4,Electronics,USB-C Hub,46.28,44.400000000000006
217095851,216739,16749089,264.97,4,2023-12-03,2023-12-08,Shipped,Google Pay,1059.88,2023-12,Dec,2023,12,Electronics,Smart Watch,36.99,911.9200000000001
585337126,770487,30743797,110.56,3,2024-10-23,2024-10-27,Shipped,Google Pay,331.68,2024-10,Oct,2024,10,Electronics,Wireless Headphones,27.87,248.07
640992677,191161,64193837,62.07,5,2024-03-01,2024-03-03,Cancelled,Apple Pay,310.35,2024-03,Mar,2024,3,Home & Kitchen,Coffee Maker,50.5,57.85000000000002
337887233,216739,26989677,124.12,1,2024-08-05,2024-08-06,Delivered,Debit Card,124.12,2024-08,Aug,2024,8,Electronics,Smart Watch,36.99,87.13
760465943,388389,20993268,275.72,2,2023-10-26,2023-11-01,Shipped,Apple Pay,551.44,2023-10,Oct,2023,10,Electronics,Laptop Stand,88.92,373.6
146562851,671858,35748341,40.51,3,2023-03-20,2023-03-27,Shipped,Apple Pay,121.53,2023-03,Mar,2023,3,Home & Kitchen,Air Fryer,110.01,-208.50000000000003
880871219,770487,48349783,195.26,4,2023-01-28,2023-01-29,Shipped,PayPal,781.04,2023-01,Jan,2023,1,Electronics,Wireless Headphones,27.87,669.56
940983577,216739,79182797,82.67,2,2023-02-08,2023-02-09,Delivered,Apple Pay,165.34,2023-02,Feb,2023,2,Electronics,Smart Watch,36.99,91.36
807491789,246316,19510312,80.26,4,2024-07-15,2024-07-21,Delivered,Apple Pay,321.04,2024-07,Jul,2024,7,Clothing,Running Jacket,48.71,126.20000000000002
659903980,216739,34941004,39.14,3,2023-01-19,2023-01-24,Delivered,Google Pay,117.42,2023-01,Jan,2023,1,Electronics,Smart Watch,36.99,6.450000000000003
423873102,770487,70900658,89.23,4,2023-01-12,2023-01-18,Delivered,Debit Card,356.92,2023-01,Jan,2023,1,Electronics,Wireless Headphones,27.87,245.44
591819409,877572,40942292,138.19,1,2024-06-29,2024-07-01,Returned,Google Pay,138.19,2024-06,Jun,2024,6,Electronics,USB-C Hub,46.28,91.91
790781796,809570,51098277,210.19,4,2023-04-16,2023-04-20,Delivered,Google Pay,840.76,2023-04,Apr,2023,4,Clothing,Hoodie,111.42,395.08
133447745,877572,89699989,118.64,2,2023-07-26,2023-07-28,Delivered,Credit Card,237.28,2023-07,Jul,2023,7,Electronics,USB-C Hub,46.28,144.72
165310776,770487,33978249,65.71,1,2023-12-12,2023-12-19,Delivered,Credit Card,65.71,2023-12,Dec,2023,12,Electronics,Wireless Headphones,27.87,37.83999999999999
614302907,671858,84285882,58.43,4,2023-06-21,2023-06-27,Processing,Credit Card,233.72,2023-06,Jun,2023,6,Home & Kitchen,Air Fryer,110.01,-206.32000000000002
531233244,216739,91917334,124.56,4,2023-08-01,2023-08-06,Delivered,Debit Card,498.24,2023-08,Aug,2023,8,Electronics,Smart Watch,36.99,350.28
557707813,126225,19121552,199.65,1,2023-01-16,2023-01-20,Shipped,Debit Card,199.65,2023-01,Jan,2023,1,Electronics,Bluetooth Speaker,22.88,176.77
836691577,126225,73900135,22.73,2,2024-09-30,2024-10-03,Shipped,PayPal,45.46,2024-09,Sep,2024,9,Electronics,Bluetooth Speaker,22.88,-0.29999999999999716
215923129,671858,57553014,239.46,5,2024-12-30,2025-01-04,Delivered,PayPal,1197.3,2024-12,Dec,2024,12,Home & Kitchen,Air Fryer,110.01,647.2499999999999
626422169,216739,34406132,206.58,2,2024-12-14,2024-12-18,Delivered,Debit Card,413.16,2024-12,Dec,2024,12,Electronics,Smart Watch,36.99,339.18
864935082,809570,90099897,203.24,1,2023-11-22,2023-11-29,Delivered,Credit Card,203.24,2023-11,Nov,2023,11,Clothing,Hoodie,111.42,91.82000000000001
576271425,207473,31361812,195.76,2,2024-01-27,2024-02-01,Processing,Google Pay,391.52,2024-01,Jan,2024,1,Clothing,Graphic Tee,66.43,258.65999999999997
178910051,876646,25492573,230.08,1,2023-01-22,2023-01-27,Delivered,Debit Card,230.08,2023-01,Jan,2023,1,Clothing,Cargo Shorts,8.69,221.39000000000001
186748119,876646,45431319,27.37,3,2024-09-26,2024-09-27,Shipped,PayPal,82.11,2024-09,Sep,2024,9,Clothing,Cargo Shorts,8.69,56.04
445864933,216739,79340535,277.78,5,2023-02-08,2023-02-10,Shipped,PayPal,1388.8999999999999,2023-02,Feb,2023,2,Electronics,Smart Watch,36.99,1203.9499999999998
753154389,770487,96268397,245.68,1,2024-02-29,2024-03-06,Delivered,PayPal,245.68,2024-02,Feb,2024,2,Electronics,Wireless Headphones,27.87,217.81
259272239,770487,84285882,209.32,2,2023-09-12,2023-09-19,Processing,Apple Pay,418.64,2023-09,Sep,2023,9,Electronics,Wireless Headphones,27.87,362.9
170525764,877572,76344695,262.25,1,2023-01-07,2023-01-08,Delivered,Credit Card,262.25,2023-01,Jan,2023,1,Electronics,USB-C Hub,46.28,215.97
235497187,809570,93370583,60.36,5,2023-05-09,2023-05-10,Returned,Debit Card,301.8,2023-05,May,2023,5,Clothing,Hoodie,111.42,-255.3
395296179,877572,67062156,57.6,2,2024-04-23,2024-04-26,Delivered,Apple Pay,115.2,2024-04,Apr,2024,4,Electronics,USB-C Hub,46.28,22.64
770355806,126225,73174945,139.99,2,2023-10-20,2023-10-25,Delivered,Apple Pay,279.98,2023-10,Oct,2023,10,Electronics,Bluetooth Speaker,22.88,234.22000000000003
779760958,216739,78064830,58.64,4,2024-02-12,2024-02-16,Shipped,Google Pay,234.56,2024-02,Feb,2024,2,Electronics,Smart Watch,36.99,86.6
728530544,207473,33328859,286.58,4,2023-06-09,2023-06-16,Delivered,Apple Pay,1146.32,2023-06,Jun,2023,6,Clothing,Graphic Tee,66.43,880.5999999999999
688793237,334053,42194159,165.78,5,2023-11-04,2023-11-09,Cancelled,Debit Card,828.9,2023-11,Nov,2023,11,Electronics,Webcam HD,13.0,763.9
864668242,126225,95585469,173.01,4,2023-10-18,2023-10-22,Delivered,PayPal,692.04,2023-10,Oct,2023,10,Electronics,Bluetooth Speaker,22.88,600.52
449165212,126225,63121477,11.2,5,2023-06-08,2023-06-10,Cancelled,PayPal,56.0,2023-06,Jun,2023,6,Electronics,Bluetooth Speaker,22.88,-58.39999999999999
508992977,246316,94525678,118.2,4,2024-02-09,2024-02-15,Delivered,Google Pay,472.8,2024-02,Feb,2024,2,Clothing,Running Jacket,48.71,277.96000000000004
741444618,216739,86149359,280.31,2,2023-05-08,2023-05-12,Delivered,Apple Pay,560.62,2023-05,May,2023,5,Electronics,Smart Watch,36.99,486.64
669681065,388389,23318904,215.64,3,2023-12-23,2023-12-28,Cancelled,Credit Card,646.92,2023-12,Dec,2023,12,Electronics,Laptop Stand,88.92,380.15999999999997
416644047,877572,91378577,148.53,3,2023-09-10,2023-09-12,Cancelled,Credit Card,445.59000000000003,2023-09,Sep,2023,9,Electronics,USB-C Hub,46.28,306.75
587173220,876646,66775103,142.08,2,2023-09-25,2023-09-30,Delivered,Debit Card,284.16,2023-09,Sep,2023,9,Clothing,Cargo Shorts,8.69,266.78000000000003
642831335,207473,59529086,43.84,1,2023-06-15,2023-06-16,Cancelled,Apple Pay,43.84,2023-06,Jun,2023,6,Clothing,Graphic Tee,66.43,-22.590000000000003
750072069,334053,14216175,264.03,2,2024-06-14,2024-06-16,Returned,Apple Pay,528.06,2024-06,Jun,2024,6,Electronics,Webcam HD,13.0,502.05999999999995
561923010,388389,39450273,267.12,5,2024-06-29,2024-07-05,Delivered,Apple Pay,1335.6,2024-06,Jun,2024,6,Electronics,Laptop Stand,88.92,890.9999999999999
206492059,671858,30024960,194.48,3,2023-04-02,2023-04-03,Returned,Debit Card,583.4399999999999,2023-04,Apr,2023,4,Home & Kitchen,Air Fryer,110.01,253.4099999999999
951580447,388389,93352876,99.34,2,2024-02-12,2024-02-18,Returned,Apple Pay,198.68,2024-02,Feb,2024,2,Electronics,Laptop Stand,88.92,20.840000000000003
853529912,877572,34391257,93.61,4,2024-03-02,2024-03-08,Delivered,Debit Card,374.44,2024-03,Mar,2024,3,Electronics,USB-C Hub,46.28,189.32
222851168,216739,96637649,155.75,1,2024-05-13,2024-05-15,Shipped,Google Pay,155.75,2024-05,May,2024,5,Electronics,Smart Watch,36.99,118.75999999999999
802992685,216739,97225156,230.15,3,2023-07-07,2023-07-14,Returned,Apple Pay,690.45,2023-07,Jul,2023,7,Electronics,Smart Watch,36.99,579.48
798916441,246316,91917334,194.56,1,2023-04-22,2023-04-29,Delivered,Credit Card,194.56,2023-04,Apr,2023,4,Clothing,Running Jacket,48.71,145.85
925667446,770487,35511941,78.08,4,2023-01-31,2023-02-05,Cancelled,Credit Card,312.32,2023-01,Jan,2023,1,Electronics,Wireless Headphones,27.87,200.83999999999997
691991695,770487,81259135,296.4,1,2024-08-19,2024-08-26,Delivered,Google Pay,296.4,2024-08,Aug,2024,8,Electronics,Wireless Headphones,27.87,268.53
873995963,126225,88393811,107.73,4,2024-04-29,2024-05-06,Delivered,PayPal,430.92,2024-04,Apr,2024,4,Electronics,Bluetooth Speaker,22.88,339.40000000000003
330879256,809570,54058573,202.86,4,2023-09-03,2023-09-06,Processing,Credit Card,811.44,2023-09,Sep,2023,9,Clothing,Hoodie,111.42,365.76000000000005
561784080,356787,98447167,262.45,4,2023-01-04,2023-01-08,Cancelled,Debit Card,1049.8,2023-01,Jan,2023,1,Electronics,Mechanical Keyboard,38.72,894.92
584853393,770487,71028710,227.91,2,2023-10-14,2023-10-20,Delivered,Apple Pay,455.82,2023-10,Oct,2023,10,Electronics,Wireless Headphones,27.87,400.08
345343109,207473,18620650,201.46,1,2024-06-11,2024-06-15,Cancelled,PayPal,201.46,2024-06,Jun,2024,6,Clothing,Graphic Tee,66.43,135.03
544328940,770487,27232410,138.84,5,2023-11-30,2023-12-06,Shipped,Apple Pay,694.2,2023-11,Nov,2023,11,Electronics,Wireless Headphones,27.87,554.85
463925049,876646,54349361,282.32,4,2023-12-23,2023-12-27,Cancelled,Credit Card,1129.28,2023-12,Dec,2023,12,Clothing,Cargo Shorts,8.69,1094.52
988434627,216739,74251933,160.81,5,2023-05-27,2023-06-03,Returned,Google Pay,804.05,2023-05,May,2023,5,Electronics,Smart Watch,36.99,619.0999999999999
586940738,770487,61343880,296.28,4,2024-11-20,2024-11-25,Delivered,Apple Pay,1185.12,2024-11,Nov,2024,11,Electronics,Wireless Headphones,27.87,1073.6399999999999
528133274,216739,82399599,71.37,1,2023-09-04,2023-09-06,Delivered,Apple Pay,71.37,2023-09,Sep,2023,9,Electronics,Smart Watch,36.99,34.38
546665485,126225,87844239,218.55,4,2023-10-15,2023-10-17,Cancelled,Credit Card,874.2,2023-10,Oct,2023,10,Electronics,Bluetooth Speaker,22.88,782.6800000000001
883415470,877572,27758595,262.85,5,2024-12-09,2024-12-12,Returned,Google Pay,1314.25,2024-12,Dec,2024,12,Electronics,USB-C Hub,46.28,1082.85
202097643,216739,83542887,196.2,5,2024-01-26,2024-02-01,Returned,Apple Pay,981.0,2024-01,Jan,2024,1,Electronics,Smart Watch,36.99,796.05
435596237,126225,35529407,42.29,3,2023-10-25,2023-10-26,Cancelled,Google Pay,126.87,2023-10,Oct,2023,10,Electronics,Bluetooth Speaker,22.88,58.230000000000004
558234365,770487,51870192,257.46,4,2024-01-12,2024-01-14,Processing,Credit Card,1029.84,2024-01,Jan,2024,1,Electronics,Wireless Headphones,27.87,918.3599999999999
435569630,216739,69295515,233.66,2,2024-03-09,2024-03-12,Processing,Google Pay,467.32,2024-03,Mar,2024,3,Electronics,Smart Watch,36.99,393.34
814154134,877572,31227574,143.56,2,2024-07-05,2024-07-12,Returned,PayPal,287.12,2024-07,Jul,2024,7,Electronics,USB-C Hub,46.28,194.56
373685835,877572,48285503,52.29,1,2024-09-07,2024-09-10,Processing,PayPal,52.29,2024-09,Sep,2024,9,Electronics,USB-C Hub,46.28,6.009999999999998
501902658,388389,47983442,299.08,5,2023-05-07,2023-05-10,Shipped,Debit Card,1495.3999999999999,2023-05,May,2023,5,Electronics,Laptop Stand,88.92,1050.7999999999997
263894795,877572,97225156,250.08,2,2023-12-08,2023-12-10,Returned,Debit Card,500.16,2023-12,Dec,2023,12,Electronics,USB-C Hub,46.28,407.6
837468465,876646,41329612,151.37,4,2023-07-03,2023-07-10,Delivered,Debit Card,605.48,2023-07,Jul,2023,7,Clothing,Cargo Shorts,8.69,570.72
609241268,770487,91363974,147.28,3,2024-03-08,2024-03-14,Returned,Apple Pay,441.84000000000003,2024-03,Mar,2024,3,Electronics,Wireless Headphones,27.87,358.23
172083844,126225,23796726,213.31,5,2024-12-14,2024-12-16,Shipped,Credit Card,1066.55,2024-12,Dec,2024,12,Electronics,Bluetooth Speaker,22.88,952.15
197951867,770487,87049595,199.83,5,2023-11-08,2023-11-12,Delivered,Apple Pay,999.1500000000001,2023-11,Nov,2023,11,Electronics,Wireless Headphones,27.87,859.8000000000001
993108266,876646,45594951,243.25,2,2023-08-03,2023-08-05,Cancelled,Credit Card,486.5,2023-08,Aug,2023,8,Clothing,Cargo Shorts,8.69,469.12
191659287,356787,63238057,237.78,2,2023-04-15,2023-04-21,Shipped,Apple Pay,475.56,2023-04,Apr,2023,4,Electronics,Mechanical Keyboard,38.72,398.12
200105056,809570,36998038,292.5,2,2023-04-09,2023-04-12,Delivered,Credit Card,585.0,2023-04,Apr,2023,4,Clothing,Hoodie,111.42,362.15999999999997
563723880,872246,77908907,191.81,4,2024-03-20,2024-03-22,Delivered,Credit Card,767.24,2024-03,Mar,2024,3,Clothing,Denim Jeans,29.09,650.88
203685265,877572,15197528,286.81,4,2024-12-05,2024-12-10,Returned,Credit Card,1147.24,2024-12,Dec,2024,12,Electronics,USB-C Hub,46.28,962.12
899496315,671858,73900135,193.37,4,2024-01-27,2024-01-30,Delivered,Credit Card,773.48,2024-01,Jan,2024,1,Home & Kitchen,Air Fryer,110.01,333.44
893276164,770487,61053877,273.45,2,2024-10-18,2024-10-24,Delivered,Google Pay,546.9,2024-10,Oct,2024,10,Electronics,Wireless Headphones,27.87,491.15999999999997
500126515,207473,72535301,226.14,5,2023-10-08,2023-10-14,Delivered,Apple Pay,1130.6999999999998,2023-10,Oct,2023,10,Clothing,Graphic Tee,66.43,798.5499999999997
971630639,246316,84270583,175.7,1,2024-03-20,2024-03-23,Delivered,Credit Card,175.7,2024-03,Mar,2024,3,Clothing,Running Jacket,48.71,126.98999999999998
239710404,876646,20993268,245.72,1,2023-07-09,2023-07-13,Shipped,Google Pay,245.72,2023-07,Jul,2023,7,Clothing,Cargo Shorts,8.69,237.03
697398528,191161,38408562,160.47,5,2024-05-15,2024-05-16,Processing,Credit Card,802.35,2024-05,May,2024,5,Home & Kitchen,Coffee Maker,50.5,549.85
164404084,671858,42655866,259.97,2,2023-05-01,2023-05-03,Delivered,Google Pay,519.94,2023-05,May,2023,5,Home & Kitchen,Air Fryer,110.01,299.9200000000001
729712082,246316,72092888,176.76,2,2023-02-10,2023-02-12,Delivered,Google Pay,353.52,2023-02,Feb,2023,2,Clothing,Running Jacket,48.71,256.09999999999997
702998820,388389,51273847,156.77,3,2023-03-28,2023-03-29,Processing,Debit Card,470.31000000000006,2023-03,Mar,2023,3,Electronics,Laptop Stand,88.92,203.55000000000007
703102938,334053,64277800,97.16,5,2023-01-01,2023-01-03,Returned,PayPal,485.79999999999995,2023-01,Jan,2023,1,Electronics,Webcam HD,13.0,420.79999999999995
453954673,809570,17869910,211.57,5,2024-08-13,2024-08-17,Delivered,Google Pay,1057.85,2024-08,Aug,2024,8,Clothing,Hoodie,111.42,500.7499999999999
819421270,872246,90099897,247.72,2,2023-04-12,2023-04-18,Delivered,Debit Card,495.44,2023-04,Apr,2023,4,Clothing,Denim Jeans,29.09,437.26
231244840,216739,32321899,72.64,3,2024-09-08,2024-09-13,Delivered,Debit Card,217.92000000000002,2024-09,Sep,2024,9,Electronics,Smart Watch,36.99,106.95000000000002
541102414,876646,10965138,85.59,2,2024-07-17,2024-07-20,Shipped,Apple Pay,171.18,2024-07,Jul,2024,7,Clothing,Cargo Shorts,8.69,153.8
479673044,216739,26194158,51.53,2,2024-03-11,2024-03-17,Delivered,PayPal,103.06,2024-03,Mar,2024,3,Electronics,Smart Watch,36.99,29.08
814403943,809570,52169044,200.61,5,2024-01-17,2024-01-22,Processing,Debit Card,1003.0500000000001,2024-01,Jan,2024,1,Clothing,Hoodie,111.42,445.95000000000005
905611583,334053,47393469,17.5,5,2024-03-20,2024-03-24,Delivered,Credit Card,87.5,2024-03,Mar,2024,3,Electronics,Webcam HD,13.0,22.5
554124989,770487,74988034,29.12,1,2024-07-15,2024-07-19,Delivered,PayPal,29.12,2024-07,Jul,2024,7,Electronics,Wireless Headphones,27.87,1.25
874233009,216739,27105448,119.37,2,2023-01-11,2023-01-12,Shipped,Credit Card,238.74,2023-01,Jan,2023,1,Electronics,Smart Watch,36.99,164.76
155239803,671858,64193837,263.89,5,2024-06-23,2024-06-29,Returned,Apple Pay,1319.4499999999998,2024-06,Jun,2024,6,Home & Kitchen,Air Fryer,110.01,769.3999999999997
408839723,216739,16109013,91.77,3,2024-08-08,2024-08-15,Processing,Credit Card,275.31,2024-08,Aug,2024,8,Electronics,Smart Watch,36.99,164.34
744685429,126225,23318904,110.09,5,2024-02-03,2024-02-05,Processing,Google Pay,550.45,2024-02,Feb,2024,2,Electronics,Bluetooth Speaker,22.88,436.05000000000007
435489452,719176,64707061,85.12,5,2024-08-29,2024-08-31,Cancelled,Debit Card,425.6,2024-08,Aug,2024,8,Home & Kitchen,Cast Iron Pan,90.67,-27.75
477577220,877572,31980274,276.34,3,2023-10-01,2023-10-02,Cancelled,Debit Card,829.02,2023-10,Oct,2023,10,Electronics,USB-C Hub,46.28,690.18
211240259,809570,75884623,137.29,3,2024-04-13,2024-04-15,Returned,Apple Pay,411.87,2024-04,Apr,2024,4,Clothing,Hoodie,111.42,77.61000000000001
720535283,877572,96268397,194.32,1,2023-08-23,2023-08-26,Delivered,Apple Pay,194.32,2023-08,Aug,2023,8,Electronics,USB-C Hub,46.28,148.04
644830077,770487,57623800,221.68,1,2023-03-23,2023-03-24,Delivered,Google Pay,221.68,2023-03,Mar,2023,3,Electronics,Wireless Headphones,27.87,193.81
328426553,126225,42016960,263.55,4,2024-05-19,2024-05-26,Cancelled,Google Pay,1054.2,2024-05,May,2024,5,Electronics,Bluetooth Speaker,22.88,962.6800000000001
266140258,719176,72535301,208.68,5,2024-05-24,2024-05-29,Cancelled,Credit Card,1043.4,2024-05,May,2024,5,Home & Kitchen,Cast Iron Pan,90.67,590.0500000000001
805165232,216739,67556566,133.23,5,2023-01-08,2023-01-14,Cancelled,PayPal,666.15,2023-01,Jan,2023,1,Electronics,Smart Watch,36.99,481.19999999999993
617746926,877572,88055069,186.66,5,2024-06-24,2024-06-30,Shipped,Debit Card,933.3,2024-06,Jun,2024,6,Electronics,USB-C Hub,46.28,701.9
340781088,809570,10359129,60.69,3,2024-06-20,2024-06-22,Returned,Debit Card,182.07,2024-06,Jun,2024,6,Clothing,Hoodie,111.42,-152.19
216198604,770487,29806690,59.43,1,2024-05-22,2024-05-26,Delivered,Debit Card,59.43,2024-05,May,2024,5,Electronics,Wireless Headphones,27.87,31.56
475932035,191161,70465583,96.75,3,2023-05-01,2023-05-04,Delivered,Debit Card,290.25,2023-05,May,2023,5,Home & Kitchen,Coffee Maker,50.5,138.75
697285504,770487,51746937,277.68,5,2024-02-08,2024-02-10,Returned,Credit Card,1388.4,2024-02,Feb,2024,2,Electronics,Wireless Headphones,27.87,1249.0500000000002
494665673,719176,42949803,113.16,5,2024-05-14,2024-05-15,Shipped,PayPal,565.8,2024-05,May,2024,5,Home & Kitchen,Cast Iron Pan,90.67,112.44999999999993
223357166,770487,58884978,112.8,1,2023-07-10,2023-07-14,Shipped,Apple Pay,112.8,2023-07,Jul,2023,7,Electronics,Wireless Headphones,27.87,84.92999999999999
918841563,216739,73771720,11.99,3,2023-05-07,2023-05-11,Delivered,Apple Pay,35.97,2023-05,May,2023,5,Electronics,Smart Watch,36.99,-75.0
399110343,126225,33607110,245.34,1,2023-07-06,2023-07-11,Shipped,Apple Pay,245.34,2023-07,Jul,2023,7,Electronics,Bluetooth Speaker,22.88,222.46
716435189,877572,55657579,215.66,1,2024-01-03,2024-01-10,Delivered,PayPal,215.66,2024-01,Jan,2024,1,Electronics,USB-C Hub,46.28,169.38
342836476,877572,49910061,56.48,2,2023-12-06,2023-12-07,Shipped,PayPal,112.96,2023-12,Dec,2023,12,Electronics,USB-C Hub,46.28,20.39999999999999
966747347,216739,36757737,207.69,2,2024-05-22,2024-05-29,Delivered,Apple Pay,415.38,2024-05,May,2024,5,Electronics,Smart Watch,36.99,341.4
560755939,872246,70467027,41.81,1,2024-02-03,2024-02-05,Returned,Credit Card,41.81,2024-02,Feb,2024,2,Clothing,Denim Jeans,29.09,12.720000000000002
702332331,770487,89699989,25.08,3,2024-12-01,2024-12-03,Shipped,Google Pay,75.24,2024-12,Dec,2024,12,Electronics,Wireless Headphones,27.87,-8.370000000000005
924024405,877572,31810617,33.95,4,2023-10-16,2023-10-20,Delivered,Google Pay,135.8,2023-10,Oct,2023,10,Electronics,USB-C Hub,46.28,-49.31999999999999
978779150,126225,85863473,232.34,3,2023-09-13,2023-09-16,Cancelled,Debit Card,697.02,2023-09,Sep,2023,9,Electronics,Bluetooth Speaker,22.88,628.38
767570850,809570,50264926,236.98,1,2024-04-30,2024-05-06,Cancelled,Google Pay,236.98,2024-04,Apr,2024,4,Clothing,Hoodie,111.42,125.55999999999999
758819288,216739,99038526,126.36,3,2023-05-04,2023-05-06,Delivered,Debit Card,379.08,2023-05,May,2023,5,Electronics,Smart Watch,36.99,268.11
824750726,216739,86644106,128.11,3,2023-02-22,2023-02-26,Cancelled,Debit Card,384.33000000000004,2023-02,Feb,2023,2,Electronics,Smart Watch,36.99,273.36
790092970,877572,68800797,196.71,3,2024-06-06,2024-06-10,Delivered,PayPal,590.13,2024-06,Jun,2024,6,Electronics,USB-C Hub,46.28,451.28999999999996
697794767,126225,73001391,102.74,1,2024-03-04,2024-03-06,Delivered,Credit Card,102.74,2024-03,Mar,2024,3,Electronics,Bluetooth Speaker,22.88,79.86
128189836,126225,27778019,91.24,5,2023-10-20,2023-10-24,Delivered,Apple Pay,456.2,2023-10,Oct,2023,10,Electronics,Bluetooth Speaker,22.88,341.8
753903309,877572,53779528,42.33,1,2023-12-09,2023-12-12,Cancelled,Google Pay,42.33,2023-12,Dec,2023,12,Electronics,USB-C Hub,46.28,-3.950000000000003
806340901,671858,24549543,244.9,5,2024-01-05,2024-01-11,Processing,Google Pay,1224.5,2024-01,Jan,2024,1,Home & Kitchen,Air Fryer,110.01,674.4499999999999
990626742,126225,77898694,35.29,1,2024-08-21,2024-08-25,Delivered,Google Pay,35.29,2024-08,Aug,2024,8,Electronics,Bluetooth Speaker,22.88,12.41
844609017,216739,52169044,278.39,1,2024-12-22,2024-12-26,Processing,Google Pay,278.39,2024-12,Dec,2024,12,Electronics,Smart Watch,36.99,241.39999999999998
387169808,877572,84087145,219.01,1,2023-07-26,2023-07-31,Delivered,Debit Card,219.01,2023-07,Jul,2023,7,Electronics,USB-C Hub,46.28,172.73
131088245,334053,15917225,269.51,4,2024-07-27,2024-07-30,Cancelled,Credit Card,1078.04,2024-07,Jul,2024,7,Electronics,Webcam HD,13.0,1026.04
293720285,719176,37760841,280.08,5,2024-03-05,2024-03-10,Returned,Credit Card,1400.3999999999999,2024-03,Mar,2024,3,Home & Kitchen,Cast Iron Pan,90.67,947.0499999999998
393421844,126225,11898961,23.17,5,2023-05-13,2023-05-16,Delivered,Debit Card,115.85000000000001,2023-05,May,2023,5,Electronics,Bluetooth Speaker,22.88,1.450000000000017
854517058,876646,66240084,262.36,1,2024-12-02,2024-12-07,Delivered,Apple Pay,262.36,2024-12,Dec,2024,12,Clothing,Cargo Shorts,8.69,253.67000000000002
918630985,671858,44392446,186.08,2,2024-02-04,2024-02-08,Delivered,Credit Card,372.16,2024-02,Feb,2024,2,Home & Kitchen,Air Fryer,110.01,152.14000000000001
431769776,126225,19255216,264.94,5,2024-12-14,2024-12-15,Shipped,Google Pay,1324.7,2024-12,Dec,2024,12,Electronics,Bluetooth Speaker,22.88,1210.3
464883950,876646,69302158,73.89,3,2023-11-07,2023-11-14,Processing,Credit Card,221.67000000000002,2023-11,Nov,2023,11,Clothing,Cargo Shorts,8.69,195.60000000000002
476908532,216739,65337219,52.95,3,2023-02-10,2023-02-16,Delivered,PayPal,158.85000000000002,2023-02,Feb,2023,2,Electronics,Smart Watch,36.99,47.880000000000024
106556040,191161,79340535,70.88,1,2023-09-12,2023-09-19,Delivered,PayPal,70.88,2023-09,Sep,2023,9,Home & Kitchen,Coffee Maker,50.5,20.379999999999995
294782734,809570,35748341,284.45,5,2023-11-29,2023-11-30,Delivered,Debit Card,1422.25,2023-11,Nov,2023,11,Clothing,Hoodie,111.42,865.15
253815116,334053,54585178,191.52,1,2023-11-29,2023-11-30,Returned,PayPal,191.52,2023-11,Nov,2023,11,Electronics,Webcam HD,13.0,178.52
708082645,877572,38195995,291.76,5,2023-06-30,2023-07-03,Cancelled,Google Pay,1458.8,2023-06,Jun,2023,6,Electronics,USB-C Hub,46.28,1227.3999999999999
805818425,216739,90099897,84.62,5,2024-01-27,2024-02-02,Processing,Debit Card,423.1,2024-01,Jan,2024,1,Electronics,Smart Watch,36.99,238.15
530338918,191161,13704481,178.67,4,2023-10-03,2023-10-05,Delivered,Apple Pay,714.68,2023-10,Oct,2023,10,Home & Kitchen,Coffee Maker,50.5,512.68
174716780,877572,26288475,271.62,1,2024-01-13,2024-01-15,Shipped,Debit Card,271.62,2024-01,Jan,2024,1,Electronics,USB-C Hub,46.28,225.34
252336745,216739,52462441,283.56,2,2024-08-06,2024-08-10,Cancelled,PayPal,567.12,2024-08,Aug,2024,8,Electronics,Smart Watch,36.99,493.14
895609471,216739,98429450,64.47,2,2024-12-04,2024-12-09,Delivered,Apple Pay,128.94,2024-12,Dec,2024,12,Electronics,Smart Watch,36.99,54.959999999999994
779863265,877572,42394260,220.04,2,2024-02-17,2024-02-18,Cancelled,Credit Card,440.08,2024-02,Feb,2024,2,Electronics,USB-C Hub,46.28,347.52
132917811,877572,91734598,13.92,1,2023-04-23,2023-04-30,Delivered,Debit Card,13.92,2023-04,Apr,2023,4,Electronics,USB-C Hub,46.28,-32.36
198524063,216739,55150390,239.79,1,2024-09-06,2024-09-07,Returned,Credit Card,239.79,2024-09,Sep,2024,9,Electronics,Smart Watch,36.99,202.79999999999998
901131404,872246,78642041,68.66,4,2024-12-25,2024-12-26,Returned,Google Pay,274.64,2024-12,Dec,2024,12,Clothing,Denim Jeans,29.09,158.27999999999997
669601448,719176,73993471,148.87,2,2023-11-11,2023-11-14,Delivered,Google Pay,297.74,2023-11,Nov,2023,11,Home & Kitchen,Cast Iron Pan,90.67,116.4
330997172,770487,91734598,167.94,1,2023-02-15,2023-02-16,Processing,Apple Pay,167.94,2023-02,Feb,2023,2,Electronics,Wireless Headphones,27.87,140.07
503935666,216739,60185867,121.75,3,2023-08-21,2023-08-25,Cancelled,PayPal,365.25,2023-08,Aug,2023,8,Electronics,Smart Watch,36.99,254.28
550791704,877572,74988034,266.41,1,2024-01-29,2024-02-04,Shipped,Debit Card,266.41,2024-01,Jan,2024,1,Electronics,USB-C Hub,46.28,220.13000000000002
587098457,126225,99038359,106.77,3,2023-03-20,2023-03-25,Delivered,Credit Card,320.31,2023-03,Mar,2023,3,Electronics,Bluetooth Speaker,22.88,251.67000000000002
466034277,877572,71028710,62.59,4,2023-12-09,2023-12-14,Delivered,PayPal,250.36,2023-12,Dec,2023,12,Electronics,USB-C Hub,46.28,65.24000000000001
269016920,207473,82269803,275.7,3,2023-04-17,2023-04-20,Delivered,Credit Card,827.0999999999999,2023-04,Apr,2023,4,Clothing,Graphic Tee,66.43,627.81
497341481,216739,93893865,102.86,4,2024-11-02,2024-11-04,Shipped,Apple Pay,411.44,2024-11,Nov,2024,11,Electronics,Smart Watch,36.99,263.48
434618074,877572,30364454,36.22,2,2023-10-13,2023-10-15,Delivered,Apple Pay,72.44,2023-10,Oct,2023,10,Electronics,USB-C Hub,46.28,-20.120000000000005
874807770,877572,65804273,184.5,3,2024-12-11,2024-12-15,Delivered,Debit Card,553.5,2024-12,Dec,2024,12,Electronics,USB-C Hub,46.28,414.65999999999997
448303473,334053,90967191,152.84,5,2024-07-05,2024-07-10,Returned,Debit Card,764.2,2024-07,Jul,2024,7,Electronics,Webcam HD,13.0,699.2
934120892,877572,44917589,211.1,2,2024-08-14,2024-08-21,Cancelled,Credit Card,422.2,2024-08,Aug,2024,8,Electronics,USB-C Hub,46.28,329.64
709448939,216739,93926371,147.43,2,2024-01-07,2024-01-12,Delivered,Credit Card,294.86,2024-01,Jan,2024,1,Electronics,Smart Watch,36.99,220.88
740190407,216739,54585178,252.21,5,2024-04-16,2024-04-18,Shipped,Debit Card,1261.05,2024-04,Apr,2024,4,Electronics,Smart Watch,36.99,1076.1
191221925,877572,36998038,288.99,2,2023-05-22,2023-05-23,Shipped,Credit Card,577.98,2023-05,May,2023,5,Electronics,USB-C Hub,46.28,485.42
156488296,876646,60888017,40.73,5,2023-02-25,2023-03-03,Delivered,Apple Pay,203.64999999999998,2023-02,Feb,2023,2,Clothing,Cargo Shorts,8.69,160.2
267052653,191161,82772208,115.91,1,2023-01-31,2023-02-02,Delivered,Credit Card,115.91,2023-01,Jan,2023,1,Home & Kitchen,Coffee Maker,50.5,65.41
269017588,770487,87265240,62.89,2,2023-06-03,2023-06-10,Cancelled,Google Pay,125.78,2023-06,Jun,2023,6,Electronics,Wireless Headphones,27.87,70.03999999999999
910069356,876646,30244148,107.82,1,2024-02-26,2024-03-03,Delivered,Credit Card,107.82,2024-02,Feb,2024,2,Clothing,Cargo Shorts,8.69,99.13
763398699,770487,30534124,56.49,4,2023-06-27,2023-07-02,Returned,Apple Pay,225.96,2023-06,Jun,2023,6,Electronics,Wireless Headphones,27.87,114.48
153432064,809570,47220099,250.55,5,2024-07-21,2024-07-27,Processing,PayPal,1252.75,2024-07,Jul,2024,7,Clothing,Hoodie,111.42,695.65
823668399,216739,29876811,119.48,2,2023-04-05,2023-04-10,Cancelled,Debit Card,238.96,2023-04,Apr,2023,4,Electronics,Smart Watch,36.99,164.98000000000002
187597497,334053,68812137,248.52,5,2024-02-06,2024-02-08,Processing,Credit Card,1242.6000000000001,2024-02,Feb,2024,2,Electronics,Webcam HD,13.0,1177.6000000000001
392168202,191161,64707061,196.14,4,2023-11-17,2023-11-23,Delivered,Credit Card,784.56,2023-11,Nov,2023,11,Home & Kitchen,Coffee Maker,50.5,582.56
575788930,877572,45650176,40.27,3,2023-10-04,2023-10-05,Processing,PayPal,120.81,2023-10,Oct,2023,10,Electronics,USB-C Hub,46.28,-18.03
810751262,216739,16990811,71.44,1,2023-04-20,2023-04-21,Returned,PayPal,71.44,2023-04,Apr,2023,4,Electronics,Smart Watch,36.99,34.449999999999996
555282394,877572,90014570,88.05,5,2023-02-03,2023-02-05,Processing,Credit Card,440.25,2023-02,Feb,2023,2,Electronics,USB-C Hub,46.28,208.85
621475287,207473,66390708,101.22,3,2023-02-16,2023-02-17,Delivered,PayPal,303.65999999999997,2023-02,Feb,2023,2,Clothing,Graphic Tee,66.43,104.36999999999995
751842899,877572,39450273,228.02,3,2023-07-19,2023-07-22,Delivered,Credit Card,684.0600000000001,2023-07,Jul,2023,7,Electronics,USB-C Hub,46.28,545.22
574641329,356787,70467027,155.62,2,2024-05-30,2024-05-31,Delivered,Google Pay,311.24,2024-05,May,2024,5,Electronics,Mechanical Keyboard,38.72,233.8
544726404,770487,33763566,207.88,1,2023-06-15,2023-06-17,Cancelled,Credit Card,207.88,2023-06,Jun,2023,6,Electronics,Wireless Headphones,27.87,180.01
393310667,216739,34850391,232.95,2,2024-10-31,2024-11-02,Processing,Google Pay,465.9,2024-10,Oct,2024,10,Electronics,Smart Watch,36.99,391.91999999999996
331465414,876646,28213276,237.74,3,2023-12-16,2023-12-20,Delivered,PayPal,713.22,2023-12,Dec,2023,12,Clothing,Cargo Shorts,8.69,687.15
910614025,207473,16740197,234.5,4,2023-02-10,2023-02-16,Delivered,Debit Card,938.0,2023-02,Feb,2023,2,Clothing,Graphic Tee,66.43,672.28
650127661,207473,35487660,298.37,1,2024-08-03,2024-08-09,Returned,Credit Card,298.37,2024-08,Aug,2024,8,Clothing,Graphic Tee,66.43,231.94
222210617,126225,40547349,290.98,1,2024-07-14,2024-07-21,Shipped,Credit Card,290.98,2024-07,Jul,2024,7,Electronics,Bluetooth Speaker,22.88,268.1
470626529,126225,16729990,177.18,3,2023-03-11,2023-03-14,Delivered,Credit Card,531.54,2023-03,Mar,2023,3,Electronics,Bluetooth Speaker,22.88,462.9
561616250,126225,69038700,293.75,4,2023-09-22,2023-09-26,Cancelled,Debit Card,1175.0,2023-09,Sep,2023,9,Electronics,Bluetooth Speaker,22.88,1083.48
219066986,216739,87267850,259.1,4,2023-02-10,2023-02-13,Shipped,Google Pay,1036.4,2023-02,Feb,2023,2,Electronics,Smart Watch,36.99,888.44
404133583,719176,89920257,254.99,3,2024-01-11,2024-01-16,Delivered,Credit Card,764.97,2024-01,Jan,2024,1,Home & Kitchen,Cast Iron Pan,90.67,492.96000000000004
828230915,809570,73709724,22.37,1,2023-09-27,2023-10-03,Cancelled,Debit Card,22.37,2023-09,Sep,2023,9,Clothing,Hoodie,111.42,-89.05
828519068,876646,68353204,40.53,4,2023-06-08,2023-06-15,Delivered,Google Pay,162.12,2023-06,Jun,2023,6,Clothing,Cargo Shorts,8.69,127.36000000000001
736873048,334053,97775215,144.05,1,2024-02-02,2024-02-09,Delivered,Apple Pay,144.05,2024-02,Feb,2024,2,Electronics,Webcam HD,13.0,131.05
622517939,246316,55076693,62.27,1,2023-04-22,2023-04-23,Shipped,Apple Pay,62.27,2023-04,Apr,2023,4,Clothing,Running Jacket,48.71,13.560000000000002
665791188,877572,43273328,298.96,4,2023-11-21,2023-11-24,Delivered,Apple Pay,1195.84,2023-11,Nov,2023,11,Electronics,USB-C Hub,46.28,1010.7199999999999
816328133,770487,19209801,52.19,2,2023-06-09,2023-06-13,Delivered,Google Pay,104.38,2023-06,Jun,2023,6,Electronics,Wireless Headphones,27.87,48.63999999999999
431162800,770487,70939053,281.56,3,2024-01-25,2024-01-26,Returned,Apple Pay,844.6800000000001,2024-01,Jan,2024,1,Electronics,Wireless Headphones,27.87,761.07
148766522,216739,30513739,88.25,2,2024-12-01,2024-12-05,Delivered,Debit Card,176.5,2024-12,Dec,2024,12,Electronics,Smart Watch,36.99,102.52
336779871,770487,45810056,262.66,5,2024-12-30,2025-01-03,Delivered,PayPal,1313.3000000000002,2024-12,Dec,2024,12,Electronics,Wireless Headphones,27.87,1173.9500000000003
524410834,126225,87337818,289.37,3,2024-03-14,2024-03-17,Delivered,Debit Card,868.11,2024-03,Mar,2024,3,Electronics,Bluetooth Speaker,22.88,799.47
743520276,356787,18357162,209.75,2,2024-05-01,2024-05-06,Cancelled,Apple Pay,419.5,2024-05,May,2024,5,Electronics,Mechanical Keyboard,38.72,342.06
158821683,356787,87669750,12.87,5,2024-02-03,2024-02-10,Delivered,Credit Card,64.35,2024-02,Feb,2024,2,Electronics,Mechanical Keyboard,38.72,-129.25
108253947,876646,53258988,202.57,3,2023-05-29,2023-06-01,Delivered,Debit Card,607.71,2023-05,May,2023,5,Clothing,Cargo Shorts,8.69,581.64
319497661,719176,66775103,101.75,4,2024-05-26,2024-06-02,Delivered,Google Pay,407.0,2024-05,May,2024,5,Home & Kitchen,Cast Iron Pan,90.67,44.31999999999999
423646570,877572,69476001,195.28,5,2024-10-11,2024-10-15,Delivered,Credit Card,976.4,2024-10,Oct,2024,10,Electronics,USB-C Hub,46.28,745.0
326810757,877572,80166708,168.36,2,2024-03-06,2024-03-12,Processing,Apple Pay,336.72,2024-03,Mar,2024,3,Electronics,USB-C Hub,46.28,244.16000000000003
923935280,216739,26046365,117.36,3,2024-08-13,2024-08-14,Delivered,PayPal,352.08,2024-08,Aug,2024,8,Electronics,Smart Watch,36.99,241.10999999999999
247354744,770487,46817443,299.71,4,2024-05-26,2024-06-01,Shipped,PayPal,1198.84,2024-05,May,2024,5,Electronics,Wireless Headphones,27.87,1087.36
920511515,356787,67062156,107.38,2,2024-06-19,2024-06-26,Shipped,Apple Pay,214.76,2024-06,Jun,2024,6,Electronics,Mechanical Keyboard,38.72,137.32
374361983,216739,56970882,92.65,4,2024-03-22,2024-03-26,Cancelled,PayPal,370.6,2024-03,Mar,2024,3,Electronics,Smart Watch,36.99,222.64000000000001
410791488,876646,23009833,252.79,1,2023-03-31,2023-04-07,Cancelled,Credit Card,252.79,2023-03,Mar,2023,3,Clothing,Cargo Shorts,8.69,244.1
452318696,207473,65177213,227.99,5,2024-05-23,2024-05-29,Delivered,Apple Pay,1139.95,2024-05,May,2024,5,Clothing,Graphic Tee,66.43,807.8
228832213,872246,25014631,256.98,2,2024-11-14,2024-11-17,Delivered,Apple Pay,513.96,2024-11,Nov,2024,11,Clothing,Denim Jeans,29.09,455.78000000000003
108299923,216739,28572252,290.6,4,2023-05-08,2023-05-11,Shipped,Apple Pay,1162.4,2023-05,May,2023,5,Electronics,Smart Watch,36.99,1014.44
634063428,770487,80993218,87.6,3,2024-06-03,2024-06-06,Delivered,Apple Pay,262.79999999999995,2024-06,Jun,2024,6,Electronics,Wireless Headphones,27.87,179.18999999999994
902100304,877572,25014631,54.47,3,2023-01-16,2023-01-17,Returned,Google Pay,163.41,2023-01,Jan,2023,1,Electronics,USB-C Hub,46.28,24.569999999999993
562412302,191161,47463522,288.15,4,2023-12-10,2023-12-12,Delivered,Google Pay,1152.6,2023-12,Dec,2023,12,Home & Kitchen,Coffee Maker,50.5,950.5999999999999
288650860,877572,80823176,47.36,4,2024-08-14,2024-08-18,Cancelled,Debit Card,189.44,2024-08,Aug,2024,8,Electronics,USB-C Hub,46.28,4.319999999999993
238712095,334053,85751409,76.97,2,2023-06-12,2023-06-16,Processing,Credit Card,153.94,2023-06,Jun,2023,6,Electronics,Webcam HD,13.0,127.94
508244633,809570,73509974,252.82,2,2024-10-04,2024-10-07,Delivered,Debit Card,505.64,2024-10,Oct,2024,10,Clothing,Hoodie,111.42,282.79999999999995
671855941,877572,10435578,182.04,1,2024-10-05,2024-10-12,Processing,Google Pay,182.04,2024-10,Oct,2024,10,Electronics,USB-C Hub,46.28,135.76
855561271,719176,13446499,225.27,2,2024-01-27,2024-01-28,Shipped,PayPal,450.54,2024-01,Jan,2024,1,Home & Kitchen,Cast Iron Pan,90.67,269.20000000000005
347079497,216739,43308443,253.72,4,2023-07-18,2023-07-23,Returned,PayPal,1014.88,2023-07,Jul,2023,7,Electronics,Smart Watch,36.99,866.92
637152602,770487,62401521,195.12,5,2024-10-04,2024-10-05,Returned,Credit Card,975.6,2024-10,Oct,2024,10,Electronics,Wireless Headphones,27.87,836.25
699924859,216739,11698142,51.12,3,2023-05-06,2023-05-07,Delivered,Credit Card,153.35999999999999,2023-05,May,2023,5,Electronics,Smart Watch,36.99,42.389999999999986
994807263,216739,99508850,39.18,1,2023-08-01,2023-08-05,Shipped,Credit Card,39.18,2023-08,Aug,2023,8,Electronics,Smart Watch,36.99,2.1899999999999977
817311263,246316,94705205,131.76,3,2023-08-04,2023-08-10,Cancelled,Apple Pay,395.28,2023-08,Aug,2023,8,Clothing,Running Jacket,48.71,249.14999999999998
965650861,126225,70897765,174.51,5,2023-07-02,2023-07-08,Returned,Credit Card,872.55,2023-07,Jul,2023,7,Electronics,Bluetooth Speaker,22.88,758.15
480284107,216739,79782527,183.99,1,2024-05-10,2024-05-15,Delivered,Google Pay,183.99,2024-05,May,2024,5,Electronics,Smart Watch,36.99,147.0
177390472,770487,52169044,165.42,5,2024-09-12,2024-09-13,Processing,Debit Card,827.0999999999999,2024-09,Sep,2024,9,Electronics,Wireless Headphones,27.87,687.7499999999999
526351920,877572,35714784,104.98,2,2023-08-11,2023-08-12,Delivered,Debit Card,209.96,2023-08,Aug,2023,8,Electronics,USB-C Hub,46.28,117.4
896760809,216739,87337818,169.92,3,2023-12-23,2023-12-29,Shipped,Apple Pay,509.76,2023-12,Dec,2023,12,Electronics,Smart Watch,36.99,398.78999999999996
145421708,334053,93115778,60.15,3,2023-07-17,2023-07-20,Shipped,Credit Card,180.45,2023-07,Jul,2023,7,Electronics,Webcam HD,13.0,141.45
568387228,207473,56600900,240.28,4,2023-11-16,2023-11-18,Shipped,Apple Pay,961.12,2023-11,Nov,2023,11,Clothing,Graphic Tee,66.43,695.4
120123575,334053,29876811,41.18,4,2023-11-23,2023-11-28,Shipped,Debit Card,164.72,2023-11,Nov,2023,11,Electronics,Webcam HD,13.0,112.72
593657365,770487,73709724,287.84,3,2023-06-21,2023-06-22,Processing,Apple Pay,863.52,2023-06,Jun,2023,6,Electronics,Wireless Headphones,27.87,779.91
183604337,388389,42394260,125.5,1,2024-06-27,2024-06-30,Delivered,PayPal,125.5,2024-06,Jun,2024,6,Electronics,Laptop Stand,88.92,36.58
436146289,334053,26726926,72.39,3,2023-09-09,2023-09-10,Delivered,Debit Card,217.17000000000002,2023-09,Sep,2023,9,Electronics,Webcam HD,13.0,178.17000000000002
718216692,770487,57130035,217.86,2,2024-12-05,2024-12-06,Shipped,Google Pay,435.72,2024-12,Dec,2024,12,Electronics,Wireless Headphones,27.87,379.98
560940492,216739,44392446,92.24,2,2023-03-09,2023-03-13,Processing,Debit Card,184.48,2023-03,Mar,2023,3,Electronics,Smart Watch,36.99,110.49999999999999
715683222,216739,16895666,259.36,1,2024-09-14,2024-09-21,Processing,Apple Pay,259.36,2024-09,Sep,2024,9,Electronics,Smart Watch,36.99,222.37
534245762,809570,47463522,67.16,4,2023-11-24,2023-11-26,Shipped,Credit Card,268.64,2023-11,Nov,2023,11,Clothing,Hoodie,111.42,-177.04000000000002
861818706,388389,20117988,184.4,5,2024-04-08,2024-04-10,Shipped,Debit Card,922.0,2024-04,Apr,2024,4,Electronics,Laptop Stand,88.92,477.4
787346882,770487,21490777,274.37,3,2024-08-12,2024-08-13,Delivered,Apple Pay,823.11,2024-08,Aug,2024,8,Electronics,Wireless Headphones,27.87,739.5
548495473,770487,60882459,196.97,1,2023-02-10,2023-02-13,Shipped,Credit Card,196.97,2023-02,Feb,2023,2,Electronics,Wireless Headphones,27.87,169.1
410864588,191161,19943140,101.98,3,2023-11-05,2023-11-08,Shipped,Credit Card,305.94,2023-11,Nov,2023,11,Home & Kitchen,Coffee Maker,50.5,154.44
223666470,872246,62343121,124.05,4,2024-09-19,2024-09-20,Shipped,Credit Card,496.2,2024-09,Sep,2024,9,Clothing,Denim Jeans,29.09,379.84
534900128,770487,90388981,249.37,2,2023-08-18,2023-08-19,Delivered,PayPal,498.74,2023-08,Aug,2023,8,Electronics,Wireless Headphones,27.87,443.0
122394554,191161,27896471,35.51,3,2023-08-20,2023-08-22,Returned,Google Pay,106.53,2023-08,Aug,2023,8,Home & Kitchen,Coffee Maker,50.5,-44.97
448717183,770487,91415657,22.48,1,2023-09-23,2023-09-30,Delivered,Credit Card,22.48,2023-09,Sep,2023,9,Electronics,Wireless Headphones,27.87,-5.390000000000001
284547422,877572,88183110,278.2,5,2024-12-16,2024-12-18,Shipped,Credit Card,1391.0,2024-12,Dec,2024,12,Electronics,USB-C Hub,46.28,1159.6
960413104,216739,93955206,290.08,4,2024-08-21,2024-08-28,Cancelled,Apple Pay,1160.32,2024-08,Aug,2024,8,Electronics,Smart Watch,36.99,1012.3599999999999
763706947,216739,20200074,152.12,3,2024-05-04,2024-05-10,Delivered,Apple Pay,456.36,2024-05,May,2024,5,Electronics,Smart Watch,36.99,345.39
594025283,126225,73001391,171.96,2,2023-03-26,2023-03-29,Cancelled,Debit Card,343.92,2023-03,Mar,2023,3,Electronics,Bluetooth Speaker,22.88,298.16
993381017,877572,60119651,204.43,4,2023-08-06,2023-08-07,Returned,Apple Pay,817.72,2023-08,Aug,2023,8,Electronics,USB-C Hub,46.28,632.6
840463141,877572,61700055,181.24,5,2023-08-02,2023-08-09,Processing,PayPal,906.2,2023-08,Aug,2023,8,Electronics,USB-C Hub,46.28,674.8000000000001
488536370,671858,11646234,54.65,5,2024-04-09,2024-04-15,Delivered,Debit Card,273.25,2024-04,Apr,2024,4,Home & Kitchen,Air Fryer,110.01,-276.80000000000007
194628740,877572,97873101,189.93,2,2024-04-08,2024-04-15,Returned,Apple Pay,379.86,2024-04,Apr,2024,4,Electronics,USB-C Hub,46.28,287.3
568915703,877572,77491435,285.92,5,2024-12-03,2024-12-06,Cancelled,Credit Card,1429.6000000000001,2024-12,Dec,2024,12,Electronics,USB-C Hub,46.28,1198.2
213669678,126225,97705310,14.8,4,2023-04-23,2023-04-25,Delivered,PayPal,59.2,2023-04,Apr,2023,4,Electronics,Bluetooth Speaker,22.88,-32.31999999999999
361259074,770487,71028710,87.01,5,2024-04-08,2024-04-11,Delivered,PayPal,435.05,2024-04,Apr,2024,4,Electronics,Wireless Headphones,27.87,295.70000000000005
567804106,877572,68496914,106.77,4,2024-03-17,2024-03-22,Delivered,PayPal,427.08,2024-03,Mar,2024,3,Electronics,USB-C Hub,46.28,241.95999999999998
732295732,877572,43311626,95.25,4,2024-03-08,2024-03-10,Delivered,Google Pay,381.0,2024-03,Mar,2024,3,Electronics,USB-C Hub,46.28,195.88
529979713,388389,62343121,41.65,1,2024-06-15,2024-06-19,Cancelled,Debit Card,41.65,2024-06,Jun,2024,6,Electronics,Laptop Stand,88.92,-47.27
662600500,770487,42138745,79.23,5,2024-08-12,2024-08-15,Delivered,PayPal,396.15000000000003,2024-08,Aug,2024,8,Electronics,Wireless Headphones,27.87,256.80000000000007
184446671,877572,46817443,123.93,2,2024-02-19,2024-02-23,Cancelled,PayPal,247.86,2024-02,Feb,2024,2,Electronics,USB-C Hub,46.28,155.3
524951250,216739,79782527,214.69,3,2024-10-14,2024-10-17,Cancelled,Credit Card,644.0699999999999,2024-10,Oct,2024,10,Electronics,Smart Watch,36.99,533.0999999999999
433154770,877572,40291214,272.92,2,2023-11-09,2023-11-16,Delivered,PayPal,545.84,2023-11,Nov,2023,11,Electronics,USB-C Hub,46.28,453.28000000000003
900801837,216739,90070438,289.04,4,2024-04-11,2024-04-13,Shipped,PayPal,1156.16,2024-04,Apr,2024,4,Electronics,Smart Watch,36.99,1008.2
464549612,126225,94705205,230.47,1,2023-06-24,2023-06-30,Processing,PayPal,230.47,2023-06,Jun,2023,6,Electronics,Bluetooth Speaker,22.88,207.59
337911187,246316,61053877,41.71,1,2023-09-11,2023-09-15,Processing,PayPal,41.71,2023-09,Sep,2023,9,Clothing,Running Jacket,48.71,-7.0
457629711,216739,45520201,37.22,3,2023-05-31,2023-06-07,Returned,PayPal,111.66,2023-05,May,2023,5,Electronics,Smart Watch,36.99,0.6899999999999977
936571442,246316,67887757,202.38,3,2024-07-12,2024-07-15,Delivered,Apple Pay,607.14,2024-07,Jul,2024,7,Clothing,Running Jacket,48.71,461.01
280531127,770487,61343880,268.49,5,2024-12-28,2024-12-31,Shipped,Credit Card,1342.45,2024-12,Dec,2024,12,Electronics,Wireless Headphones,27.87,1203.1000000000001
182011731,388389,30024960,52.88,4,2024-10-17,2024-10-18,Returned,Debit Card,211.52,2024-10,Oct,2024,10,Electronics,Laptop Stand,88.92,-144.16
648127255,809570,99038359,80.86,4,2024-05-24,2024-05-25,Delivered,Debit Card,323.44,2024-05,May,2024,5,Clothing,Hoodie,111.42,-122.24000000000001
779919809,877572,47080140,264.36,5,2023-04-21,2023-04-24,Shipped,Google Pay,1321.8000000000002,2023-04,Apr,2023,4,Electronics,USB-C Hub,46.28,1090.4
222435172,126225,24549543,131.01,3,2024-02-05,2024-02-10,Delivered,Debit Card,393.03,2024-02,Feb,2024,2,Electronics,Bluetooth Speaker,22.88,324.39
669732591,770487,17318358,187.58,4,2023-12-18,2023-12-25,Returned,Apple Pay,750.32,2023-12,Dec,2023,12,Electronics,Wireless Headphones,27.87,638.84
647556857,207473,79782527,291.14,4,2023-10-23,2023-10-24,Cancelled,Debit Card,1164.56,2023-10,Oct,2023,10,Clothing,Graphic Tee,66.43,898.8399999999999
308202515,246316,28213276,171.85,2,2023-10-24,2023-10-29,Delivered,Apple Pay,343.7,2023-10,Oct,2023,10,Clothing,Running Jacket,48.71,246.27999999999997
933468715,126225,78139880,73.01,5,2024-04-09,2024-04-10,Delivered,Credit Card,365.05,2024-04,Apr,2024,4,Electronics,Bluetooth Speaker,22.88,250.65000000000003
475138838,877572,19391725,10.18,3,2024-11-07,2024-11-14,Delivered,PayPal,30.54,2024-11,Nov,2024,11,Electronics,USB-C Hub,46.28,-108.30000000000001
476990466,216739,99788677,51.36,2,2024-12-31,2025-01-03,Shipped,Google Pay,102.72,2024-12,Dec,2024,12,Electronics,Smart Watch,36.99,28.739999999999995
881017363,216739,12614124,82.12,4,2024-04-29,2024-05-02,Shipped,Apple Pay,328.48,2024-04,Apr,2024,4,Electronics,Smart Watch,36.99,180.52
979339361,126225,15197528,60.25,4,2024-09-03,2024-09-06,Cancelled,PayPal,241.0,2024-09,Sep,2024,9,Electronics,Bluetooth Speaker,22.88,149.48000000000002
793039113,671858,39042654,49.34,5,2023-07-24,2023-07-27,Delivered,PayPal,246.70000000000002,2023-07,Jul,2023,7,Home & Kitchen,Air Fryer,110.01,-303.35
975139327,877572,19209801,236.89,4,2023-07-07,2023-07-11,Delivered,Debit Card,947.56,2023-07,Jul,2023,7,Electronics,USB-C Hub,46.28,762.4399999999999
258580752,872246,35921441,216.64,4,2024-05-30,2024-06-05,Delivered,Apple Pay,866.56,2024-05,May,2024,5,Clothing,Denim Jeans,29.09,750.1999999999999
353691745,246316,73771720,274.63,1,2024-04-17,2024-04-18,Returned,Apple Pay,274.63,2024-04,Apr,2024,4,Clothing,Running Jacket,48.71,225.92
210385522,216739,89520597,80.36,5,2023-11-06,2023-11-13,Delivered,Debit Card,401.8,2023-11,Nov,2023,11,Electronics,Smart Watch,36.99,216.85
257243284,207473,91503378,229.04,4,2023-10-28,2023-10-29,Delivered,Apple Pay,916.16,2023-10,Oct,2023,10,Clothing,Graphic Tee,66.43,650.4399999999999
374843786,877572,38427073,88.34,1,2023-03-28,2023-03-29,Delivered,Google Pay,88.34,2023-03,Mar,2023,3,Electronics,USB-C Hub,46.28,42.06
311818984,216739,91503378,106.07,1,2024-05-08,2024-05-14,Delivered,Google Pay,106.07,2024-05,May,2024,5,Electronics,Smart Watch,36.99,69.07999999999998
286293158,809570,43887075,69.46,2,2023-02-24,2023-03-02,Processing,Apple Pay,138.92,2023-02,Feb,2023,2,Clothing,Hoodie,111.42,-83.92000000000002
746820987,216739,61343880,218.54,1,2024-10-05,2024-10-08,Returned,Apple Pay,218.54,2024-10,Oct,2024,10,Electronics,Smart Watch,36.99,181.54999999999998
264142683,207473,35714784,54.37,1,2023-03-10,2023-03-11,Processing,Credit Card,54.37,2023-03,Mar,2023,3,Clothing,Graphic Tee,66.43,-12.06000000000001
916274954,877572,31682744,123.3,1,2024-06-01,2024-06-05,Delivered,Apple Pay,123.3,2024-06,Jun,2024,6,Electronics,USB-C Hub,46.28,77.02
915133660,246316,84252420,248.28,4,2024-07-13,2024-07-16,Returned,Google Pay,993.12,2024-07,Jul,2024,7,Clothing,Running Jacket,48.71,798.28
803847447,216739,55679506,51.08,2,2023-01-23,2023-01-25,Delivered,Google Pay,102.16,2023-01,Jan,2023,1,Electronics,Smart Watch,36.99,28.179999999999993
180909963,876646,52436584,94.1,1,2024-05-02,2024-05-06,Processing,Apple Pay,94.1,2024-05,May,2024,5,Clothing,Cargo Shorts,8.69,85.41
290209201,356787,78608612,241.95,4,2024-01-31,2024-02-06,Shipped,Apple Pay,967.8,2024-01,Jan,2024,1,Electronics,Mechanical Keyboard,38.72,812.92
929839316,877572,34627347,13.19,3,2024-07-31,2024-08-04,Delivered,Google Pay,39.57,2024-07,Jul,2024,7,Electronics,USB-C Hub,46.28,-99.27000000000001
774254861,126225,63826716,142.91,1,2024-04-24,2024-04-30,Delivered,PayPal,142.91,2024-04,Apr,2024,4,Electronics,Bluetooth Speaker,22.88,120.03
630554118,872246,75181765,271.73,5,2023-08-04,2023-08-07,Shipped,Google Pay,1358.65,2023-08,Aug,2023,8,Clothing,Denim Jeans,29.09,1213.2
598165815,216739,19391725,173.3,4,2024-11-02,2024-11-08,Cancelled,Debit Card,693.2,2024-11,Nov,2024,11,Electronics,Smart Watch,36.99,545.24
910080036,388389,42655866,29.77,4,2023-11-07,2023-11-11,Shipped,Apple Pay,119.08,2023-11,Nov,2023,11,Electronics,Laptop Stand,88.92,-236.60000000000002
705306363,207473,63238057,234.86,5,2024-12-26,2024-12-31,Delivered,Debit Card,1174.3000000000002,2024-12,Dec,2024,12,Clothing,Graphic Tee,66.43,842.1500000000001
915911873,126225,26247735,127.08,1,2024-09-24,2024-10-01,Delivered,Debit Card,127.08,2024-09,Sep,2024,9,Electronics,Bluetooth Speaker,22.88,104.2
722199123,770487,75529051,103.85,2,2024-11-26,2024-11-30,Returned,Debit Card,207.7,2024-11,Nov,2024,11,Electronics,Wireless Headphones,27.87,151.95999999999998
582008349,216739,41568532,292.25,1,2024-01-29,2024-02-05,Delivered,Google Pay,292.25,2024-01,Jan,2024,1,Electronics,Smart Watch,36.99,255.26
831361497,770487,52587010,193.07,1,2024-01-19,2024-01-24,Delivered,PayPal,193.07,2024-01,Jan,2024,1,Electronics,Wireless Headphones,27.87,165.2
706118438,216739,83542887,176.39,2,2023-05-17,2023-05-23,Delivered,PayPal,352.78,2023-05,May,2023,5,Electronics,Smart Watch,36.99,278.79999999999995
790407222,246316,64543049,225.21,4,2023-08-19,2023-08-21,Returned,Google Pay,900.84,2023-08,Aug,2023,8,Clothing,Running Jacket,48.71,706.0
782146375,671858,99788677,192.43,1,2024-08-19,2024-08-20,Delivered,Credit Card,192.43,2024-08,Aug,2024,8,Home & Kitchen,Air Fryer,110.01,82.42
770575153,770487,78064830,168.5,1,2024-02-22,2024-02-27,Delivered,Debit Card,168.5,2024-02,Feb,2024,2,Electronics,Wireless Headphones,27.87,140.63
447042200,809570,30024960,153.88,2,2024-10-19,2024-10-24,Processing,Apple Pay,307.76,2024-10,Oct,2024,10,Clothing,Hoodie,111.42,84.91999999999999
773469560,216739,18593410,191.38,1,2024-03-25,2024-03-29,Processing,Credit Card,191.38,2024-03,Mar,2024,3,Electronics,Smart Watch,36.99,154.39
439451556,126225,45810056,154.62,1,2023-04-14,2023-04-15,Processing,Google Pay,154.62,2023-04,Apr,2023,4,Electronics,Bluetooth Speaker,22.88,131.74
262089272,126225,47135391,113.78,2,2024-02-04,2024-02-10,Delivered,Credit Card,227.56,2024-02,Feb,2024,2,Electronics,Bluetooth Speaker,22.88,181.8
572191734,872246,98986321,100.54,5,2024-09-17,2024-09-22,Delivered,Google Pay,502.70000000000005,2024-09,Sep,2024,9,Clothing,Denim Jeans,29.09,357.25000000000006
173321814,876646,50477742,199.43,1,2024-04-27,2024-04-30,Delivered,Apple Pay,199.43,2024-04,Apr,2024,4,Clothing,Cargo Shorts,8.69,190.74
603500181,770487,63826716,246.85,3,2023-07-29,2023-08-03,Returned,Credit Card,740.55,2023-07,Jul,2023,7,Electronics,Wireless Headphones,27.87,656.9399999999999
574817290,877572,32520277,252.14,1,2024-09-16,2024-09-22,Delivered,Credit Card,252.14,2024-09,Sep,2024,9,Electronics,USB-C Hub,46.28,205.85999999999999
777944609,334053,72394301,148.83,2,2023-03-24,2023-03-29,Delivered,Credit Card,297.66,2023-03,Mar,2023,3,Electronics,Webcam HD,13.0,271.66
425150964,216739,73900135,148.49,2,2023-12-25,2023-12-29,Delivered,Credit Card,296.98,2023-12,Dec,2023,12,Electronics,Smart Watch,36.99,223.0
955052486,770487,63121477,259.48,1,2024-07-01,2024-07-06,Processing,Apple Pay,259.48,2024-07,Jul,2024,7,Electronics,Wireless Headphones,27.87,231.61
394928601,877572,50569669,213.38,5,2023-05-09,2023-05-13,Delivered,Credit Card,1066.9,2023-05,May,2023,5,Electronics,USB-C Hub,46.28,835.5000000000001
735032128,126225,19391725,136.58,1,2023-07-18,2023-07-21,Delivered,Debit Card,136.58,2023-07,Jul,2023,7,Electronics,Bluetooth Speaker,22.88,113.70000000000002
160314355,216739,84437458,228.24,5,2024-02-27,2024-03-04,Processing,Credit Card,1141.2,2024-02,Feb,2024,2,Electronics,Smart Watch,36.99,956.25
477895080,216739,51837852,46.74,2,2023-03-20,2023-03-21,Delivered,Credit Card,93.48,2023-03,Mar,2023,3,Electronics,Smart Watch,36.99,19.5
644748834,216739,13326769,125.36,1,2023-05-13,2023-05-18,Cancelled,Credit Card,125.36,2023-05,May,2023,5,Electronics,Smart Watch,36.99,88.37
179661615,216739,66240084,245.88,2,2024-12-23,2024-12-29,Shipped,PayPal,491.76,2024-12,Dec,2024,12,Electronics,Smart Watch,36.99,417.78
433297890,356787,13326769,162.77,3,2024-10-31,2024-11-02,Delivered,Google Pay,488.31000000000006,2024-10,Oct,2024,10,Electronics,Mechanical Keyboard,38.72,372.1500000000001
595792218,126225,73771720,150.99,1,2024-12-23,2024-12-28,Delivered,Debit Card,150.99,2024-12,Dec,2024,12,Electronics,Bluetooth Speaker,22.88,128.11
585238820,191161,28024248,170.35,1,2023-11-09,2023-11-15,Delivered,Debit Card,170.35,2023-11,Nov,2023,11,Home & Kitchen,Coffee Maker,50.5,119.85
140380477,770487,26989677,231.61,1,2024-03-26,2024-04-01,Delivered,Apple Pay,231.61,2024-03,Mar,2024,3,Electronics,Wireless Headphones,27.87,203.74
161085229,126225,81503856,249.87,1,2024-01-29,2024-02-01,Delivered,PayPal,249.87,2024-01,Jan,2024,1,Electronics,Bluetooth Speaker,22.88,226.99
495928981,191161,82238741,120.94,4,2023-01-20,2023-01-27,Delivered,Debit Card,483.76,2023-01,Jan,2023,1,Home & Kitchen,Coffee Maker,50.5,281.76
993027458,877572,55298556,98.48,5,2023-02-23,2023-03-01,Returned,PayPal,492.40000000000003,2023-02,Feb,2023,2,Electronics,USB-C Hub,46.28,261.0
408246619,126225,85283645,229.59,3,2024-08-28,2024-08-30,Cancelled,Google Pay,688.77,2024-08,Aug,2024,8,Electronics,Bluetooth Speaker,22.88,620.13
182389284,334053,85543051,41.66,4,2023-02-28,2023-03-07,Cancelled,PayPal,166.64,2023-02,Feb,2023,2,Electronics,Webcam HD,13.0,114.63999999999999
792205349,191161,47346970,176.04,5,2024-04-19,2024-04-23,Returned,Google Pay,880.1999999999999,2024-04,Apr,2024,4,Home & Kitchen,Coffee Maker,50.5,627.6999999999999
196955134,877572,82498004,273.23,3,2023-09-01,2023-09-03,Returned,PayPal,819.69,2023-09,Sep,2023,9,Electronics,USB-C Hub,46.28,680.85
760360225,216739,41068214,107.87,4,2024-07-09,2024-07-12,Delivered,Google Pay,431.48,2024-07,Jul,2024,7,Electronics,Smart Watch,36.99,283.52
737888347,126225,70152969,46.04,5,2024-09-14,2024-09-15,Cancelled,PayPal,230.2,2024-09,Sep,2024,9,Electronics,Bluetooth Speaker,22.88,115.8
644459924,216739,92228802,137.56,4,2024-04-18,2024-04-19,Delivered,PayPal,550.24,2024-04,Apr,2024,4,Electronics,Smart Watch,36.99,402.28
512834919,246316,73560289,26.98,1,2023-08-12,2023-08-16,Delivered,Google Pay,26.98,2023-08,Aug,2023,8,Clothing,Running Jacket,48.71,-21.73
596832859,770487,89920257,232.12,3,2023-07-04,2023-07-07,Delivered,Apple Pay,696.36,2023-07,Jul,2023,7,Electronics,Wireless Headphones,27.87,612.75
723123952,216739,48285503,24.37,1,2024-09-24,2024-09-30,Cancelled,Credit Card,24.37,2024-09,Sep,2024,9,Electronics,Smart Watch,36.99,-12.620000000000001
695192667,126225,85017682,22.16,2,2024-08-16,2024-08-19,Delivered,PayPal,44.32,2024-08,Aug,2024,8,Electronics,Bluetooth Speaker,22.88,-1.4399999999999977
950207886,126225,82399599,78.05,1,2023-02-15,2023-02-20,Delivered,Google Pay,78.05,2023-02,Feb,2023,2,Electronics,Bluetooth Speaker,22.88,55.17
893410426,770487,46553958,175.4,4,2023-07-28,2023-07-31,Delivered,Apple Pay,701.6,2023-07,Jul,2023,7,Electronics,Wireless Headphones,27.87,590.12
144047803,770487,45059710,114.47,4,2024-09-13,2024-09-20,Cancelled,PayPal,457.88,2024-09,Sep,2024,9,Electronics,Wireless Headphones,27.87,346.4
582897882,246316,54585178,56.48,1,2024-09-28,2024-09-29,Delivered,Debit Card,56.48,2024-09,Sep,2024,9,Clothing,Running Jacket,48.71,7.769999999999996
969533218,719176,17270733,244.32,5,2024-09-15,2024-09-17,Cancelled,Google Pay,1221.6,2024-09,Sep,2024,9,Home & Kitchen,Cast Iron Pan,90.67,768.2499999999999
713811693,671858,15957459,250.9,1,2023-08-09,2023-08-13,Cancelled,Debit Card,250.9,2023-08,Aug,2023,8,Home & Kitchen,Air Fryer,110.01,140.89
799905142,334053,42255732,287.99,2,2023-03-22,2023-03-23,Processing,Google Pay,575.98,2023-03,Mar,2023,3,Electronics,Webcam HD,13.0,549.98
302120588,207473,84903294,222.57,5,2024-03-04,2024-03-09,Returned,Credit Card,1112.85,2024-03,Mar,2024,3,Clothing,Graphic Tee,66.43,780.6999999999998
445236735,207473,34391257,101.9,2,2024-06-16,2024-06-20,Returned,Google Pay,203.8,2024-06,Jun,2024,6,Clothing,Graphic Tee,66.43,70.94
749620068,388389,87925434,232.61,3,2023-09-06,2023-09-13,Delivered,Apple Pay,697.83,2023-09,Sep,2023,9,Electronics,Laptop Stand,88.92,431.07000000000005
610702777,356787,35529407,139.04,4,2024-12-10,2024-12-12,Delivered,Credit Card,556.16,2024-12,Dec,2024,12,Electronics,Mechanical Keyboard,38.72,401.28
638339044,356787,94705205,150.39,2,2024-01-06,2024-01-12,Shipped,Apple Pay,300.78,2024-01,Jan,2024,1,Electronics,Mechanical Keyboard,38.72,223.33999999999997
261985842,877572,69476001,235.16,4,2024-07-04,2024-07-06,Cancelled,Google Pay,940.64,2024-07,Jul,2024,7,Electronics,USB-C Hub,46.28,755.52
166436383,126225,93303777,44.2,4,2023-12-16,2023-12-19,Shipped,Google Pay,176.8,2023-12,Dec,2023,12,Electronics,Bluetooth Speaker,22.88,85.28000000000002
583745511,126225,75437844,264.15,1,2023-07-22,2023-07-24,Delivered,Credit Card,264.15,2023-07,Jul,2023,7,Electronics,Bluetooth Speaker,22.88,241.26999999999998
211134294,877572,69421007,262.13,4,2023-04-14,2023-04-16,Delivered,Debit Card,1048.52,2023-04,Apr,2023,4,Electronics,USB-C Hub,46.28,863.4
970768982,877572,29806690,126.66,5,2023-12-29,2023-12-31,Delivered,PayPal,633.3,2023-12,Dec,2023,12,Electronics,USB-C Hub,46.28,401.9
999126903,126225,59737181,41.24,1,2024-09-15,2024-09-20,Delivered,PayPal,41.24,2024-09,Sep,2024,9,Electronics,Bluetooth Speaker,22.88,18.360000000000003
468763500,246316,53622663,252.08,3,2024-04-05,2024-04-11,Returned,Apple Pay,756.24,2024-04,Apr,2024,4,Clothing,Running Jacket,48.71,610.11
866990485,216739,87446468,281.61,1,2024-08-26,2024-09-02,Delivered,Credit Card,281.61,2024-08,Aug,2024,8,Electronics,Smart Watch,36.99,244.62
190547712,207473,43742830,120.01,4,2024-10-26,2024-10-30,Delivered,Google Pay,480.04,2024-10,Oct,2024,10,Clothing,Graphic Tee,66.43,214.32
641755366,876646,47945817,96.22,3,2023-04-10,2023-04-12,Delivered,Google Pay,288.65999999999997,2023-04,Apr,2023,4,Clothing,Cargo Shorts,8.69,262.59
793773681,872246,94187049,279.12,3,2024-06-04,2024-06-11,Delivered,Apple Pay,837.36,2024-06,Jun,2024,6,Clothing,Denim Jeans,29.09,750.09
285283722,356787,10289289,284.06,2,2023-02-12,2023-02-19,Shipped,Google Pay,568.12,2023-02,Feb,2023,2,Electronics,Mechanical Keyboard,38.72,490.68
142028540,388389,46023439,110.72,2,2023-11-18,2023-11-19,Delivered,PayPal,221.44,2023-11,Nov,2023,11,Electronics,Laptop Stand,88.92,43.599999999999994
366012797,388389,80993218,282.36,3,2023-06-23,2023-06-26,Processing,Credit Card,847.08,2023-06,Jun,2023,6,Electronics,Laptop Stand,88.92,580.32
859803019,126225,32097220,170.12,5,2023-04-09,2023-04-11,Returned,Debit Card,850.6,2023-04,Apr,2023,4,Electronics,Bluetooth Speaker,22.88,736.2
570039364,770487,20570592,241.7,1,2024-07-06,2024-07-11,Shipped,Credit Card,241.7,2024-07,Jul,2024,7,Electronics,Wireless Headphones,27.87,213.82999999999998
571825556,877572,43311626,46.58,4,2024-03-31,2024-04-05,Delivered,Credit Card,186.32,2024-03,Mar,2024,3,Electronics,USB-C Hub,46.28,1.1999999999999886
662714327,876646,66623995,153.03,1,2024-03-31,2024-04-04,Returned,Debit Card,153.03,2024-03,Mar,2024,3,Clothing,Cargo Shorts,8.69,144.34
661296425,388389,81979055,32.92,2,2023-12-29,2024-01-05,Cancelled,Credit Card,65.84,2023-12,Dec,2023,12,Electronics,Laptop Stand,88.92,-112.0
754773573,126225,51373735,223.29,1,2024-04-09,2024-04-15,Cancelled,PayPal,223.29,2024-04,Apr,2024,4,Electronics,Bluetooth Speaker,22.88,200.41
270452446,719176,43446826,240.31,3,2023-04-13,2023-04-19,Delivered,Google Pay,720.9300000000001,2023-04,Apr,2023,4,Home & Kitchen,Cast Iron Pan,90.67,448.9200000000001
490732457,809570,60867083,191.9,2,2023-02-06,2023-02-12,Delivered,Google Pay,383.8,2023-02,Feb,2023,2,Clothing,Hoodie,111.42,160.96
500346767,334053,82909480,86.92,2,2024-11-20,2024-11-22,Shipped,Debit Card,173.84,2024-11,Nov,2024,11,Electronics,Webcam HD,13.0,147.84
403754671,876646,11980765,263.99,5,2023-07-23,2023-07-29,Returned,Debit Card,1319.95,2023-07,Jul,2023,7,Clothing,Cargo Shorts,8.69,1276.5
515985367,770487,10791358,70.47,2,2024-07-25,2024-07-30,Delivered,Apple Pay,140.94,2024-07,Jul,2024,7,Electronics,Wireless Headphones,27.87,85.19999999999999
538912794,877572,34406132,194.93,4,2024-08-20,2024-08-22,Processing,Debit Card,779.72,2024-08,Aug,2024,8,Electronics,USB-C Hub,46.28,594.6
931575232,216739,13326769,152.15,4,2024-11-15,2024-11-19,Processing,PayPal,608.6,2024-11,Nov,2024,11,Electronics,Smart Watch,36.99,460.64
463318956,872246,64634663,289.24,3,2023-08-13,2023-08-14,Shipped,Apple Pay,867.72,2023-08,Aug,2023,8,Clothing,Denim Jeans,29.09,780.45
828960875,877572,35529407,287.32,1,2023-06-30,2023-07-04,Delivered,Apple Pay,287.32,2023-06,Jun,2023,6,Electronics,USB-C Hub,46.28,241.04
741975062,877572,61053877,209.28,1,2024-09-07,2024-09-11,Delivered,PayPal,209.28,2024-09,Sep,2024,9,Electronics,USB-C Hub,46.28,163.0
156227043,877572,68800797,103.72,3,2024-07-29,2024-08-05,Shipped,Apple Pay,311.15999999999997,2024-07,Jul,2024,7,Electronics,USB-C Hub,46.28,172.31999999999996
947425963,671858,94951883,87.8,2,2023-09-24,2023-09-25,Delivered,Credit Card,175.6,2023-09,Sep,2023,9,Home & Kitchen,Air Fryer,110.01,-44.420000000000016
777409303,388389,50603163,165.43,1,2024-08-09,2024-08-11,Processing,Google Pay,165.43,2024-08,Aug,2024,8,Electronics,Laptop Stand,88.92,76.51
795038832,770487,76001106,119.95,3,2023-01-22,2023-01-29,Delivered,Google Pay,359.85,2023-01,Jan,2023,1,Electronics,Wireless Headphones,27.87,276.24
459327003,216739,13637575,165.28,2,2023-08-04,2023-08-07,Returned,Google Pay,330.56,2023-08,Aug,2023,8,Electronics,Smart Watch,36.99,256.58
170772317,334053,99038526,56.8,3,2023-10-25,2023-11-01,Delivered,Apple Pay,170.39999999999998,2023-10,Oct,2023,10,Electronics,Webcam HD,13.0,131.39999999999998
454002758,877572,22388090,255.18,5,2023-01-14,2023-01-15,Delivered,Google Pay,1275.9,2023-01,Jan,2023,1,Electronics,USB-C Hub,46.28,1044.5
201474984,334053,19289546,97.42,2,2023-06-10,2023-06-13,Cancelled,Debit Card,194.84,2023-06,Jun,2023,6,Electronics,Webcam HD,13.0,168.84
699108439,770487,83542887,48.04,3,2024-11-02,2024-11-06,Returned,Credit Card,144.12,2024-11,Nov,2024,11,Electronics,Wireless Headphones,27.87,60.510000000000005
828404274,877572,78137358,250.76,5,2023-01-16,2023-01-22,Delivered,Credit Card,1253.8,2023-01,Jan,2023,1,Electronics,USB-C Hub,46.28,1022.4
515070154,876646,78608612,185.64,3,2023-07-18,2023-07-25,Returned,PayPal,556.92,2023-07,Jul,2023,7,Clothing,Cargo Shorts,8.69,530.8499999999999
405100495,334053,30513739,143.07,1,2023-11-06,2023-11-09,Delivered,Google Pay,143.07,2023-11,Nov,2023,11,Electronics,Webcam HD,13.0,130.07
370578414,877572,73440831,172.68,4,2023-08-16,2023-08-20,Delivered,Google Pay,690.72,2023-08,Aug,2023,8,Electronics,USB-C Hub,46.28,505.6
877103091,770487,83300637,231.17,1,2024-02-08,2024-02-11,Shipped,Debit Card,231.17,2024-02,Feb,2024,2,Electronics,Wireless Headphones,27.87,203.29999999999998
804980312,207473,79182797,117.24,5,2023-08-26,2023-08-30,Delivered,PayPal,586.1999999999999,2023-08,Aug,2023,8,Clothing,Graphic Tee,66.43,254.0499999999999
747145068,770487,73481353,70.22,4,2024-07-28,2024-07-30,Processing,Debit Card,280.88,2024-07,Jul,2024,7,Electronics,Wireless Headphones,27.87,169.39999999999998
261462131,877572,28213276,77.39,4,2024-08-03,2024-08-10,Delivered,Apple Pay,309.56,2024-08,Aug,2024,8,Electronics,USB-C Hub,46.28,124.44
457944766,388389,75319931,209.8,5,2023-02-07,2023-02-10,Shipped,Credit Card,1049.0,2023-02,Feb,2023,2,Electronics,Laptop Stand,88.92,604.4
187512088,388389,45520201,151.72,4,2024-07-29,2024-08-05,Delivered,Debit Card,606.88,2024-07,Jul,2024,7,Electronics,Laptop Stand,88.92,251.2
725711790,356787,37760841,259.0,1,2024-06-10,2024-06-15,Delivered,Apple Pay,259.0,2024-06,Jun,2024,6,Electronics,Mechanical Keyboard,38.72,220.28
812548074,216739,20896797,160.77,1,2023-01-14,2023-01-16,Delivered,Debit Card,160.77,2023-01,Jan,2023,1,Electronics,Smart Watch,36.99,123.78
251857566,246316,43374088,153.59,5,2023-02-09,2023-02-13,Shipped,Debit Card,767.95,2023-02,Feb,2023,2,Clothing,Running Jacket,48.71,524.4000000000001
475617211,876646,61536717,96.05,4,2024-02-13,2024-02-14,Delivered,PayPal,384.2,2024-02,Feb,2024,2,Clothing,Cargo Shorts,8.69,349.44
433108786,126225,32520277,51.03,5,2024-10-27,2024-10-29,Cancelled,Debit Card,255.15,2024-10,Oct,2024,10,Electronics,Bluetooth Speaker,22.88,140.75
804433388,671858,55728776,185.3,4,2024-01-16,2024-01-21,Shipped,Debit Card,741.2,2024-01,Jan,2024,1,Home & Kitchen,Air Fryer,110.01,301.16
849987147,216739,77491435,250.52,1,2024-06-20,2024-06-26,Delivered,Apple Pay,250.52,2024-06,Jun,2024,6,Electronics,Smart Watch,36.99,213.53
810962214,770487,55657579,64.42,1,2023-11-16,2023-11-22,Processing,Apple Pay,64.42,2023-11,Nov,2023,11,Electronics,Wireless Headphones,27.87,36.55
520861681,877572,96911784,111.62,5,2023-06-10,2023-06-11,Delivered,PayPal,558.1,2023-06,Jun,2023,6,Electronics,USB-C Hub,46.28,326.70000000000005
238460786,216739,15614174,274.33,4,2023-10-19,2023-10-26,Processing,PayPal,1097.32,2023-10,Oct,2023,10,Electronics,Smart Watch,36.99,949.3599999999999
738920648,356787,41523529,166.88,2,2023-09-18,2023-09-23,Delivered,Google Pay,333.76,2023-09,Sep,2023,9,Electronics,Mechanical Keyboard,38.72,256.32
861104727,216739,38195995,173.45,2,2023-07-02,2023-07-05,Returned,Google Pay,346.9,2023-07,Jul,2023,7,Electronics,Smart Watch,36.99,272.91999999999996
190966348,207473,87844239,233.86,5,2023-12-05,2023-12-10,Processing,PayPal,1169.3000000000002,2023-12,Dec,2023,12,Clothing,Graphic Tee,66.43,837.1500000000001
432411019,671858,46023439,70.69,1,2024-11-15,2024-11-19,Returned,Debit Card,70.69,2024-11,Nov,2024,11,Home & Kitchen,Air Fryer,110.01,-39.32000000000001
700138002,216739,10289289,263.63,3,2023-06-18,2023-06-22,Delivered,Credit Card,790.89,2023-06,Jun,2023,6,Electronics,Smart Watch,36.99,679.92
504456327,126225,85017682,146.78,3,2024-03-11,2024-03-17,Processing,Credit Card,440.34000000000003,2024-03,Mar,2024,3,Electronics,Bluetooth Speaker,22.88,371.70000000000005
790945624,877572,83542887,147.59,3,2024-01-30,2024-02-05,Returned,Google Pay,442.77,2024-01,Jan,2024,1,Electronics,USB-C Hub,46.28,303.92999999999995
950040559,356787,68450095,284.18,3,2023-08-08,2023-08-10,Cancelled,Debit Card,852.54,2023-08,Aug,2023,8,Electronics,Mechanical Keyboard,38.72,736.38
452699013,191161,52587010,238.79,1,2024-05-16,2024-05-22,Processing,Apple Pay,238.79,2024-05,May,2024,5,Home & Kitchen,Coffee Maker,50.5,188.29
973150512,770487,49682169,204.3,4,2024-04-22,2024-04-29,Delivered,Google Pay,817.2,2024-04,Apr,2024,4,Electronics,Wireless Headphones,27.87,705.72
237217505,872246,37415205,61.9,1,2024-01-27,2024-01-30,Delivered,Apple Pay,61.9,2024-01,Jan,2024,1,Clothing,Denim Jeans,29.09,32.81
819532005,356787,55657579,105.24,3,2024-08-23,2024-08-26,Delivered,Google Pay,315.71999999999997,2024-08,Aug,2024,8,Electronics,Mechanical Keyboard,38.72,199.55999999999997
854658900,126225,58718453,196.08,4,2024-10-24,2024-10-27,Delivered,PayPal,784.32,2024-10,Oct,2024,10,Electronics,Bluetooth Speaker,22.88,692.8000000000001
990087914,388389,13446499,218.22,4,2023-02-01,2023-02-08,Processing,Apple Pay,872.88,2023-02,Feb,2023,2,Electronics,Laptop Stand,88.92,517.2
893253262,770487,86149359,187.74,2,2024-01-14,2024-01-15,Cancelled,Debit Card,375.48,2024-01,Jan,2024,1,Electronics,Wireless Headphones,27.87,319.74
835958147,191161,19510312,255.27,1,2024-03-05,2024-03-12,Shipped,Credit Card,255.27,2024-03,Mar,2024,3,Home & Kitchen,Coffee Maker,50.5,204.77
665210546,126225,42035886,223.85,3,2024-11-01,2024-11-06,Returned,PayPal,671.55,2024-11,Nov,2024,11,Electronics,Bluetooth Speaker,22.88,602.91
200344359,719176,15512205,14.1,4,2024-01-11,2024-01-16,Shipped,Credit Card,56.4,2024-01,Jan,2024,1,Home & Kitchen,Cast Iron Pan,90.67,-306.28000000000003
793663866,216739,85543051,60.04,1,2023-10-01,2023-10-02,Delivered,Google Pay,60.04,2023-10,Oct,2023,10,Electronics,Smart Watch,36.99,23.049999999999997
819896690,877572,42862209,226.57,1,2023-06-27,2023-07-03,Delivered,PayPal,226.57,2023-06,Jun,2023,6,Electronics,USB-C Hub,46.28,180.29
554629125,126225,52910691,211.91,5,2024-08-04,2024-08-11,Shipped,Credit Card,1059.55,2024-08,Aug,2024,8,Electronics,Bluetooth Speaker,22.88,945.15
645985356,216739,93131979,102.07,1,2023-03-30,2023-04-01,Returned,Debit Card,102.07,2023-03,Mar,2023,3,Electronics,Smart Watch,36.99,65.07999999999998
488509962,126225,69038700,283.53,3,2023-03-25,2023-03-31,Returned,Debit Card,850.5899999999999,2023-03,Mar,2023,3,Electronics,Bluetooth Speaker,22.88,781.9499999999999
119574893,876646,22517517,119.99,3,2023-11-14,2023-11-15,Delivered,PayPal,359.96999999999997,2023-11,Nov,2023,11,Clothing,Cargo Shorts,8.69,333.9
489336282,126225,71124923,64.58,2,2023-08-20,2023-08-27,Delivered,PayPal,129.16,2023-08,Aug,2023,8,Electronics,Bluetooth Speaker,22.88,83.4
431642423,388389,25015458,112.98,3,2023-04-05,2023-04-09,Delivered,Google Pay,338.94,2023-04,Apr,2023,4,Electronics,Laptop Stand,88.92,72.18
293555835,246316,80415568,285.39,5,2023-06-24,2023-06-25,Shipped,Debit Card,1426.9499999999998,2023-06,Jun,2023,6,Clothing,Running Jacket,48.71,1183.3999999999999
329987621,872246,84270583,197.33,3,2024-03-20,2024-03-23,Delivered,PayPal,591.99,2024-03,Mar,2024,3,Clothing,Denim Jeans,29.09,504.72
466932310,876646,12735359,158.84,2,2023-10-03,2023-10-04,Delivered,Debit Card,317.68,2023-10,Oct,2023,10,Clothing,Cargo Shorts,8.69,300.3
922653967,770487,85751409,64.05,2,2024-11-05,2024-11-11,Shipped,Google Pay,128.1,2024-11,Nov,2024,11,Electronics,Wireless Headphones,27.87,72.35999999999999
622129427,877572,42655866,103.48,1,2024-08-25,2024-08-26,Cancelled,PayPal,103.48,2024-08,Aug,2024,8,Electronics,USB-C Hub,46.28,57.2
306164050,191161,18181586,107.06,1,2024-03-07,2024-03-11,Delivered,PayPal,107.06,2024-03,Mar,2024,3,Home & Kitchen,Coffee Maker,50.5,56.56
343248743,216739,37888820,244.66,4,2023-01-23,2023-01-27,Processing,Google Pay,978.64,2023-01,Jan,2023,1,Electronics,Smart Watch,36.99,830.68
247709679,876646,94951883,80.63,3,2024-04-29,2024-05-06,Processing,PayPal,241.89,2024-04,Apr,2024,4,Clothing,Cargo Shorts,8.69,215.82
266371119,246316,24508349,231.31,5,2023-02-11,2023-02-13,Delivered,Apple Pay,1156.55,2023-02,Feb,2023,2,Clothing,Running Jacket,48.71,913.0
182855381,334053,20200074,18.27,5,2024-02-15,2024-02-20,Delivered,PayPal,91.35,2024-02,Feb,2024,2,Electronics,Webcam HD,13.0,26.349999999999994
417604347,719176,81690398,285.92,5,2024-06-20,2024-06-22,Returned,Debit Card,1429.6000000000001,2024-06,Jun,2024,6,Home & Kitchen,Cast Iron Pan,90.67,976.2500000000001
946237594,126225,38427073,239.92,2,2023-04-03,2023-04-06,Returned,PayPal,479.84,2023-04,Apr,2023,4,Electronics,Bluetooth Speaker,22.88,434.08
208599066,877572,11540956,68.11,2,2024-11-05,2024-11-07,Delivered,PayPal,136.22,2024-11,Nov,2024,11,Electronics,USB-C Hub,46.28,43.66
645127678,216739,72363359,80.96,5,2023-04-03,2023-04-09,Returned,PayPal,404.79999999999995,2023-04,Apr,2023,4,Electronics,Smart Watch,36.99,219.84999999999994
927720428,770487,15957459,169.44,4,2023-04-13,2023-04-17,Cancelled,Debit Card,677.76,2023-04,Apr,2023,4,Electronics,Wireless Headphones,27.87,566.28
679574436,719176,64502486,80.39,1,2024-04-19,2024-04-25,Shipped,Debit Card,80.39,2024-04,Apr,2024,4,Home & Kitchen,Cast Iron Pan,90.67,-10.280000000000001
996703082,356787,41726318,104.85,3,2024-02-14,2024-02-21,Returned,Apple Pay,314.54999999999995,2024-02,Feb,2024,2,Electronics,Mechanical Keyboard,38.72,198.38999999999996
893112954,770487,79782527,224.71,5,2024-05-15,2024-05-21,Delivered,Debit Card,1123.55,2024-05,May,2024,5,Electronics,Wireless Headphones,27.87,984.1999999999999
665359037,719176,73070585,115.05,5,2023-08-29,2023-09-01,Returned,Credit Card,575.25,2023-08,Aug,2023,8,Home & Kitchen,Cast Iron Pan,90.67,121.89999999999998
140531056,207473,99100953,76.71,4,2023-03-21,2023-03-27,Delivered,Credit Card,306.84,2023-03,Mar,2023,3,Clothing,Graphic Tee,66.43,41.11999999999995
810741110,770487,25521714,62.15,2,2024-01-29,2024-02-04,Delivered,PayPal,124.3,2024-01,Jan,2024,1,Electronics,Wireless Headphones,27.87,68.56
461597989,334053,65804273,287.96,4,2023-02-05,2023-02-08,Delivered,Debit Card,1151.84,2023-02,Feb,2023,2,Electronics,Webcam HD,13.0,1099.84
922816526,334053,17270733,33.96,1,2024-04-21,2024-04-28,Cancelled,Apple Pay,33.96,2024-04,Apr,2024,4,Electronics,Webcam HD,13.0,20.96
763606238,671858,17672593,176.65,4,2023-11-23,2023-11-25,Cancelled,Apple Pay,706.6,2023-11,Nov,2023,11,Home & Kitchen,Air Fryer,110.01,266.56
240712839,770487,57219209,233.68,3,2024-02-16,2024-02-20,Shipped,PayPal,701.04,2024-02,Feb,2024,2,Electronics,Wireless Headphones,27.87,617.43
741288486,876646,30534124,118.11,4,2024-04-06,2024-04-11,Cancelled,PayPal,472.44,2024-04,Apr,2024,4,Clothing,Cargo Shorts,8.69,437.68
504499880,191161,64009265,61.85,4,2023-04-25,2023-05-02,Processing,Apple Pay,247.4,2023-04,Apr,2023,4,Home & Kitchen,Coffee Maker,50.5,45.400000000000006
265627642,191161,98834863,284.97,5,2023-01-08,2023-01-11,Delivered,Debit Card,1424.8500000000001,2023-01,Jan,2023,1,Home & Kitchen,Coffee Maker,50.5,1172.3500000000001
274211616,872246,30024960,24.07,3,2024-04-10,2024-04-14,Delivered,Credit Card,72.21000000000001,2024-04,Apr,2024,4,Clothing,Denim Jeans,29.09,-15.059999999999988
294181873,191161,84411983,209.04,3,2023-02-21,2023-02-26,Shipped,PayPal,627.12,2023-02,Feb,2023,2,Home & Kitchen,Coffee Maker,50.5,475.62
992649957,770487,56970882,95.03,4,2023-10-01,2023-10-03,Delivered,Apple Pay,380.12,2023-10,Oct,2023,10,Electronics,Wireless Headphones,27.87,268.64
843937341,770487,11698142,222.24,5,2023-04-25,2023-04-28,Cancelled,Apple Pay,1111.2,2023-04,Apr,2023,4,Electronics,Wireless Headphones,27.87,971.85
927959968,770487,83863413,153.09,3,2023-05-29,2023-06-04,Delivered,Apple Pay,459.27,2023-05,May,2023,5,Electronics,Wireless Headphones,27.87,375.65999999999997
770809983,876646,25898299,142.93,1,2024-06-20,2024-06-25,Delivered,PayPal,142.93,2024-06,Jun,2024,6,Clothing,Cargo Shorts,8.69,134.24
968704078,770487,67698610,32.83,3,2024-06-08,2024-06-14,Shipped,Apple Pay,98.49,2024-06,Jun,2024,6,Electronics,Wireless Headphones,27.87,14.879999999999995
277746324,126225,63782042,266.04,4,2024-10-30,2024-11-05,Delivered,Debit Card,1064.16,2024-10,Oct,2024,10,Electronics,Bluetooth Speaker,22.88,972.6400000000001
874364348,126225,46023439,257.72,2,2024-06-10,2024-06-15,Cancelled,Credit Card,515.44,2024-06,Jun,2024,6,Electronics,Bluetooth Speaker,22.88,469.68000000000006
569948247,356787,42787299,226.58,2,2024-03-23,2024-03-26,Delivered,Google Pay,453.16,2024-03,Mar,2024,3,Electronics,Mechanical Keyboard,38.72,375.72
146914391,877572,15334035,89.07,4,2024-11-25,2024-11-28,Delivered,Credit Card,356.28,2024-11,Nov,2024,11,Electronics,USB-C Hub,46.28,171.15999999999997
541156077,671858,97529405,144.1,3,2023-10-09,2023-10-12,Delivered,Debit Card,432.29999999999995,2023-10,Oct,2023,10,Home & Kitchen,Air Fryer,110.01,102.26999999999992
491163514,126225,50603163,93.46,5,2023-03-07,2023-03-12,Returned,Apple Pay,467.29999999999995,2023-03,Mar,2023,3,Electronics,Bluetooth Speaker,22.88,352.9
826239153,207473,55799273,122.81,5,2023-12-03,2023-12-08,Delivered,PayPal,614.05,2023-12,Dec,2023,12,Clothing,Graphic Tee,66.43,281.8999999999999
872649234,877572,30776478,225.34,2,2024-04-18,2024-04-25,Processing,Debit Card,450.68,2024-04,Apr,2024,4,Electronics,USB-C Hub,46.28,358.12
355046107,877572,25014631,175.67,1,2024-11-07,2024-11-14,Cancelled,Apple Pay,175.67,2024-11,Nov,2024,11,Electronics,USB-C Hub,46.28,129.39
576954730,872246,79008866,295.6,3,2023-08-01,2023-08-07,Delivered,PayPal,886.8000000000001,2023-08,Aug,2023,8,Clothing,Denim Jeans,29.09,799.5300000000001
755621841,877572,53507489,179.62,5,2023-06-09,2023-06-14,Delivered,Google Pay,898.1,2023-06,Jun,2023,6,Electronics,USB-C Hub,46.28,666.7
405939035,334053,64830300,292.26,5,2023-01-24,2023-01-31,Cancelled,Apple Pay,1461.3,2023-01,Jan,2023,1,Electronics,Webcam HD,13.0,1396.3
907873857,216739,10054484,45.8,4,2024-09-13,2024-09-20,Delivered,Debit Card,183.2,2024-09,Sep,2024,9,Electronics,Smart Watch,36.99,35.23999999999998
903734960,216739,43046464,235.47,4,2023-06-12,2023-06-19,Processing,Apple Pay,941.88,2023-06,Jun,2023,6,Electronics,Smart Watch,36.99,793.92
941599226,356787,61536717,102.62,3,2024-09-05,2024-09-08,Cancelled,Credit Card,307.86,2024-09,Sep,2024,9,Electronics,Mechanical Keyboard,38.72,191.70000000000002
582032731,809570,38470244,155.66,5,2024-10-13,2024-10-16,Shipped,Debit Card,778.3,2024-10,Oct,2024,10,Clothing,Hoodie,111.42,221.19999999999993
351258749,191161,98641164,249.57,4,2024-04-20,2024-04-23,Delivered,Debit Card,998.28,2024-04,Apr,2024,4,Home & Kitchen,Coffee Maker,50.5,796.28
673390109,126225,31009452,59.95,1,2024-04-20,2024-04-26,Shipped,Google Pay,59.95,2024-04,Apr,2024,4,Electronics,Bluetooth Speaker,22.88,37.07000000000001
356805216,809570,61536717,194.55,5,2024-02-25,2024-02-27,Delivered,Debit Card,972.75,2024-02,Feb,2024,2,Clothing,Hoodie,111.42,415.65
432288618,207473,14216175,222.31,1,2024-09-05,2024-09-10,Delivered,Google Pay,222.31,2024-09,Sep,2024,9,Clothing,Graphic Tee,66.43,155.88
968253265,877572,74988034,16.58,5,2023-04-04,2023-04-07,Returned,Apple Pay,82.89999999999999,2023-04,Apr,2023,4,Electronics,USB-C Hub,46.28,-148.5
942211135,872246,52169044,117.02,2,2023-06-15,2023-06-19,Delivered,Apple Pay,234.04,2023-06,Jun,2023,6,Clothing,Denim Jeans,29.09,175.85999999999999
603601664,719176,71367643,94.95,1,2023-11-27,2023-11-29,Delivered,Google Pay,94.95,2023-11,Nov,2023,11,Home & Kitchen,Cast Iron Pan,90.67,4.280000000000001
996696177,246316,74988034,297.01,2,2024-09-09,2024-09-13,Shipped,Google Pay,594.02,2024-09,Sep,2024,9,Clothing,Running Jacket,48.71,496.59999999999997
308323285,126225,52091325,219.38,1,2023-09-08,2023-09-12,Delivered,Credit Card,219.38,2023-09,Sep,2023,9,Electronics,Bluetooth Speaker,22.88,196.5
494966219,809570,21267237,121.73,4,2024-04-26,2024-05-03,Delivered,Google Pay,486.92,2024-04,Apr,2024,4,Clothing,Hoodie,111.42,41.24000000000001
828326405,216739,80027662,217.27,4,2024-10-24,2024-10-29,Shipped,Credit Card,869.08,2024-10,Oct,2024,10,Electronics,Smart Watch,36.99,721.12
712483158,388389,94482772,125.82,5,2023-02-10,2023-02-13,Cancelled,Apple Pay,629.0999999999999,2023-02,Feb,2023,2,Electronics,Laptop Stand,88.92,184.4999999999999
573087862,334053,65177213,86.11,5,2023-05-30,2023-06-06,Returned,Credit Card,430.55,2023-05,May,2023,5,Electronics,Webcam HD,13.0,365.55
595725097,877572,39742165,274.75,4,2023-12-14,2023-12-16,Delivered,PayPal,1099.0,2023-12,Dec,2023,12,Electronics,USB-C Hub,46.28,913.88
926178355,770487,42111036,228.22,3,2024-12-27,2024-12-31,Delivered,PayPal,684.66,2024-12,Dec,2024,12,Electronics,Wireless Headphones,27.87,601.05
402550088,876646,70407340,174.78,5,2024-12-17,2024-12-20,Delivered,Debit Card,873.9,2024-12,Dec,2024,12,Clothing,Cargo Shorts,8.69,830.4499999999999
935504321,126225,82394227,173.42,3,2023-08-15,2023-08-18,Delivered,Debit Card,520.26,2023-08,Aug,2023,8,Electronics,Bluetooth Speaker,22.88,451.62
510032406,207473,18620650,205.24,2,2024-12-31,2025-01-04,Cancelled,Debit Card,410.48,2024-12,Dec,2024,12,Clothing,Graphic Tee,66.43,277.62
639991949,126225,91424737,76.09,2,2023-09-21,2023-09-27,Processing,PayPal,152.18,2023-09,Sep,2023,9,Electronics,Bluetooth Speaker,22.88,106.42000000000002
666355637,126225,69302158,157.48,5,2024-01-08,2024-01-14,Shipped,Apple Pay,787.4,2024-01,Jan,2024,1,Electronics,Bluetooth Speaker,22.88,673.0
549533634,207473,15957459,180.26,5,2024-10-21,2024-10-23,Delivered,Google Pay,901.3,2024-10,Oct,2024,10,Clothing,Graphic Tee,66.43,569.1499999999999
274008639,877572,84514489,162.31,2,2023-06-23,2023-06-30,Shipped,Apple Pay,324.62,2023-06,Jun,2023,6,Electronics,USB-C Hub,46.28,232.06
977130288,770487,43273328,99.69,2,2023-12-17,2023-12-19,Delivered,PayPal,199.38,2023-12,Dec,2023,12,Electronics,Wireless Headphones,27.87,143.64
314423806,207473,66623995,113.38,4,2024-10-27,2024-10-29,Processing,Credit Card,453.52,2024-10,Oct,2024,10,Clothing,Graphic Tee,66.43,187.79999999999995
960345542,191161,71968116,68.72,1,2023-08-22,2023-08-28,Shipped,Credit Card,68.72,2023-08,Aug,2023,8,Home & Kitchen,Coffee Maker,50.5,18.22
749252434,356787,84158663,255.51,5,2024-07-20,2024-07-25,Returned,Credit Card,1277.55,2024-07,Jul,2024,7,Electronics,Mechanical Keyboard,38.72,1083.95
248604290,216739,77834855,224.43,2,2023-09-20,2023-09-27,Delivered,Apple Pay,448.86,2023-09,Sep,2023,9,Electronics,Smart Watch,36.99,374.88
368438908,126225,93394260,225.49,1,2023-10-12,2023-10-13,Delivered,Google Pay,225.49,2023-10,Oct,2023,10,Electronics,Bluetooth Speaker,22.88,202.61
156027635,216739,45431319,178.56,4,2024-08-22,2024-08-29,Delivered,Google Pay,714.24,2024-08,Aug,2024,8,Electronics,Smart Watch,36.99,566.28
788460744,719176,57130035,66.95,1,2024-10-11,2024-10-12,Shipped,Credit Card,66.95,2024-10,Oct,2024,10,Home & Kitchen,Cast Iron Pan,90.67,-23.72
616030284,216739,75793759,175.1,5,2024-05-13,2024-05-16,Shipped,Credit Card,875.5,2024-05,May,2024,5,Electronics,Smart Watch,36.99,690.55
498585961,876646,93893865,180.78,5,2024-10-20,2024-10-22,Returned,Apple Pay,903.9,2024-10,Oct,2024,10,Clothing,Cargo Shorts,8.69,860.4499999999999
695433590,877572,58612055,193.02,3,2023-10-05,2023-10-09,Processing,Apple Pay,579.0600000000001,2023-10,Oct,2023,10,Electronics,USB-C Hub,46.28,440.22
210154881,126225,25015458,108.92,5,2024-06-28,2024-06-30,Processing,PayPal,544.6,2024-06,Jun,2024,6,Electronics,Bluetooth Speaker,22.88,430.20000000000005
863860982,809570,98641164,11.88,5,2023-07-06,2023-07-10,Shipped,Apple Pay,59.400000000000006,2023-07,Jul,2023,7,Clothing,Hoodie,111.42,-497.70000000000005
653953485,877572,51154241,278.33,4,2023-11-08,2023-11-09,Delivered,Google Pay,1113.32,2023-11,Nov,2023,11,Electronics,USB-C Hub,46.28,928.1999999999999
233871736,770487,31009452,99.08,3,2023-08-26,2023-08-28,Delivered,Google Pay,297.24,2023-08,Aug,2023,8,Electronics,Wireless Headphones,27.87,213.63
406084084,126225,92666356,204.84,3,2023-08-04,2023-08-09,Delivered,Debit Card,614.52,2023-08,Aug,2023,8,Electronics,Bluetooth Speaker,22.88,545.88
190060226,216739,82772208,55.56,5,2024-09-16,2024-09-22,Shipped,Google Pay,277.8,2024-09,Sep,2024,9,Electronics,Smart Watch,36.99,92.85
919390458,671858,17195288,280.51,4,2023-10-03,2023-10-05,Returned,PayPal,1122.04,2023-10,Oct,2023,10,Home & Kitchen,Air Fryer,110.01,682.0
272134062,126225,30364454,226.1,4,2023-12-29,2024-01-05,Delivered,Apple Pay,904.4,2023-12,Dec,2023,12,Electronics,Bluetooth Speaker,22.88,812.88
392907427,877572,55657579,290.91,3,2024-02-18,2024-02-19,Cancelled,Debit Card,872.73,2024-02,Feb,2024,2,Electronics,USB-C Hub,46.28,733.89
582452834,246316,95758349,70.49,3,2024-12-22,2024-12-24,Delivered,PayPal,211.46999999999997,2024-12,Dec,2024,12,Clothing,Running Jacket,48.71,65.33999999999997
651208305,877572,25480907,224.3,2,2024-07-25,2024-07-30,Processing,Google Pay,448.6,2024-07,Jul,2024,7,Electronics,USB-C Hub,46.28,356.04
258214411,246316,97705310,56.51,4,2023-03-18,2023-03-20,Cancelled,Google Pay,226.04,2023-03,Mar,2023,3,Clothing,Running Jacket,48.71,31.19999999999999
992329618,246316,98550256,209.45,4,2024-11-06,2024-11-10,Delivered,PayPal,837.8,2024-11,Nov,2024,11,Clothing,Running Jacket,48.71,642.9599999999999
569732588,207473,97225156,195.48,3,2023-04-14,2023-04-15,Processing,PayPal,586.4399999999999,2023-04,Apr,2023,4,Clothing,Graphic Tee,66.43,387.1499999999999
198476695,246316,64038913,265.44,1,2024-04-28,2024-04-30,Delivered,Apple Pay,265.44,2024-04,Apr,2024,4,Clothing,Running Jacket,48.71,216.73
338411494,216739,67495923,67.99,1,2023-11-03,2023-11-08,Shipped,Debit Card,67.99,2023-11,Nov,2023,11,Electronics,Smart Watch,36.99,30.999999999999993
976928440,356787,31009452,171.43,3,2024-11-07,2024-11-10,Cancelled,Credit Card,514.29,2024-11,Nov,2024,11,Electronics,Mechanical Keyboard,38.72,398.13
584394989,126225,55377076,224.32,3,2024-12-17,2024-12-23,Returned,Apple Pay,672.96,2024-12,Dec,2024,12,Electronics,Bluetooth Speaker,22.88,604.32
475364113,876646,66267415,76.02,3,2023-11-25,2023-11-29,Delivered,Debit Card,228.06,2023-11,Nov,2023,11,Clothing,Cargo Shorts,8.69,201.99
128636900,809570,69302158,226.81,1,2023-09-19,2023-09-24,Delivered,Credit Card,226.81,2023-09,Sep,2023,9,Clothing,Hoodie,111.42,115.39
545492166,809570,48089166,23.92,5,2024-05-13,2024-05-20,Delivered,Google Pay,119.60000000000001,2024-05,May,2024,5,Clothing,Hoodie,111.42,-437.5
157184151,877572,12614124,241.49,5,2024-05-31,2024-06-07,Shipped,PayPal,1207.45,2024-05,May,2024,5,Electronics,USB-C Hub,46.28,976.0500000000001
525689202,770487,65857931,36.71,5,2023-03-19,2023-03-24,Returned,Credit Card,183.55,2023-03,Mar,2023,3,Electronics,Wireless Headphones,27.87,44.20000000000002
639026034,770487,87282128,198.54,2,2024-04-24,2024-04-29,Returned,Credit Card,397.08,2024-04,Apr,2024,4,Electronics,Wireless Headphones,27.87,341.34
501538092,671858,58942697,267.9,2,2024-04-21,2024-04-25,Cancelled,PayPal,535.8,2024-04,Apr,2024,4,Home & Kitchen,Air Fryer,110.01,315.78
353164777,126225,95585469,210.84,4,2024-06-24,2024-07-01,Delivered,Apple Pay,843.36,2024-06,Jun,2024,6,Electronics,Bluetooth Speaker,22.88,751.84
514642708,877572,95758349,103.48,2,2023-01-09,2023-01-11,Delivered,Debit Card,206.96,2023-01,Jan,2023,1,Electronics,USB-C Hub,46.28,114.4
187623171,207473,45059710,199.54,2,2024-06-29,2024-07-03,Returned,Google Pay,399.08,2024-06,Jun,2024,6,Clothing,Graphic Tee,66.43,266.21999999999997
502559419,216739,52462441,99.45,1,2023-06-01,2023-06-03,Delivered,Google Pay,99.45,2023-06,Jun,2023,6,Electronics,Smart Watch,36.99,62.46
341096660,207473,20570592,111.06,1,2023-05-11,2023-05-16,Delivered,PayPal,111.06,2023-05,May,2023,5,Clothing,Graphic Tee,66.43,44.629999999999995
130266145,216739,19736572,133.03,3,2023-11-07,2023-11-09,Delivered,Debit Card,399.09000000000003,2023-11,Nov,2023,11,Electronics,Smart Watch,36.99,288.12
442185272,216739,85017682,284.91,1,2023-05-07,2023-05-14,Shipped,Debit Card,284.91,2023-05,May,2023,5,Electronics,Smart Watch,36.99,247.92000000000002
206389694,877572,94951883,233.58,5,2023-07-23,2023-07-25,Returned,Credit Card,1167.9,2023-07,Jul,2023,7,Electronics,USB-C Hub,46.28,936.5000000000001
867407868,216739,55114543,159.77,2,2024-08-15,2024-08-21,Returned,Debit Card,319.54,2024-08,Aug,2024,8,Electronics,Smart Watch,36.99,245.56
797889971,216739,61053474,227.4,3,2024-09-11,2024-09-14,Shipped,Debit Card,682.2,2024-09,Sep,2024,9,Electronics,Smart Watch,36.99,571.23
460015275,877572,99774697,84.02,1,2024-01-04,2024-01-08,Shipped,Credit Card,84.02,2024-01,Jan,2024,1,Electronics,USB-C Hub,46.28,37.739999999999995
949738493,877572,93115778,114.5,3,2023-04-13,2023-04-16,Returned,Credit Card,343.5,2023-04,Apr,2023,4,Electronics,USB-C Hub,46.28,204.66
256819248,334053,75876924,299.9,1,2023-11-04,2023-11-06,Cancelled,Apple Pay,299.9,2023-11,Nov,2023,11,Electronics,Webcam HD,13.0,286.9
247746438,719176,15614174,23.15,2,2024-10-24,2024-10-27,Delivered,Google Pay,46.3,2024-10,Oct,2024,10,Home & Kitchen,Cast Iron Pan,90.67,-135.04000000000002
141127742,216739,17869910,231.05,1,2024-12-12,2024-12-16,Processing,Debit Card,231.05,2024-12,Dec,2024,12,Electronics,Smart Watch,36.99,194.06
408034406,191161,34073380,130.3,2,2024-01-16,2024-01-21,Shipped,Debit Card,260.6,2024-01,Jan,2024,1,Home & Kitchen,Coffee Maker,50.5,159.60000000000002
990949719,126225,30776478,115.86,1,2024-11-15,2024-11-17,Returned,Debit Card,115.86,2024-11,Nov,2024,11,Electronics,Bluetooth Speaker,22.88,92.98
607294618,770487,71780854,118.21,3,2024-02-18,2024-02-24,Processing,PayPal,354.63,2024-02,Feb,2024,2,Electronics,Wireless Headphones,27.87,271.02
847401602,770487,24549543,19.91,2,2023-01-30,2023-02-03,Shipped,Credit Card,39.82,2023-01,Jan,2023,1,Electronics,Wireless Headphones,27.87,-15.920000000000002
992398092,216739,82772208,111.1,2,2023-04-13,2023-04-14,Delivered,Apple Pay,222.2,2023-04,Apr,2023,4,Electronics,Smart Watch,36.99,148.21999999999997
249027517,877572,46468984,270.45,4,2024-03-01,2024-03-08,Delivered,Google Pay,1081.8,2024-03,Mar,2024,3,Electronics,USB-C Hub,46.28,896.68
914799481,671858,13176186,270.86,3,2024-05-02,2024-05-06,Delivered,PayPal,812.58,2024-05,May,2024,5,Home & Kitchen,Air Fryer,110.01,482.55
857563699,809570,68461818,37.95,4,2024-11-15,2024-11-21,Cancelled,Google Pay,151.8,2024-11,Nov,2024,11,Clothing,Hoodie,111.42,-293.88
603703167,216739,10289289,33.82,1,2023-08-19,2023-08-25,Cancelled,Apple Pay,33.82,2023-08,Aug,2023,8,Electronics,Smart Watch,36.99,-3.1700000000000017
581682167,388389,72682989,82.68,3,2023-09-13,2023-09-15,Delivered,Apple Pay,248.04000000000002,2023-09,Sep,2023,9,Electronics,Laptop Stand,88.92,-18.71999999999997
760725160,809570,85751409,230.36,2,2024-08-14,2024-08-17,Delivered,Apple Pay,460.72,2024-08,Aug,2024,8,Clothing,Hoodie,111.42,237.88000000000002
105638424,356787,94187049,272.73,4,2023-02-05,2023-02-11,Cancelled,Credit Card,1090.92,2023-02,Feb,2023,2,Electronics,Mechanical Keyboard,38.72,936.0400000000001
185068029,216739,33978249,19.88,2,2023-05-27,2023-06-02,Delivered,Apple Pay,39.76,2023-05,May,2023,5,Electronics,Smart Watch,36.99,-34.220000000000006
120405269,877572,66390708,192.32,5,2023-12-19,2023-12-21,Shipped,Apple Pay,961.5999999999999,2023-12,Dec,2023,12,Electronics,USB-C Hub,46.28,730.1999999999999
374796224,877572,11297845,44.16,3,2024-07-12,2024-07-16,Cancelled,Google Pay,132.48,2024-07,Jul,2024,7,Electronics,USB-C Hub,46.28,-6.360000000000014
331557515,216739,27558317,262.86,5,2023-12-16,2023-12-23,Shipped,Credit Card,1314.3000000000002,2023-12,Dec,2023,12,Electronics,Smart Watch,36.99,1129.3500000000001
996534803,809570,31009452,28.29,3,2024-06-15,2024-06-18,Shipped,Credit Card,84.87,2024-06,Jun,2024,6,Clothing,Hoodie,111.42,-249.39
260545470,216739,94120751,169.62,3,2023-04-24,2023-04-25,Delivered,PayPal,508.86,2023-04,Apr,2023,4,Electronics,Smart Watch,36.99,397.89
689274064,388389,30452412,291.78,2,2023-03-26,2023-04-02,Shipped,Google Pay,583.56,2023-03,Mar,2023,3,Electronics,Laptop Stand,88.92,405.7199999999999
880862406,216739,41329612,222.68,3,2023-01-18,2023-01-20,Processing,Google Pay,668.04,2023-01,Jan,2023,1,Electronics,Smart Watch,36.99,557.0699999999999
753780028,770487,55298556,76.81,5,2024-01-07,2024-01-12,Delivered,PayPal,384.05,2024-01,Jan,2024,1,Electronics,Wireless Headphones,27.87,244.70000000000002
666690337,216739,44675473,189.26,2,2024-10-11,2024-10-18,Processing,Google Pay,378.52,2024-10,Oct,2024,10,Electronics,Smart Watch,36.99,304.53999999999996
554466340,334053,58024342,95.97,5,2023-02-20,2023-02-24,Shipped,Apple Pay,479.85,2023-02,Feb,2023,2,Electronics,Webcam HD,13.0,414.85
219385981,126225,11540956,215.41,3,2023-03-18,2023-03-21,Delivered,Google Pay,646.23,2023-03,Mar,2023,3,Electronics,Bluetooth Speaker,22.88,577.59
933409017,207473,97225156,51.69,2,2024-02-25,2024-02-27,Returned,Debit Card,103.38,2024-02,Feb,2024,2,Clothing,Graphic Tee,66.43,-29.480000000000018
409346714,334053,64549859,181.5,2,2024-03-05,2024-03-09,Returned,PayPal,363.0,2024-03,Mar,2024,3,Electronics,Webcam HD,13.0,337.0
355164255,126225,17869910,220.52,5,2024-02-16,2024-02-17,Cancelled,Debit Card,1102.6000000000001,2024-02,Feb,2024,2,Electronics,Bluetooth Speaker,22.88,988.2000000000002
423358638,877572,46361787,104.96,1,2023-10-10,2023-10-17,Processing,PayPal,104.96,2023-10,Oct,2023,10,Electronics,USB-C Hub,46.28,58.67999999999999
230833665,877572,45496015,96.65,1,2024-11-07,2024-11-11,Processing,Google Pay,96.65,2024-11,Nov,2024,11,Electronics,USB-C Hub,46.28,50.370000000000005
151270577,126225,29876811,253.0,3,2023-02-11,2023-02-15,Delivered,Apple Pay,759.0,2023-02,Feb,2023,2,Electronics,Bluetooth Speaker,22.88,690.36
356022467,334053,87049595,240.38,3,2024-12-09,2024-12-16,Delivered,Google Pay,721.14,2024-12,Dec,2024,12,Electronics,Webcam HD,13.0,682.14
550784243,126225,37326368,252.64,4,2024-11-11,2024-11-15,Shipped,Credit Card,1010.56,2024-11,Nov,2024,11,Electronics,Bluetooth Speaker,22.88,919.04
786069196,126225,87446468,195.67,3,2023-10-10,2023-10-13,Shipped,PayPal,587.01,2023-10,Oct,2023,10,Electronics,Bluetooth Speaker,22.88,518.37
952442674,770487,69118721,179.87,2,2024-05-12,2024-05-14,Processing,Apple Pay,359.74,2024-05,May,2024,5,Electronics,Wireless Headphones,27.87,304.0
768737754,877572,72415804,174.02,5,2024-09-13,2024-09-20,Processing,Apple Pay,870.1,2024-09,Sep,2024,9,Electronics,USB-C Hub,46.28,638.7
590822013,770487,98787891,176.92,1,2024-10-20,2024-10-21,Returned,Debit Card,176.92,2024-10,Oct,2024,10,Electronics,Wireless Headphones,27.87,149.04999999999998
167438668,356787,87049595,246.42,1,2024-09-10,2024-09-14,Delivered,Apple Pay,246.42,2024-09,Sep,2024,9,Electronics,Mechanical Keyboard,38.72,207.7
219032752,191161,28213276,245.81,4,2023-02-08,2023-02-12,Cancelled,Credit Card,983.24,2023-02,Feb,2023,2,Home & Kitchen,Coffee Maker,50.5,781.24
998386592,877572,60185867,38.64,4,2024-10-07,2024-10-10,Returned,Credit Card,154.56,2024-10,Oct,2024,10,Electronics,USB-C Hub,46.28,-30.560000000000002
636687537,876646,10475894,208.06,3,2024-01-03,2024-01-10,Delivered,PayPal,624.1800000000001,2024-01,Jan,2024,1,Clothing,Cargo Shorts,8.69,598.11
740743666,246316,13704481,297.37,3,2024-04-14,2024-04-20,Returned,Debit Card,892.11,2024-04,Apr,2024,4,Clothing,Running Jacket,48.71,745.98
675583372,877572,15403355,224.79,3,2024-10-25,2024-10-28,Returned,Debit Card,674.37,2024-10,Oct,2024,10,Electronics,USB-C Hub,46.28,535.53
117647321,191161,82374753,188.75,2,2023-12-08,2023-12-11,Delivered,PayPal,377.5,2023-12,Dec,2023,12,Home & Kitchen,Coffee Maker,50.5,276.5
778556450,216739,27758595,100.74,4,2024-10-16,2024-10-20,Cancelled,Debit Card,402.96,2024-10,Oct,2024,10,Electronics,Smart Watch,36.99,254.99999999999997
653380476,126225,23769080,107.72,4,2024-05-12,2024-05-15,Delivered,Debit Card,430.88,2024-05,May,2024,5,Electronics,Bluetooth Speaker,22.88,339.36
717452511,770487,44999379,273.55,5,2024-08-18,2024-08-21,Delivered,Google Pay,1367.75,2024-08,Aug,2024,8,Electronics,Wireless Headphones,27.87,1228.4
359779090,770487,50264926,216.37,4,2023-04-06,2023-04-07,Returned,PayPal,865.48,2023-04,Apr,2023,4,Electronics,Wireless Headphones,27.87,754.0
871531100,126225,55298556,48.57,4,2023-12-29,2024-01-02,Delivered,PayPal,194.28,2023-12,Dec,2023,12,Electronics,Bluetooth Speaker,22.88,102.76
254164462,207473,19510312,138.33,1,2023-11-28,2023-11-30,Delivered,Google Pay,138.33,2023-11,Nov,2023,11,Clothing,Graphic Tee,66.43,71.9
412750915,126225,27105448,75.09,2,2023-01-27,2023-01-31,Delivered,Debit Card,150.18,2023-01,Jan,2023,1,Electronics,Bluetooth Speaker,22.88,104.42000000000002
560891752,246316,59597086,96.06,1,2023-05-29,2023-05-30,Returned,Google Pay,96.06,2023-05,May,2023,5,Clothing,Running Jacket,48.71,47.35
101679695,246316,65625330,299.52,2,2024-07-23,2024-07-28,Shipped,Debit Card,599.04,2024-07,Jul,2024,7,Clothing,Running Jacket,48.71,501.61999999999995
760146764,191161,93115778,267.69,4,2024-10-04,2024-10-09,Cancelled,PayPal,1070.76,2024-10,Oct,2024,10,Home & Kitchen,Coffee Maker,50.5,868.76
478833337,876646,53779528,117.36,2,2023-09-27,2023-10-01,Delivered,Google Pay,234.72,2023-09,Sep,2023,9,Clothing,Cargo Shorts,8.69,217.34
358303887,216739,63643924,240.7,5,2024-12-20,2024-12-22,Delivered,Credit Card,1203.5,2024-12,Dec,2024,12,Electronics,Smart Watch,36.99,1018.55
712745501,719176,99774697,165.24,1,2024-12-26,2024-12-30,Returned,Google Pay,165.24,2024-12,Dec,2024,12,Home & Kitchen,Cast Iron Pan,90.67,74.57000000000001
547286055,877572,43887075,293.17,2,2024-12-19,2024-12-25,Shipped,PayPal,586.34,2024-12,Dec,2024,12,Electronics,USB-C Hub,46.28,493.78000000000003
301126777,207473,69038700,154.16,4,2024-09-25,2024-09-29,Delivered,Debit Card,616.64,2024-09,Sep,2024,9,Clothing,Graphic Tee,66.43,350.91999999999996
813363254,770487,85694715,269.78,4,2024-10-27,2024-10-28,Returned,Debit Card,1079.12,2024-10,Oct,2024,10,Electronics,Wireless Headphones,27.87,967.6399999999999
817490291,216739,43273328,83.07,1,2023-10-10,2023-10-15,Cancelled,Google Pay,83.07,2023-10,Oct,2023,10,Electronics,Smart Watch,36.99,46.07999999999999
191927283,246316,10359129,72.4,4,2023-05-17,2023-05-21,Delivered,Google Pay,289.6,2023-05,May,2023,5,Clothing,Running Jacket,48.71,94.76000000000002
662087258,876646,15134794,241.53,5,2023-08-27,2023-09-01,Shipped,Debit Card,1207.65,2023-08,Aug,2023,8,Clothing,Cargo Shorts,8.69,1164.2
487195336,671858,34850391,260.18,5,2024-08-23,2024-08-26,Delivered,PayPal,1300.9,2024-08,Aug,2024,8,Home & Kitchen,Air Fryer,110.01,750.85
172670118,770487,68461818,129.97,2,2023-03-07,2023-03-12,Cancelled,Debit Card,259.94,2023-03,Mar,2023,3,Electronics,Wireless Headphones,27.87,204.2
664852025,877572,70939053,62.55,4,2023-07-03,2023-07-10,Cancelled,Credit Card,250.2,2023-07,Jul,2023,7,Electronics,USB-C Hub,46.28,65.07999999999998
684203557,877572,87282128,122.35,4,2024-12-18,2024-12-24,Shipped,Apple Pay,489.4,2024-12,Dec,2024,12,Electronics,USB-C Hub,46.28,304.28
644738967,126225,21003626,112.99,4,2023-04-09,2023-04-12,Delivered,Apple Pay,451.96,2023-04,Apr,2023,4,Electronics,Bluetooth Speaker,22.88,360.44
944403809,877572,52436584,295.82,1,2023-08-21,2023-08-24,Delivered,Apple Pay,295.82,2023-08,Aug,2023,8,Electronics,USB-C Hub,46.28,249.54
645055605,126225,78137358,294.77,1,2024-09-12,2024-09-13,Cancelled,PayPal,294.77,2024-09,Sep,2024,9,Electronics,Bluetooth Speaker,22.88,271.89
695016134,770487,96028436,98.81,5,2023-12-01,2023-12-05,Processing,PayPal,494.05,2023-12,Dec,2023,12,Electronics,Wireless Headphones,27.87,354.70000000000005
121833792,216739,52462441,154.47,5,2024-10-13,2024-10-18,Delivered,PayPal,772.35,2024-10,Oct,2024,10,Electronics,Smart Watch,36.99,587.4
519246503,216739,39219319,176.45,4,2024-09-06,2024-09-09,Cancelled,Debit Card,705.8,2024-09,Sep,2024,9,Electronics,Smart Watch,36.99,557.8399999999999
604803700,877572,75579548,281.22,1,2024-09-29,2024-09-30,Returned,PayPal,281.22,2024-09,Sep,2024,9,Electronics,USB-C Hub,46.28,234.94000000000003
146744734,126225,39042654,160.35,1,2023-07-04,2023-07-09,Shipped,Debit Card,160.35,2023-07,Jul,2023,7,Electronics,Bluetooth Speaker,22.88,137.47
782546314,126225,47220099,251.2,4,2024-11-05,2024-11-10,Delivered,Google Pay,1004.8,2024-11,Nov,2024,11,Electronics,Bluetooth Speaker,22.88,913.28
515410649,126225,32097220,152.31,4,2023-09-03,2023-09-10,Delivered,PayPal,609.24,2023-09,Sep,2023,9,Electronics,Bluetooth Speaker,22.88,517.72
500830389,770487,72535301,228.83,5,2024-11-06,2024-11-12,Delivered,Google Pay,1144.15,2024-11,Nov,2024,11,Electronics,Wireless Headphones,27.87,1004.8000000000001
372354893,216739,78371272,176.77,5,2024-06-23,2024-06-28,Processing,Apple Pay,883.85,2024-06,Jun,2024,6,Electronics,Smart Watch,36.99,698.9
902425085,671858,52436584,49.28,2,2023-10-17,2023-10-20,Delivered,Apple Pay,98.56,2023-10,Oct,2023,10,Home & Kitchen,Air Fryer,110.01,-121.46000000000001
117439966,334053,19510312,152.45,3,2024-05-17,2024-05-18,Processing,Apple Pay,457.34999999999997,2024-05,May,2024,5,Electronics,Webcam HD,13.0,418.34999999999997
483426624,877572,41068214,208.37,1,2023-10-22,2023-10-29,Processing,Credit Card,208.37,2023-10,Oct,2023,10,Electronics,USB-C Hub,46.28,162.09
946666926,877572,56930359,271.07,5,2024-08-24,2024-08-30,Delivered,PayPal,1355.35,2024-08,Aug,2024,8,Electronics,USB-C Hub,46.28,1123.9499999999998
172541521,770487,73791320,64.58,5,2023-11-07,2023-11-11,Delivered,Apple Pay,322.9,2023-11,Nov,2023,11,Electronics,Wireless Headphones,27.87,183.54999999999998
470228863,876646,43046464,207.52,1,2024-06-04,2024-06-07,Delivered,Credit Card,207.52,2024-06,Jun,2024,6,Clothing,Cargo Shorts,8.69,198.83
358906986,246316,50603163,31.15,2,2024-12-30,2025-01-02,Shipped,Debit Card,62.3,2024-12,Dec,2024,12,Clothing,Running Jacket,48.71,-35.120000000000005
886989426,207473,78139880,69.74,1,2023-02-16,2023-02-20,Delivered,Credit Card,69.74,2023-02,Feb,2023,2,Clothing,Graphic Tee,66.43,3.309999999999988
805560474,126225,86460539,76.22,4,2024-02-04,2024-02-11,Delivered,Debit Card,304.88,2024-02,Feb,2024,2,Electronics,Bluetooth Speaker,22.88,213.36
774585778,126225,42730796,265.75,4,2024-11-15,2024-11-18,Cancelled,Google Pay,1063.0,2024-11,Nov,2024,11,Electronics,Bluetooth Speaker,22.88,971.48
211308231,876646,60867083,282.67,3,2023-11-14,2023-11-16,Shipped,Credit Card,848.01,2023-11,Nov,2023,11,Clothing,Cargo Shorts,8.69,821.9399999999999
928393291,334053,83542887,271.3,4,2023-10-12,2023-10-19,Delivered,Google Pay,1085.2,2023-10,Oct,2023,10,Electronics,Webcam HD,13.0,1033.2
724813934,770487,21381064,232.46,2,2023-02-12,2023-02-18,Cancelled,Debit Card,464.92,2023-02,Feb,2023,2,Electronics,Wireless Headphones,27.87,409.18
889401015,216739,35529407,151.67,2,2023-06-12,2023-06-19,Processing,PayPal,303.34,2023-06,Jun,2023,6,Electronics,Smart Watch,36.99,229.35999999999996
912477810,126225,95511909,279.87,4,2024-11-28,2024-12-04,Delivered,Google Pay,1119.48,2024-11,Nov,2024,11,Electronics,Bluetooth Speaker,22.88,1027.96
457039137,126225,23209423,248.62,2,2023-05-03,2023-05-07,Delivered,Google Pay,497.24,2023-05,May,2023,5,Electronics,Bluetooth Speaker,22.88,451.48
243247463,191161,23141087,145.99,1,2024-06-14,2024-06-15,Delivered,Debit Card,145.99,2024-06,Jun,2024,6,Home & Kitchen,Coffee Maker,50.5,95.49000000000001
147605080,770487,66267415,211.14,1,2023-03-27,2023-04-03,Delivered,Apple Pay,211.14,2023-03,Mar,2023,3,Electronics,Wireless Headphones,27.87,183.26999999999998
478278218,216739,52587010,21.9,5,2024-09-03,2024-09-10,Returned,Debit Card,109.5,2024-09,Sep,2024,9,Electronics,Smart Watch,36.99,-75.45000000000002
686277792,126225,81498611,285.08,3,2024-08-05,2024-08-06,Returned,PayPal,855.24,2024-08,Aug,2024,8,Electronics,Bluetooth Speaker,22.88,786.6
463512350,877572,52436584,123.47,2,2024-10-21,2024-10-22,Delivered,Google Pay,246.94,2024-10,Oct,2024,10,Electronics,USB-C Hub,46.28,154.38
973498494,216739,52101056,137.26,4,2024-11-04,2024-11-10,Delivered,Debit Card,549.04,2024-11,Nov,2024,11,Electronics,Smart Watch,36.99,401.0799999999999
790196540,207473,99853245,168.66,3,2023-06-14,2023-06-16,Delivered,Credit Card,505.98,2023-06,Jun,2023,6,Clothing,Graphic Tee,66.43,306.69
288000513,770487,21631697,280.5,3,2023-06-23,2023-06-29,Delivered,Debit Card,841.5,2023-06,Jun,2023,6,Electronics,Wireless Headphones,27.87,757.89
991617660,216739,24972279,173.18,4,2024-01-26,2024-01-27,Returned,Google Pay,692.72,2024-01,Jan,2024,1,Electronics,Smart Watch,36.99,544.76
936597989,216739,20075036,173.45,1,2024-10-05,2024-10-06,Delivered,Apple Pay,173.45,2024-10,Oct,2024,10,Electronics,Smart Watch,36.99,136.45999999999998
835172306,719176,53251559,188.64,4,2023-10-17,2023-10-23,Cancelled,Debit Card,754.56,2023-10,Oct,2023,10,Home & Kitchen,Cast Iron Pan,90.67,391.87999999999994
598885034,809570,66851377,141.94,2,2023-12-20,2023-12-26,Shipped,Google Pay,283.88,2023-12,Dec,2023,12,Clothing,Hoodie,111.42,61.03999999999999
846668526,216739,93303777,60.55,4,2024-10-14,2024-10-20,Delivered,Debit Card,242.2,2024-10,Oct,2024,10,Electronics,Smart Watch,36.99,94.23999999999998
613818935,356787,84813739,22.33,4,2023-11-04,2023-11-06,Cancelled,Google Pay,89.32,2023-11,Nov,2023,11,Electronics,Mechanical Keyboard,38.72,-65.56
778321204,877572,69476001,70.34,4,2024-10-03,2024-10-06,Shipped,Apple Pay,281.36,2024-10,Oct,2024,10,Electronics,USB-C Hub,46.28,96.24000000000001
295719504,246316,92228802,115.42,3,2024-02-02,2024-02-06,Cancelled,Apple Pay,346.26,2024-02,Feb,2024,2,Clothing,Running Jacket,48.71,200.13
971339002,126225,85563727,216.64,5,2023-09-09,2023-09-11,Delivered,Google Pay,1083.1999999999998,2023-09,Sep,2023,9,Electronics,Bluetooth Speaker,22.88,968.7999999999998
244796859,356787,14164775,196.75,2,2024-02-23,2024-02-26,Shipped,Debit Card,393.5,2024-02,Feb,2024,2,Electronics,Mechanical Keyboard,38.72,316.06
167753684,877572,24508349,24.75,2,2024-09-30,2024-10-04,Delivered,Google Pay,49.5,2024-09,Sep,2024,9,Electronics,USB-C Hub,46.28,-43.06
868847524,877572,85751409,283.52,1,2024-03-18,2024-03-20,Cancelled,Debit Card,283.52,2024-03,Mar,2024,3,Electronics,USB-C Hub,46.28,237.23999999999998
933428091,334053,89864260,207.37,2,2023-10-07,2023-10-13,Cancelled,Apple Pay,414.74,2023-10,Oct,2023,10,Electronics,Webcam HD,13.0,388.74
591429705,207473,96637649,101.77,2,2023-06-04,2023-06-08,Returned,Debit Card,203.54,2023-06,Jun,2023,6,Clothing,Graphic Tee,66.43,70.67999999999998
139711044,671858,47393469,187.56,1,2024-09-17,2024-09-24,Cancelled,Credit Card,187.56,2024-09,Sep,2024,9,Home & Kitchen,Air Fryer,110.01,77.55
415081566,770487,68353204,257.24,3,2023-02-24,2023-02-27,Delivered,Debit Card,771.72,2023-02,Feb,2023,2,Electronics,Wireless Headphones,27.87,688.11
316456682,216739,56930359,190.73,3,2023-03-09,2023-03-12,Processing,Apple Pay,572.1899999999999,2023-03,Mar,2023,3,Electronics,Smart Watch,36.99,461.2199999999999
147036629,216739,31810617,242.67,2,2023-11-07,2023-11-08,Delivered,Debit Card,485.34,2023-11,Nov,2023,11,Electronics,Smart Watch,36.99,411.35999999999996
949447049,877572,18181586,192.31,3,2024-07-29,2024-08-03,Cancelled,Debit Card,576.9300000000001,2024-07,Jul,2024,7,Electronics,USB-C Hub,46.28,438.09000000000003
314179101,216739,48285503,229.14,2,2024-03-31,2024-04-01,Shipped,Apple Pay,458.28,2024-03,Mar,2024,3,Electronics,Smart Watch,36.99,384.29999999999995
144996163,334053,89699989,209.55,3,2023-01-21,2023-01-26,Shipped,Google Pay,628.6500000000001,2023-01,Jan,2023,1,Electronics,Webcam HD,13.0,589.6500000000001
438868427,770487,57212267,109.7,3,2024-11-18,2024-11-23,Delivered,PayPal,329.1,2024-11,Nov,2024,11,Electronics,Wireless Headphones,27.87,245.49
432941445,126225,35848226,42.17,2,2024-02-08,2024-02-10,Cancelled,PayPal,84.34,2024-02,Feb,2024,2,Electronics,Bluetooth Speaker,22.88,38.580000000000005
653388913,388389,79008866,295.23,4,2023-12-30,2024-01-04,Delivered,Google Pay,1180.92,2023-12,Dec,2023,12,Electronics,Laptop Stand,88.92,825.24
527589822,719176,20752378,83.28,5,2024-01-09,2024-01-16,Delivered,Google Pay,416.4,2024-01,Jan,2024,1,Home & Kitchen,Cast Iron Pan,90.67,-36.950000000000045
975535611,719176,74019136,25.07,2,2023-11-23,2023-11-25,Cancelled,PayPal,50.14,2023-11,Nov,2023,11,Home & Kitchen,Cast Iron Pan,90.67,-131.2
683074770,388389,43446826,89.11,4,2023-12-12,2023-12-13,Cancelled,Credit Card,356.44,2023-12,Dec,2023,12,Electronics,Laptop Stand,88.92,0.7599999999999909
608309128,356787,82556484,223.04,1,2024-10-01,2024-10-02,Delivered,Apple Pay,223.04,2024-10,Oct,2024,10,Electronics,Mechanical Keyboard,38.72,184.32
371993587,877572,48508907,211.62,3,2024-02-02,2024-02-03,Cancelled,Apple Pay,634.86,2024-02,Feb,2024,2,Electronics,USB-C Hub,46.28,496.02
139321248,877572,29777514,48.37,3,2024-12-25,2024-12-28,Cancelled,PayPal,145.10999999999999,2024-12,Dec,2024,12,Electronics,USB-C Hub,46.28,6.269999999999982
908839964,126225,83227889,276.44,1,2023-03-27,2023-03-31,Returned,PayPal,276.44,2023-03,Mar,2023,3,Electronics,Bluetooth Speaker,22.88,253.56
794604127,191161,43374088,47.26,1,2023-01-24,2023-01-31,Delivered,Credit Card,47.26,2023-01,Jan,2023,1,Home & Kitchen,Coffee Maker,50.5,-3.240000000000002
305195749,216739,13446499,35.33,1,2023-08-31,2023-09-07,Delivered,Credit Card,35.33,2023-08,Aug,2023,8,Electronics,Smart Watch,36.99,-1.6600000000000037
407209235,876646,42949803,178.99,4,2023-03-14,2023-03-16,Cancelled,PayPal,715.96,2023-03,Mar,2023,3,Clothing,Cargo Shorts,8.69,681.2
483298103,671858,72394301,214.19,2,2023-05-05,2023-05-06,Cancelled,Credit Card,428.38,2023-05,May,2023,5,Home & Kitchen,Air Fryer,110.01,208.35999999999999
938422254,770487,45812670,208.81,2,2024-03-19,2024-03-26,Delivered,Credit Card,417.62,2024-03,Mar,2024,3,Electronics,Wireless Headphones,27.87,361.88
151329185,216739,65682626,296.49,5,2023-07-22,2023-07-28,Cancelled,Debit Card,1482.45,2023-07,Jul,2023,7,Electronics,Smart Watch,36.99,1297.5
804086195,770487,69401199,11.82,2,2023-07-09,2023-07-14,Delivered,PayPal,23.64,2023-07,Jul,2023,7,Electronics,Wireless Headphones,27.87,-32.1
456401418,126225,63238057,45.95,1,2023-07-13,2023-07-19,Delivered,Debit Card,45.95,2023-07,Jul,2023,7,Electronics,Bluetooth Speaker,22.88,23.070000000000004
393364102,216739,88406989,252.44,3,2024-02-09,2024-02-15,Processing,Apple Pay,757.3199999999999,2024-02,Feb,2024,2,Electronics,Smart Watch,36.99,646.3499999999999
233654018,872246,31172421,249.09,2,2024-03-12,2024-03-15,Processing,Credit Card,498.18,2024-03,Mar,2024,3,Clothing,Denim Jeans,29.09,440.0
958287383,809570,39042654,228.74,1,2023-09-15,2023-09-18,Delivered,Credit Card,228.74,2023-09,Sep,2023,9,Clothing,Hoodie,111.42,117.32000000000001
495157577,770487,47437115,205.46,4,2024-03-16,2024-03-17,Delivered,Credit Card,821.84,2024-03,Mar,2024,3,Electronics,Wireless Headphones,27.87,710.36
569172971,356787,99508850,185.59,1,2024-12-15,2024-12-21,Processing,PayPal,185.59,2024-12,Dec,2024,12,Electronics,Mechanical Keyboard,38.72,146.87
529520110,876646,70407340,245.17,3,2024-01-02,2024-01-08,Shipped,PayPal,735.51,2024-01,Jan,2024,1,Clothing,Cargo Shorts,8.69,709.4399999999999
898120571,671858,97477029,180.29,1,2023-07-14,2023-07-16,Cancelled,PayPal,180.29,2023-07,Jul,2023,7,Home & Kitchen,Air Fryer,110.01,70.27999999999999
572163615,334053,20399639,255.47,4,2023-11-29,2023-12-06,Shipped,Apple Pay,1021.88,2023-11,Nov,2023,11,Electronics,Webcam HD,13.0,969.88
515156661,877572,76354180,50.43,3,2023-01-26,2023-02-02,Shipped,Debit Card,151.29,2023-01,Jan,2023,1,Electronics,USB-C Hub,46.28,12.449999999999989
464037804,877572,88055069,181.94,2,2023-06-26,2023-06-28,Delivered,Credit Card,363.88,2023-06,Jun,2023,6,Electronics,USB-C Hub,46.28,271.32
300593456,216739,84158663,16.28,4,2023-12-12,2023-12-14,Delivered,PayPal,65.12,2023-12,Dec,2023,12,Electronics,Smart Watch,36.99,-82.84
632794158,191161,43189803,65.07,5,2023-10-12,2023-10-14,Cancelled,Apple Pay,325.34999999999997,2023-10,Oct,2023,10,Home & Kitchen,Coffee Maker,50.5,72.84999999999997
843102880,334053,52091325,27.32,1,2024-05-14,2024-05-20,Delivered,PayPal,27.32,2024-05,May,2024,5,Electronics,Webcam HD,13.0,14.32
634211672,876646,31810617,160.43,4,2023-05-25,2023-05-27,Returned,Debit Card,641.72,2023-05,May,2023,5,Clothing,Cargo Shorts,8.69,606.96
494435754,334053,50962024,108.18,3,2024-10-08,2024-10-10,Cancelled,Google Pay,324.54,2024-10,Oct,2024,10,Electronics,Webcam HD,13.0,285.54
956084565,334053,24165187,91.74,3,2023-05-13,2023-05-18,Returned,Debit Card,275.21999999999997,2023-05,May,2023,5,Electronics,Webcam HD,13.0,236.21999999999997
657568201,356787,30509175,139.64,4,2023-03-06,2023-03-07,Delivered,Debit Card,558.56,2023-03,Mar,2023,3,Electronics,Mechanical Keyboard,38.72,403.67999999999995
386389162,356787,35921441,238.16,5,2024-10-11,2024-10-15,Delivered,Google Pay,1190.8,2024-10,Oct,2024,10,Electronics,Mechanical Keyboard,38.72,997.1999999999999
960226208,216739,23141087,193.47,2,2023-11-26,2023-12-03,Cancelled,Google Pay,386.94,2023-11,Nov,2023,11,Electronics,Smart Watch,36.99,312.96
188703430,216739,61053877,268.25,3,2024-07-30,2024-08-03,Processing,Credit Card,804.75,2024-07,Jul,2024,7,Electronics,Smart Watch,36.99,693.78
880697625,334053,86483924,163.47,4,2023-11-26,2023-11-27,Processing,PayPal,653.88,2023-11,Nov,2023,11,Electronics,Webcam HD,13.0,601.88
555803043,216739,93893865,233.27,2,2023-07-17,2023-07-24,Delivered,Credit Card,466.54,2023-07,Jul,2023,7,Electronics,Smart Watch,36.99,392.56
184747224,770487,33966966,189.98,5,2023-12-31,2024-01-07,Delivered,PayPal,949.9,2023-12,Dec,2023,12,Electronics,Wireless Headphones,27.87,810.55
562360908,356787,63481198,68.01,2,2024-09-11,2024-09-16,Processing,Google Pay,136.02,2024-09,Sep,2024,9,Electronics,Mechanical Keyboard,38.72,58.58000000000001
746879296,770487,91378577,241.66,3,2023-07-19,2023-07-24,Delivered,Apple Pay,724.98,2023-07,Jul,2023,7,Electronics,Wireless Headphones,27.87,641.37
982982227,334053,10435578,69.22,3,2023-11-02,2023-11-05,Delivered,Credit Card,207.66,2023-11,Nov,2023,11,Electronics,Webcam HD,13.0,168.66
293763673,809570,42747037,144.82,2,2023-03-22,2023-03-25,Shipped,Apple Pay,289.64,2023-03,Mar,2023,3,Clothing,Hoodie,111.42,66.79999999999998
685698675,877572,31079846,281.69,4,2023-11-18,2023-11-19,Delivered,Debit Card,1126.76,2023-11,Nov,2023,11,Electronics,USB-C Hub,46.28,941.64
415429295,876646,85146293,47.27,1,2023-06-16,2023-06-21,Delivered,Credit Card,47.27,2023-06,Jun,2023,6,Clothing,Cargo Shorts,8.69,38.580000000000005
444898148,877572,35748341,251.21,4,2023-05-26,2023-05-29,Processing,Credit Card,1004.84,2023-05,May,2023,5,Electronics,USB-C Hub,46.28,819.72
210163669,809570,54446182,104.71,1,2024-02-10,2024-02-12,Cancelled,PayPal,104.71,2024-02,Feb,2024,2,Clothing,Hoodie,111.42,-6.710000000000008
185973340,356787,51746937,26.19,2,2023-02-10,2023-02-15,Shipped,Credit Card,52.38,2023-02,Feb,2023,2,Electronics,Mechanical Keyboard,38.72,-25.059999999999995
452101316,216739,57553014,282.63,2,2024-06-19,2024-06-21,Delivered,PayPal,565.26,2024-06,Jun,2024,6,Electronics,Smart Watch,36.99,491.28
809656613,877572,44188276,126.15,1,2023-03-13,2023-03-17,Processing,Apple Pay,126.15,2023-03,Mar,2023,3,Electronics,USB-C Hub,46.28,79.87
417440983,809570,34084236,248.62,2,2023-06-08,2023-06-13,Shipped,Debit Card,497.24,2023-06,Jun,2023,6,Clothing,Hoodie,111.42,274.4
429097422,216739,67403166,26.38,5,2023-08-21,2023-08-23,Delivered,Credit Card,131.9,2023-08,Aug,2023,8,Electronics,Smart Watch,36.99,-53.05000000000001
578798403,809570,11049999,22.22,2,2024-05-05,2024-05-06,Delivered,Debit Card,44.44,2024-05,May,2024,5,Clothing,Hoodie,111.42,-178.4
747060047,877572,98641164,124.77,5,2024-10-11,2024-10-17,Returned,PayPal,623.85,2024-10,Oct,2024,10,Electronics,USB-C Hub,46.28,392.45000000000005
870584681,877572,36757737,68.03,1,2023-03-11,2023-03-12,Delivered,Debit Card,68.03,2023-03,Mar,2023,3,Electronics,USB-C Hub,46.28,21.75
557538651,207473,36445607,178.65,3,2024-12-19,2024-12-20,Processing,Debit Card,535.95,2024-12,Dec,2024,12,Clothing,Graphic Tee,66.43,336.66
278933456,770487,55150390,87.03,3,2024-09-29,2024-10-02,Processing,Apple Pay,261.09000000000003,2024-09,Sep,2024,9,Electronics,Wireless Headphones,27.87,177.48000000000002
840629322,126225,38323322,106.99,3,2024-09-14,2024-09-17,Delivered,Apple Pay,320.96999999999997,2024-09,Sep,2024,9,Electronics,Bluetooth Speaker,22.88,252.32999999999998
576642996,216739,44788100,184.97,5,2023-01-30,2023-02-03,Returned,Apple Pay,924.85,2023-01,Jan,2023,1,Electronics,Smart Watch,36.99,739.9
477470703,770487,72409658,280.58,2,2023-04-20,2023-04-26,Delivered,Google Pay,561.16,2023-04,Apr,2023,4,Electronics,Wireless Headphones,27.87,505.41999999999996
580101819,876646,23492385,267.12,3,2024-11-21,2024-11-23,Delivered,Apple Pay,801.36,2024-11,Nov,2024,11,Clothing,Cargo Shorts,8.69,775.29
145478504,770487,23903144,83.17,5,2024-08-03,2024-08-10,Delivered,PayPal,415.85,2024-08,Aug,2024,8,Electronics,Wireless Headphones,27.87,276.5
880411013,216739,68326160,284.56,4,2023-07-31,2023-08-04,Cancelled,PayPal,1138.24,2023-07,Jul,2023,7,Electronics,Smart Watch,36.99,990.28
478557676,246316,95306788,149.24,5,2023-06-19,2023-06-23,Delivered,Debit Card,746.2,2023-06,Jun,2023,6,Clothing,Running Jacket,48.71,502.65000000000003
760191749,216739,11540956,24.5,1,2023-02-01,2023-02-06,Delivered,Credit Card,24.5,2023-02,Feb,2023,2,Electronics,Smart Watch,36.99,-12.490000000000002
567013808,388389,85543051,38.19,3,2024-08-04,2024-08-06,Delivered,Debit Card,114.57,2024-08,Aug,2024,8,Electronics,Laptop Stand,88.92,-152.19
394801573,334053,33357554,131.06,1,2023-03-19,2023-03-22,Delivered,Credit Card,131.06,2023-03,Mar,2023,3,Electronics,Webcam HD,13.0,118.06
786624943,216739,11297845,275.21,1,2024-04-12,2024-04-19,Cancelled,Credit Card,275.21,2024-04,Apr,2024,4,Electronics,Smart Watch,36.99,238.21999999999997
949842840,719176,65682626,42.64,2,2023-06-28,2023-06-29,Shipped,Google Pay,85.28,2023-06,Jun,2023,6,Home & Kitchen,Cast Iron Pan,90.67,-96.06
161587757,876646,88183110,173.33,1,2023-01-24,2023-01-30,Cancelled,Debit Card,173.33,2023-01,Jan,2023,1,Clothing,Cargo Shorts,8.69,164.64000000000001
180574838,877572,53507489,135.41,4,2023-02-08,2023-02-12,Shipped,Debit Card,541.64,2023-02,Feb,2023,2,Electronics,USB-C Hub,46.28,356.52
820678212,770487,26879290,288.22,3,2024-11-03,2024-11-04,Cancelled,PayPal,864.6600000000001,2024-11,Nov,2024,11,Electronics,Wireless Headphones,27.87,781.0500000000001
784523874,876646,83227889,88.86,2,2023-01-25,2023-01-31,Delivered,Apple Pay,177.72,2023-01,Jan,2023,1,Clothing,Cargo Shorts,8.69,160.34
536164913,770487,59512272,286.11,4,2024-03-21,2024-03-26,Returned,Debit Card,1144.44,2024-03,Mar,2024,3,Electronics,Wireless Headphones,27.87,1032.96
490102359,876646,73791320,35.63,3,2023-10-21,2023-10-24,Shipped,Apple Pay,106.89000000000001,2023-10,Oct,2023,10,Clothing,Cargo Shorts,8.69,80.82000000000002
650921917,126225,17195288,52.24,3,2024-07-18,2024-07-23,Shipped,Debit Card,156.72,2024-07,Jul,2024,7,Electronics,Bluetooth Speaker,22.88,88.08
960170255,207473,82498004,94.8,4,2023-12-22,2023-12-29,Cancelled,Google Pay,379.2,2023-12,Dec,2023,12,Clothing,Graphic Tee,66.43,113.47999999999996
905196831,877572,99788677,266.57,3,2024-09-08,2024-09-11,Delivered,Apple Pay,799.71,2024-09,Sep,2024,9,Electronics,USB-C Hub,46.28,660.87
829511584,246316,81922443,109.59,2,2023-06-18,2023-06-19,Processing,PayPal,219.18,2023-06,Jun,2023,6,Clothing,Running Jacket,48.71,121.76
271784435,872246,88990506,241.62,2,2023-06-13,2023-06-20,Returned,Debit Card,483.24,2023-06,Jun,2023,6,Clothing,Denim Jeans,29.09,425.06
133436988,191161,54349361,297.24,5,2024-03-05,2024-03-06,Delivered,Google Pay,1486.2,2024-03,Mar,2024,3,Home & Kitchen,Coffee Maker,50.5,1233.7
253308283,216739,54769200,283.25,2,2024-07-17,2024-07-23,Cancelled,PayPal,566.5,2024-07,Jul,2024,7,Electronics,Smart Watch,36.99,492.52
752376434,126225,14164775,200.49,4,2024-02-09,2024-02-14,Delivered,Google Pay,801.96,2024-02,Feb,2024,2,Electronics,Bluetooth Speaker,22.88,710.44
828092377,356787,90099897,195.73,4,2023-04-19,2023-04-21,Delivered,Debit Card,782.92,2023-04,Apr,2023,4,Electronics,Mechanical Keyboard,38.72,628.04
938927341,770487,82238741,211.52,3,2023-05-28,2023-05-29,Delivered,Apple Pay,634.5600000000001,2023-05,May,2023,5,Electronics,Wireless Headphones,27.87,550.95
570484488,388389,16990811,285.94,2,2024-10-15,2024-10-16,Delivered,Credit Card,571.88,2024-10,Oct,2024,10,Electronics,Laptop Stand,88.92,394.03999999999996
137365109,216739,88339168,29.43,4,2024-11-27,2024-11-28,Delivered,Apple Pay,117.72,2024-11,Nov,2024,11,Electronics,Smart Watch,36.99,-30.24000000000001
235538456,356787,70897765,97.05,4,2024-12-15,2024-12-20,Delivered,Debit Card,388.2,2024-12,Dec,2024,12,Electronics,Mechanical Keyboard,38.72,233.32
172191273,388389,67495923,188.28,1,2024-05-04,2024-05-10,Cancelled,Apple Pay,188.28,2024-05,May,2024,5,Electronics,Laptop Stand,88.92,99.36
353398109,770487,67887757,213.17,4,2023-02-01,2023-02-04,Returned,Google Pay,852.68,2023-02,Feb,2023,2,Electronics,Wireless Headphones,27.87,741.1999999999999
935924516,126225,47111151,120.18,4,2024-05-17,2024-05-18,Returned,Credit Card,480.72,2024-05,May,2024,5,Electronics,Bluetooth Speaker,22.88,389.20000000000005
792738367,770487,19510312,250.87,1,2023-09-09,2023-09-15,Shipped,Apple Pay,250.87,2023-09,Sep,2023,9,Electronics,Wireless Headphones,27.87,223.0
493342201,877572,51273847,170.25,4,2023-11-27,2023-11-30,Delivered,Google Pay,681.0,2023-11,Nov,2023,11,Electronics,USB-C Hub,46.28,495.88
488856231,216739,77908907,18.18,5,2024-11-22,2024-11-29,Shipped,Credit Card,90.9,2024-11,Nov,2024,11,Electronics,Smart Watch,36.99,-94.05000000000001
511086777,126225,11898961,242.37,5,2024-08-01,2024-08-05,Cancelled,Credit Card,1211.85,2024-08,Aug,2024,8,Electronics,Bluetooth Speaker,22.88,1097.4499999999998
709074302,388389,81690398,60.43,4,2024-06-13,2024-06-17,Delivered,Debit Card,241.72,2024-06,Jun,2024,6,Electronics,Laptop Stand,88.92,-113.96000000000001
134773472,126225,67062156,54.88,1,2023-04-23,2023-04-29,Delivered,Apple Pay,54.88,2023-04,Apr,2023,4,Electronics,Bluetooth Speaker,22.88,32.0
749715626,877572,41329612,234.0,1,2024-10-31,2024-11-02,Delivered,Debit Card,234.0,2024-10,Oct,2024,10,Electronics,USB-C Hub,46.28,187.72
264752975,877572,99038526,244.43,1,2024-12-31,2025-01-04,Delivered,Debit Card,244.43,2024-12,Dec,2024,12,Electronics,USB-C Hub,46.28,198.15
829137330,770487,99600766,240.35,4,2024-05-23,2024-05-26,Delivered,Google Pay,961.4,2024-05,May,2024,5,Electronics,Wireless Headphones,27.87,849.92
583100677,719176,44675473,131.39,1,2024-07-10,2024-07-11,Delivered,Apple Pay,131.39,2024-07,Jul,2024,7,Home & Kitchen,Cast Iron Pan,90.67,40.719999999999985
498320110,872246,18593410,86.19,3,2023-03-08,2023-03-09,Shipped,Apple Pay,258.57,2023-03,Mar,2023,3,Clothing,Denim Jeans,29.09,171.3
499446327,872246,74606833,56.97,5,2023-05-04,2023-05-05,Delivered,Debit Card,284.85,2023-05,May,2023,5,Clothing,Denim Jeans,29.09,139.40000000000003
576676179,246316,97477029,86.26,1,2024-01-18,2024-01-23,Returned,Debit Card,86.26,2024-01,Jan,2024,1,Clothing,Running Jacket,48.71,37.550000000000004
919355714,207473,39254705,68.7,3,2023-02-10,2023-02-12,Delivered,Apple Pay,206.10000000000002,2023-02,Feb,2023,2,Clothing,Graphic Tee,66.43,6.810000000000002
182555101,770487,24665841,87.1,5,2024-06-21,2024-06-27,Delivered,PayPal,435.5,2024-06,Jun,2024,6,Electronics,Wireless Headphones,27.87,296.15
716243819,719176,96098221,149.3,2,2023-09-07,2023-09-14,Delivered,Apple Pay,298.6,2023-09,Sep,2023,9,Home & Kitchen,Cast Iron Pan,90.67,117.26000000000002
247848992,246316,23009833,170.37,5,2023-06-26,2023-06-30,Returned,Credit Card,851.85,2023-06,Jun,2023,6,Clothing,Running Jacket,48.71,608.3
668503222,126225,72732043,230.54,4,2023-05-29,2023-06-05,Processing,Credit Card,922.16,2023-05,May,2023,5,Electronics,Bluetooth Speaker,22.88,830.64
494009507,877572,99682738,250.1,4,2024-01-06,2024-01-08,Delivered,Apple Pay,1000.4,2024-01,Jan,2024,1,Electronics,USB-C Hub,46.28,815.28
527385805,770487,36550845,65.85,3,2024-02-09,2024-02-10,Shipped,Apple Pay,197.54999999999998,2024-02,Feb,2024,2,Electronics,Wireless Headphones,27.87,113.93999999999998
437568796,207473,11049999,188.31,5,2023-05-11,2023-05-15,Shipped,Debit Card,941.55,2023-05,May,2023,5,Clothing,Graphic Tee,66.43,609.3999999999999
797460535,877572,30743797,31.76,5,2024-05-24,2024-05-31,Delivered,Apple Pay,158.8,2024-05,May,2024,5,Electronics,USB-C Hub,46.28,-72.6
399240862,216739,26948946,196.0,3,2023-05-30,2023-06-06,Delivered,Apple Pay,588.0,2023-05,May,2023,5,Electronics,Smart Watch,36.99,477.03
368018471,388389,87388337,165.22,3,2023-11-07,2023-11-14,Delivered,Apple Pay,495.65999999999997,2023-11,Nov,2023,11,Electronics,Laptop Stand,88.92,228.89999999999998
221814525,872246,20896797,211.61,5,2024-12-05,2024-12-10,Processing,Google Pay,1058.0500000000002,2024-12,Dec,2024,12,Clothing,Denim Jeans,29.09,912.6000000000001
127824235,126225,86644106,292.81,5,2024-12-09,2024-12-13,Processing,Google Pay,1464.05,2024-12,Dec,2024,12,Electronics,Bluetooth Speaker,22.88,1349.6499999999999
889924866,126225,84158663,158.91,3,2023-10-23,2023-10-28,Delivered,Debit Card,476.73,2023-10,Oct,2023,10,Electronics,Bluetooth Speaker,22.88,408.09000000000003
299767568,126225,99889098,206.06,3,2023-12-10,2023-12-15,Delivered,Google Pay,618.1800000000001,2023-12,Dec,2023,12,Electronics,Bluetooth Speaker,22.88,549.5400000000001
635844374,334053,80166708,50.38,3,2024-09-19,2024-09-26,Delivered,PayPal,151.14000000000001,2024-09,Sep,2024,9,Electronics,Webcam HD,13.0,112.14000000000001
655924752,876646,78371272,144.17,5,2023-07-29,2023-08-05,Delivered,Credit Card,720.8499999999999,2023-07,Jul,2023,7,Clothing,Cargo Shorts,8.69,677.3999999999999
515524530,876646,65337219,69.65,3,2024-10-15,2024-10-17,Delivered,Apple Pay,208.95000000000002,2024-10,Oct,2024,10,Clothing,Cargo Shorts,8.69,182.88000000000002
703091482,877572,43887075,143.12,3,2023-10-05,2023-10-10,Delivered,PayPal,429.36,2023-10,Oct,2023,10,Electronics,USB-C Hub,46.28,290.52
226444910,770487,64502486,10.94,2,2024-07-17,2024-07-21,Returned,PayPal,21.88,2024-07,Jul,2024,7,Electronics,Wireless Headphones,27.87,-33.86
381080560,719176,36757737,90.35,5,2024-08-20,2024-08-27,Shipped,Debit Card,451.75,2024-08,Aug,2024,8,Home & Kitchen,Cast Iron Pan,90.67,-1.6000000000000227
932111777,877572,13852048,41.33,4,2024-05-16,2024-05-21,Shipped,PayPal,165.32,2024-05,May,2024,5,Electronics,USB-C Hub,46.28,-19.80000000000001
379484009,770487,99508850,255.67,3,2023-02-25,2023-02-26,Delivered,Google Pay,767.01,2023-02,Feb,2023,2,Electronics,Wireless Headphones,27.87,683.4
855954847,770487,69421007,69.41,5,2024-12-04,2024-12-08,Delivered,Credit Card,347.04999999999995,2024-12,Dec,2024,12,Electronics,Wireless Headphones,27.87,207.69999999999996
579182105,126225,85146293,76.83,5,2024-03-16,2024-03-18,Processing,Google Pay,384.15,2024-03,Mar,2024,3,Electronics,Bluetooth Speaker,22.88,269.75
330393232,126225,46553958,170.57,3,2023-06-05,2023-06-06,Returned,Debit Card,511.71,2023-06,Jun,2023,6,Electronics,Bluetooth Speaker,22.88,443.07
756998124,126225,87844239,188.72,2,2023-07-28,2023-08-02,Delivered,Google Pay,377.44,2023-07,Jul,2023,7,Electronics,Bluetooth Speaker,22.88,331.68
406635834,876646,88183110,37.74,4,2024-05-12,2024-05-13,Delivered,Debit Card,150.96,2024-05,May,2024,5,Clothing,Cargo Shorts,8.69,116.20000000000002
845156039,246316,19121552,41.13,2,2023-08-14,2023-08-17,Cancelled,PayPal,82.26,2023-08,Aug,2023,8,Clothing,Running Jacket,48.71,-15.159999999999997
627422192,334053,68186525,71.87,1,2024-01-31,2024-02-04,Returned,Credit Card,71.87,2024-01,Jan,2024,1,Electronics,Webcam HD,13.0,58.870000000000005
314939857,334053,69401199,267.54,5,2023-06-03,2023-06-09,Returned,Apple Pay,1337.7,2023-06,Jun,2023,6,Electronics,Webcam HD,13.0,1272.7
231680929,770487,29876811,152.53,5,2023-07-30,2023-08-05,Delivered,PayPal,762.65,2023-07,Jul,2023,7,Electronics,Wireless Headphones,27.87,623.3
245737277,770487,46023439,138.22,2,2024-02-02,2024-02-09,Delivered,Debit Card,276.44,2024-02,Feb,2024,2,Electronics,Wireless Headphones,27.87,220.7
179512774,877572,78159587,73.19,3,2024-02-18,2024-02-20,Shipped,PayPal,219.57,2024-02,Feb,2024,2,Electronics,USB-C Hub,46.28,80.72999999999999
585377142,877572,28024248,264.53,1,2024-01-24,2024-01-29,Cancelled,Google Pay,264.53,2024-01,Jan,2024,1,Electronics,USB-C Hub,46.28,218.24999999999997
285388355,877572,43273328,242.02,4,2024-04-08,2024-04-14,Processing,PayPal,968.08,2024-04,Apr,2024,4,Electronics,USB-C Hub,46.28,782.96
865975088,877572,27896471,35.93,3,2024-04-01,2024-04-05,Delivered,Debit Card,107.78999999999999,2024-04,Apr,2024,4,Electronics,USB-C Hub,46.28,-31.05000000000001
577934499,126225,82828034,73.54,5,2023-06-11,2023-06-13,Cancelled,Google Pay,367.70000000000005,2023-06,Jun,2023,6,Electronics,Bluetooth Speaker,22.88,253.30000000000007
194264587,207473,63121477,115.72,2,2023-02-07,2023-02-11,Delivered,Debit Card,231.44,2023-02,Feb,2023,2,Clothing,Graphic Tee,66.43,98.57999999999998
970281936,216739,30452412,32.97,3,2023-02-21,2023-02-24,Shipped,Debit Card,98.91,2023-02,Feb,2023,2,Electronics,Smart Watch,36.99,-12.060000000000002
832215964,877572,58024342,128.73,2,2023-07-10,2023-07-12,Processing,Credit Card,257.46,2023-07,Jul,2023,7,Electronics,USB-C Hub,46.28,164.89999999999998
443154754,877572,70505620,199.83,2,2023-02-23,2023-02-28,Delivered,Google Pay,399.66,2023-02,Feb,2023,2,Electronics,USB-C Hub,46.28,307.1
817087513,246316,17634247,244.23,2,2023-08-30,2023-08-31,Processing,Credit Card,488.46,2023-08,Aug,2023,8,Clothing,Running Jacket,48.71,391.03999999999996
473045064,216739,59555330,45.99,4,2023-07-03,2023-07-08,Processing,PayPal,183.96,2023-07,Jul,2023,7,Electronics,Smart Watch,36.99,36.0
861863296,216739,75569635,258.06,3,2023-01-09,2023-01-12,Processing,Credit Card,774.1800000000001,2023-01,Jan,2023,1,Electronics,Smart Watch,36.99,663.21
169727803,872246,51837852,58.42,4,2024-02-08,2024-02-10,Delivered,Debit Card,233.68,2024-02,Feb,2024,2,Clothing,Denim Jeans,29.09,117.32000000000001
690554938,877572,27084279,90.98,2,2024-08-10,2024-08-17,Shipped,Debit Card,181.96,2024-08,Aug,2024,8,Electronics,USB-C Hub,46.28,89.4
682152066,216739,16729990,228.8,1,2024-10-17,2024-10-22,Shipped,Debit Card,228.8,2024-10,Oct,2024,10,Electronics,Smart Watch,36.99,191.81
411774120,877572,35848226,167.02,4,2024-02-09,2024-02-14,Processing,Apple Pay,668.08,2024-02,Feb,2024,2,Electronics,USB-C Hub,46.28,482.96000000000004
422076028,809570,54318698,218.31,4,2024-09-12,2024-09-17,Returned,PayPal,873.24,2024-09,Sep,2024,9,Clothing,Hoodie,111.42,427.56
269119969,872246,31130263,154.91,1,2024-05-30,2024-06-06,Delivered,Credit Card,154.91,2024-05,May,2024,5,Clothing,Denim Jeans,29.09,125.82
864299201,207473,45810056,272.2,4,2023-04-29,2023-05-04,Shipped,PayPal,1088.8,2023-04,Apr,2023,4,Clothing,Graphic Tee,66.43,823.0799999999999
861888313,877572,50264926,136.3,2,2023-01-17,2023-01-19,Shipped,Google Pay,272.6,2023-01,Jan,2023,1,Electronics,USB-C Hub,46.28,180.04000000000002
851854702,671858,17869910,97.56,2,2024-10-26,2024-11-02,Delivered,Credit Card,195.12,2024-10,Oct,2024,10,Home & Kitchen,Air Fryer,110.01,-24.900000000000006
784725186,877572,15917225,145.23,4,2024-05-13,2024-05-17,Delivered,Debit Card,580.92,2024-05,May,2024,5,Electronics,USB-C Hub,46.28,395.79999999999995
286928799,770487,75569635,277.59,3,2023-05-30,2023-06-05,Delivered,Credit Card,832.77,2023-05,May,2023,5,Electronics,Wireless Headphones,27.87,749.16
952225000,356787,53251559,135.67,5,2024-10-31,2024-11-07,Delivered,PayPal,678.3499999999999,2024-10,Oct,2024,10,Electronics,Mechanical Keyboard,38.72,484.7499999999999
488149273,191161,64707061,255.67,1,2023-02-11,2023-02-18,Delivered,PayPal,255.67,2023-02,Feb,2023,2,Home & Kitchen,Coffee Maker,50.5,205.17
646272321,216739,10435578,225.85,5,2023-04-14,2023-04-16,Delivered,Credit Card,1129.25,2023-04,Apr,2023,4,Electronics,Smart Watch,36.99,944.3
340777602,770487,53622663,16.99,4,2024-06-17,2024-06-20,Delivered,Google Pay,67.96,2024-06,Jun,2024,6,Electronics,Wireless Headphones,27.87,-43.52000000000001
230311939,126225,85146293,242.34,5,2024-01-12,2024-01-13,Delivered,Apple Pay,1211.7,2024-01,Jan,2024,1,Electronics,Bluetooth Speaker,22.88,1097.3
315801027,671858,31009452,203.22,5,2024-06-10,2024-06-11,Cancelled,Google Pay,1016.1,2024-06,Jun,2024,6,Home & Kitchen,Air Fryer,110.01,466.04999999999995
950474042,216739,83542887,217.13,3,2023-12-05,2023-12-11,Delivered,Debit Card,651.39,2023-12,Dec,2023,12,Electronics,Smart Watch,36.99,540.42
249117905,671858,73440831,89.96,2,2024-09-23,2024-09-27,Delivered,Credit Card,179.92,2024-09,Sep,2024,9,Home & Kitchen,Air Fryer,110.01,-40.10000000000002
354193540,216739,45650176,66.15,2,2024-03-04,2024-03-09,Shipped,Google Pay,132.3,2024-03,Mar,2024,3,Electronics,Smart Watch,36.99,58.32000000000001
948656610,216739,11540956,259.05,3,2023-03-09,2023-03-11,Cancelled,Apple Pay,777.1500000000001,2023-03,Mar,2023,3,Electronics,Smart Watch,36.99,666.1800000000001
630452018,877572,81286543,43.12,4,2024-11-19,2024-11-23,Returned,PayPal,172.48,2024-11,Nov,2024,11,Electronics,USB-C Hub,46.28,-12.640000000000015
128222260,207473,33357554,177.33,5,2024-04-25,2024-04-28,Returned,PayPal,886.6500000000001,2024-04,Apr,2024,4,Clothing,Graphic Tee,66.43,554.5
487509692,809570,44917589,207.76,5,2023-06-09,2023-06-15,Processing,PayPal,1038.8,2023-06,Jun,2023,6,Clothing,Hoodie,111.42,481.69999999999993
694875990,671858,75569635,16.44,4,2023-08-20,2023-08-27,Delivered,PayPal,65.76,2023-08,Aug,2023,8,Home & Kitchen,Air Fryer,110.01,-374.28000000000003
714478186,877572,80823176,242.48,3,2024-08-28,2024-08-31,Delivered,Debit Card,727.4399999999999,2024-08,Aug,2024,8,Electronics,USB-C Hub,46.28,588.5999999999999
496115351,216739,22388090,278.54,5,2024-04-20,2024-04-22,Processing,PayPal,1392.7,2024-04,Apr,2024,4,Electronics,Smart Watch,36.99,1207.75
601873197,334053,76354180,96.72,2,2024-08-03,2024-08-06,Delivered,Google Pay,193.44,2024-08,Aug,2024,8,Electronics,Webcam HD,13.0,167.44
962925204,246316,59529086,101.04,1,2023-03-09,2023-03-16,Shipped,Apple Pay,101.04,2023-03,Mar,2023,3,Clothing,Running Jacket,48.71,52.330000000000005
692326390,191161,65625330,106.79,3,2024-04-29,2024-04-30,Delivered,PayPal,320.37,2024-04,Apr,2024,4,Home & Kitchen,Coffee Maker,50.5,168.87
239340792,877572,57212267,72.06,4,2024-02-10,2024-02-15,Returned,Debit Card,288.24,2024-02,Feb,2024,2,Electronics,USB-C Hub,46.28,103.12
757074545,216739,68571795,104.86,4,2023-06-13,2023-06-18,Returned,Credit Card,419.44,2023-06,Jun,2023,6,Electronics,Smart Watch,36.99,271.48
192573170,770487,98834863,152.86,1,2024-07-07,2024-07-11,Returned,Debit Card,152.86,2024-07,Jul,2024,7,Electronics,Wireless Headphones,27.87,124.99000000000001
170596494,216739,25014631,295.26,3,2023-05-17,2023-05-20,Cancelled,PayPal,885.78,2023-05,May,2023,5,Electronics,Smart Watch,36.99,774.81
432098383,809570,21496211,105.73,1,2023-06-19,2023-06-22,Processing,Credit Card,105.73,2023-06,Jun,2023,6,Clothing,Hoodie,111.42,-5.689999999999998
527521016,770487,99889098,249.01,4,2023-06-24,2023-06-28,Delivered,PayPal,996.04,2023-06,Jun,2023,6,Electronics,Wireless Headphones,27.87,884.56
869801588,770487,72394301,28.82,5,2023-10-19,2023-10-21,Returned,PayPal,144.1,2023-10,Oct,2023,10,Electronics,Wireless Headphones,27.87,4.75
871880418,126225,46817443,153.95,2,2024-06-11,2024-06-12,Cancelled,PayPal,307.9,2024-06,Jun,2024,6,Electronics,Bluetooth Speaker,22.88,262.14
613962746,126225,84285882,147.06,4,2023-06-16,2023-06-22,Delivered,Google Pay,588.24,2023-06,Jun,2023,6,Electronics,Bluetooth Speaker,22.88,496.72
664461415,877572,61536717,295.52,3,2023-08-29,2023-09-05,Cancelled,PayPal,886.56,2023-08,Aug,2023,8,Electronics,USB-C Hub,46.28,747.7199999999999
541087900,216739,49209916,33.03,5,2023-06-08,2023-06-09,Delivered,Debit Card,165.15,2023-06,Jun,2023,6,Electronics,Smart Watch,36.99,-19.80000000000001
925884151,216739,83863413,31.29,3,2023-06-02,2023-06-08,Cancelled,PayPal,93.87,2023-06,Jun,2023,6,Electronics,Smart Watch,36.99,-17.099999999999994
539625898,877572,71265269,279.65,5,2024-02-24,2024-02-25,Cancelled,Google Pay,1398.25,2024-02,Feb,2024,2,Electronics,USB-C Hub,46.28,1166.85
984053945,388389,38609087,19.8,2,2024-04-29,2024-05-05,Shipped,Debit Card,39.6,2024-04,Apr,2024,4,Electronics,Laptop Stand,88.92,-138.24
717294720,770487,15917225,245.62,4,2024-02-03,2024-02-05,Cancelled,Apple Pay,982.48,2024-02,Feb,2024,2,Electronics,Wireless Headphones,27.87,871.0
179189225,671858,54446182,246.57,4,2024-04-05,2024-04-07,Cancelled,PayPal,986.28,2024-04,Apr,2024,4,Home & Kitchen,Air Fryer,110.01,546.24
234568604,719176,46817443,262.05,2,2023-07-08,2023-07-09,Delivered,Apple Pay,524.1,2023-07,Jul,2023,7,Home & Kitchen,Cast Iron Pan,90.67,342.76
440405868,216739,56397338,266.41,2,2023-06-01,2023-06-02,Processing,Google Pay,532.82,2023-06,Jun,2023,6,Electronics,Smart Watch,36.99,458.84000000000003
789705810,246316,11250299,21.14,1,2023-07-04,2023-07-08,Cancelled,PayPal,21.14,2023-07,Jul,2023,7,Clothing,Running Jacket,48.71,-27.57
179634081,126225,91363974,150.0,5,2023-01-03,2023-01-04,Delivered,Debit Card,750.0,2023-01,Jan,2023,1,Electronics,Bluetooth Speaker,22.88,635.6
583156434,126225,71028710,298.14,5,2024-02-05,2024-02-10,Processing,Debit Card,1490.6999999999998,2024-02,Feb,2024,2,Electronics,Bluetooth Speaker,22.88,1376.2999999999997
600184588,334053,21432787,289.59,5,2023-02-10,2023-02-14,Processing,PayPal,1447.9499999999998,2023-02,Feb,2023,2,Electronics,Webcam HD,13.0,1382.9499999999998
830261466,872246,75041510,106.45,4,2023-02-15,2023-02-18,Processing,Credit Card,425.8,2023-02,Feb,2023,2,Clothing,Denim Jeans,29.09,309.44
655511084,246316,36096655,175.84,3,2024-04-19,2024-04-24,Returned,Google Pay,527.52,2024-04,Apr,2024,4,Clothing,Running Jacket,48.71,381.39
469919929,877572,24508349,21.22,2,2024-10-29,2024-11-05,Cancelled,Google Pay,42.44,2024-10,Oct,2024,10,Electronics,USB-C Hub,46.28,-50.120000000000005
237798236,770487,71028710,74.31,4,2023-08-23,2023-08-24,Delivered,Apple Pay,297.24,2023-08,Aug,2023,8,Electronics,Wireless Headphones,27.87,185.76
990189659,770487,19528530,246.17,5,2023-10-08,2023-10-13,Shipped,Credit Card,1230.85,2023-10,Oct,2023,10,Electronics,Wireless Headphones,27.87,1091.5
937800943,872246,25898299,98.79,5,2024-10-17,2024-10-24,Cancelled,Credit Card,493.95000000000005,2024-10,Oct,2024,10,Clothing,Denim Jeans,29.09,348.50000000000006
691957561,246316,56843172,170.17,1,2024-06-30,2024-07-06,Returned,Debit Card,170.17,2024-06,Jun,2024,6,Clothing,Running Jacket,48.71,121.45999999999998
786973497,719176,72415804,168.06,2,2023-12-03,2023-12-05,Delivered,Apple Pay,336.12,2023-12,Dec,2023,12,Home & Kitchen,Cast Iron Pan,90.67,154.78
731130400,216739,72535301,47.65,3,2023-01-22,2023-01-23,Delivered,PayPal,142.95,2023-01,Jan,2023,1,Electronics,Smart Watch,36.99,31.97999999999999
295381429,216739,67062156,57.52,1,2023-07-28,2023-08-03,Returned,PayPal,57.52,2023-07,Jul,2023,7,Electronics,Smart Watch,36.99,20.53
924399252,388389,49761527,29.88,2,2024-07-15,2024-07-21,Returned,Credit Card,59.76,2024-07,Jul,2024,7,Electronics,Laptop Stand,88.92,-118.08000000000001
238548086,191161,38270233,233.39,3,2023-03-09,2023-03-16,Delivered,Credit Card,700.17,2023-03,Mar,2023,3,Home & Kitchen,Coffee Maker,50.5,548.67
564520346,671858,47385696,252.2,5,2024-05-27,2024-06-03,Shipped,Google Pay,1261.0,2024-05,May,2024,5,Home & Kitchen,Air Fryer,110.01,710.9499999999999
639945876,216739,89520597,34.14,1,2023-10-12,2023-10-19,Delivered,Debit Card,34.14,2023-10,Oct,2023,10,Electronics,Smart Watch,36.99,-2.8500000000000014
159499094,334053,19209801,15.28,5,2023-09-14,2023-09-20,Returned,Credit Card,76.39999999999999,2023-09,Sep,2023,9,Electronics,Webcam HD,13.0,11.399999999999991
992699085,126225,17672593,209.95,2,2024-06-18,2024-06-25,Shipped,PayPal,419.9,2024-06,Jun,2024,6,Electronics,Bluetooth Speaker,22.88,374.14
233316990,877572,98641164,244.1,4,2024-03-18,2024-03-19,Delivered,Debit Card,976.4,2024-03,Mar,2024,3,Electronics,USB-C Hub,46.28,791.28
656307931,877572,66390708,212.22,2,2024-08-23,2024-08-29,Returned,Apple Pay,424.44,2024-08,Aug,2024,8,Electronics,USB-C Hub,46.28,331.88
264299106,872246,72409658,116.96,1,2023-11-26,2023-12-02,Delivered,Apple Pay,116.96,2023-11,Nov,2023,11,Clothing,Denim Jeans,29.09,87.86999999999999
426551245,126225,93926371,198.12,4,2024-11-11,2024-11-14,Cancelled,Credit Card,792.48,2024-11,Nov,2024,11,Electronics,Bluetooth Speaker,22.88,700.96
276799196,356787,47376585,37.82,5,2023-05-18,2023-05-25,Processing,Credit Card,189.1,2023-05,May,2023,5,Electronics,Mechanical Keyboard,38.72,-4.5
273910700,877572,30452412,230.85,1,2024-07-18,2024-07-24,Processing,Credit Card,230.85,2024-07,Jul,2024,7,Electronics,USB-C Hub,46.28,184.57
446454337,671858,19317495,165.74,4,2023-09-09,2023-09-12,Delivered,Credit Card,662.96,2023-09,Sep,2023,9,Home & Kitchen,Air Fryer,110.01,222.92000000000002
861639583,126225,84285882,84.89,4,2023-05-21,2023-05-27,Delivered,PayPal,339.56,2023-05,May,2023,5,Electronics,Bluetooth Speaker,22.88,248.04000000000002
342096876,356787,10965138,31.77,3,2024-06-27,2024-06-30,Cancelled,PayPal,95.31,2024-06,Jun,2024,6,Electronics,Mechanical Keyboard,38.72,-20.849999999999994
471539452,126225,33966966,36.98,2,2023-07-09,2023-07-15,Processing,Google Pay,73.96,2023-07,Jul,2023,7,Electronics,Bluetooth Speaker,22.88,28.199999999999996
657162259,207473,64813568,292.64,3,2023-04-27,2023-04-28,Delivered,Credit Card,877.92,2023-04,Apr,2023,4,Clothing,Graphic Tee,66.43,678.6299999999999
404994549,126225,50477742,24.22,3,2023-03-22,2023-03-24,Returned,Google Pay,72.66,2023-03,Mar,2023,3,Electronics,Bluetooth Speaker,22.88,4.019999999999996
184675178,671858,19046318,281.2,5,2024-12-30,2025-01-04,Delivered,Google Pay,1406.0,2024-12,Dec,2024,12,Home & Kitchen,Air Fryer,110.01,855.9499999999999
369085407,877572,37888820,276.45,4,2023-02-11,2023-02-14,Delivered,PayPal,1105.8,2023-02,Feb,2023,2,Electronics,USB-C Hub,46.28,920.68
310777576,388389,74606833,285.2,5,2023-03-12,2023-03-13,Delivered,Credit Card,1426.0,2023-03,Mar,2023,3,Electronics,Laptop Stand,88.92,981.4
781887358,719176,28572252,167.16,3,2024-01-05,2024-01-09,Delivered,Google Pay,501.48,2024-01,Jan,2024,1,Home & Kitchen,Cast Iron Pan,90.67,229.47000000000003
691461470,872246,16818112,58.82,5,2023-03-25,2023-03-28,Cancelled,Credit Card,294.1,2023-03,Mar,2023,3,Clothing,Denim Jeans,29.09,148.65000000000003
394689553,809570,30244148,215.36,2,2023-08-12,2023-08-18,Cancelled,Google Pay,430.72,2023-08,Aug,2023,8,Clothing,Hoodie,111.42,207.88000000000002
234400576,877572,55657579,263.76,5,2024-11-28,2024-12-03,Returned,Debit Card,1318.8,2024-11,Nov,2024,11,Electronics,USB-C Hub,46.28,1087.3999999999999
771112648,246316,97225156,187.83,4,2024-03-16,2024-03-18,Delivered,Google Pay,751.32,2024-03,Mar,2024,3,Clothing,Running Jacket,48.71,556.48
425155441,877572,98787891,93.41,2,2024-02-26,2024-03-02,Processing,Credit Card,186.82,2024-02,Feb,2024,2,Electronics,USB-C Hub,46.28,94.25999999999999
759737342,876646,84514489,10.41,1,2024-09-11,2024-09-15,Shipped,Google Pay,10.41,2024-09,Sep,2024,9,Clothing,Cargo Shorts,8.69,1.7200000000000006
672817675,877572,36054020,63.45,5,2023-05-12,2023-05-17,Delivered,Debit Card,317.25,2023-05,May,2023,5,Electronics,USB-C Hub,46.28,85.85
200317984,126225,28024248,23.49,1,2023-09-13,2023-09-19,Cancelled,Apple Pay,23.49,2023-09,Sep,2023,9,Electronics,Bluetooth Speaker,22.88,0.6099999999999994
639633807,126225,58942697,10.81,2,2023-04-26,2023-05-01,Cancelled,Credit Card,21.62,2023-04,Apr,2023,4,Electronics,Bluetooth Speaker,22.88,-24.139999999999997
788255012,191161,71124923,69.83,2,2023-04-20,2023-04-23,Delivered,Credit Card,139.66,2023-04,Apr,2023,4,Home & Kitchen,Coffee Maker,50.5,38.66
281071418,877572,10054484,207.28,4,2024-11-06,2024-11-11,Cancelled,Debit Card,829.12,2024-11,Nov,2024,11,Electronics,USB-C Hub,46.28,644.0
735449477,191161,23419256,64.51,2,2024-02-03,2024-02-06,Shipped,Apple Pay,129.02,2024-02,Feb,2024,2,Home & Kitchen,Coffee Maker,50.5,28.02000000000001
723464439,388389,15917225,144.43,1,2023-01-04,2023-01-08,Returned,Credit Card,144.43,2023-01,Jan,2023,1,Electronics,Laptop Stand,88.92,55.510000000000005
265564833,876646,31810617,42.01,3,2023-07-28,2023-08-01,Delivered,PayPal,126.03,2023-07,Jul,2023,7,Clothing,Cargo Shorts,8.69,99.96000000000001
283825267,770487,30509175,180.07,3,2024-06-26,2024-06-27,Delivered,Debit Card,540.21,2024-06,Jun,2024,6,Electronics,Wireless Headphones,27.87,456.6
807309035,126225,64707061,56.52,2,2024-02-04,2024-02-07,Shipped,Debit Card,113.04,2024-02,Feb,2024,2,Electronics,Bluetooth Speaker,22.88,67.28
770529419,770487,42394260,73.46,5,2024-05-12,2024-05-16,Processing,Debit Card,367.29999999999995,2024-05,May,2024,5,Electronics,Wireless Headphones,27.87,227.94999999999996
873773537,126225,67527432,38.65,5,2023-09-18,2023-09-24,Returned,PayPal,193.25,2023-09,Sep,2023,9,Electronics,Bluetooth Speaker,22.88,78.85000000000001
749762955,876646,70597444,79.95,3,2024-08-03,2024-08-04,Delivered,Debit Card,239.85000000000002,2024-08,Aug,2024,8,Clothing,Cargo Shorts,8.69,213.78000000000003
462516271,671858,73560289,241.7,5,2024-09-20,2024-09-25,Delivered,Apple Pay,1208.5,2024-09,Sep,2024,9,Home & Kitchen,Air Fryer,110.01,658.4499999999999
705180256,770487,33966966,170.61,5,2024-12-07,2024-12-14,Delivered,Credit Card,853.0500000000001,2024-12,Dec,2024,12,Electronics,Wireless Headphones,27.87,713.7
144232045,770487,25898299,231.6,3,2023-11-10,2023-11-16,Cancelled,PayPal,694.8,2023-11,Nov,2023,11,Electronics,Wireless Headphones,27.87,611.1899999999999
986090690,877572,54398056,173.56,1,2024-09-08,2024-09-13,Shipped,Apple Pay,173.56,2024-09,Sep,2024,9,Electronics,USB-C Hub,46.28,127.28
130465806,216739,13704481,107.47,4,2023-02-16,2023-02-23,Returned,Debit Card,429.88,2023-02,Feb,2023,2,Electronics,Smart Watch,36.99,281.91999999999996
187212377,216739,16740197,210.01,1,2024-07-29,2024-07-30,Processing,Debit Card,210.01,2024-07,Jul,2024,7,Electronics,Smart Watch,36.99,173.01999999999998
148814238,877572,81498611,129.57,1,2023-07-29,2023-08-02,Delivered,Google Pay,129.57,2023-07,Jul,2023,7,Electronics,USB-C Hub,46.28,83.28999999999999
788755699,246316,50603163,117.54,1,2023-08-08,2023-08-10,Delivered,Credit Card,117.54,2023-08,Aug,2023,8,Clothing,Running Jacket,48.71,68.83000000000001
927878967,719176,34627347,180.69,4,2023-10-15,2023-10-21,Delivered,Credit Card,722.76,2023-10,Oct,2023,10,Home & Kitchen,Cast Iron Pan,90.67,360.08
719303396,356787,74893936,243.56,5,2023-05-02,2023-05-03,Processing,Debit Card,1217.8,2023-05,May,2023,5,Electronics,Mechanical Keyboard,38.72,1024.2
384172112,770487,58942697,200.61,1,2024-07-08,2024-07-10,Returned,Apple Pay,200.61,2024-07,Jul,2024,7,Electronics,Wireless Headphones,27.87,172.74
799145494,191161,92043803,35.72,5,2023-12-05,2023-12-06,Delivered,Google Pay,178.6,2023-12,Dec,2023,12,Home & Kitchen,Coffee Maker,50.5,-73.9
326353775,126225,99038359,211.81,1,2024-04-08,2024-04-13,Cancelled,Credit Card,211.81,2024-04,Apr,2024,4,Electronics,Bluetooth Speaker,22.88,188.93
923515952,809570,67110154,59.89,2,2023-10-09,2023-10-11,Delivered,Credit Card,119.78,2023-10,Oct,2023,10,Clothing,Hoodie,111.42,-103.06
714327645,216739,96637649,143.64,4,2023-05-16,2023-05-19,Delivered,Google Pay,574.56,2023-05,May,2023,5,Electronics,Smart Watch,36.99,426.5999999999999
547306651,216739,84411983,265.24,3,2024-10-04,2024-10-11,Returned,Apple Pay,795.72,2024-10,Oct,2024,10,Electronics,Smart Watch,36.99,684.75
763688866,126225,18181586,12.2,3,2024-04-30,2024-05-04,Delivered,Google Pay,36.599999999999994,2024-04,Apr,2024,4,Electronics,Bluetooth Speaker,22.88,-32.040000000000006
786111573,126225,63640499,231.67,2,2023-04-22,2023-04-23,Delivered,Debit Card,463.34,2023-04,Apr,2023,4,Electronics,Bluetooth Speaker,22.88,417.58
132519237,216739,46817443,216.96,5,2023-06-20,2023-06-23,Cancelled,Google Pay,1084.8,2023-06,Jun,2023,6,Electronics,Smart Watch,36.99,899.8499999999999
634764290,719176,85958181,55.64,5,2023-12-04,2023-12-08,Processing,Google Pay,278.2,2023-12,Dec,2023,12,Home & Kitchen,Cast Iron Pan,90.67,-175.15000000000003
773412230,877572,24305904,252.63,4,2023-06-26,2023-07-01,Delivered,PayPal,1010.52,2023-06,Jun,2023,6,Electronics,USB-C Hub,46.28,825.4
685809361,388389,84903294,127.68,4,2023-01-21,2023-01-23,Returned,Google Pay,510.72,2023-01,Jan,2023,1,Electronics,Laptop Stand,88.92,155.04000000000002
411032572,246316,23676961,211.4,1,2023-04-29,2023-05-06,Delivered,Google Pay,211.4,2023-04,Apr,2023,4,Clothing,Running Jacket,48.71,162.69
789242701,877572,21381064,216.6,2,2024-10-27,2024-11-01,Delivered,Google Pay,433.2,2024-10,Oct,2024,10,Electronics,USB-C Hub,46.28,340.64
424371087,126225,45496015,273.31,5,2023-05-10,2023-05-12,Returned,Google Pay,1366.55,2023-05,May,2023,5,Electronics,Bluetooth Speaker,22.88,1252.1499999999999
618558050,872246,37326368,34.22,5,2024-07-05,2024-07-10,Processing,Credit Card,171.1,2024-07,Jul,2024,7,Clothing,Denim Jeans,29.09,25.650000000000006
362935648,216739,43046464,152.24,2,2023-02-15,2023-02-19,Delivered,Debit Card,304.48,2023-02,Feb,2023,2,Electronics,Smart Watch,36.99,230.5
964027324,876646,98986321,138.27,4,2023-06-01,2023-06-06,Cancelled,Google Pay,553.08,2023-06,Jun,2023,6,Clothing,Cargo Shorts,8.69,518.32
966884723,216739,63643924,207.58,3,2024-04-16,2024-04-18,Delivered,Credit Card,622.74,2024-04,Apr,2024,4,Electronics,Smart Watch,36.99,511.77
835503313,770487,19553585,17.01,1,2024-11-11,2024-11-17,Delivered,PayPal,17.01,2024-11,Nov,2024,11,Electronics,Wireless Headphones,27.87,-10.86
536038528,126225,47535126,33.95,2,2024-08-22,2024-08-23,Shipped,Credit Card,67.9,2024-08,Aug,2024,8,Electronics,Bluetooth Speaker,22.88,22.140000000000008
419367188,246316,73123515,26.59,5,2024-10-25,2024-10-28,Delivered,Debit Card,132.95,2024-10,Oct,2024,10,Clothing,Running Jacket,48.71,-110.60000000000002
586989309,770487,13895645,228.22,3,2024-10-23,2024-10-26,Delivered,Credit Card,684.66,2024-10,Oct,2024,10,Electronics,Wireless Headphones,27.87,601.05
178354184,872246,68186525,166.59,3,2024-11-15,2024-11-20,Shipped,Google Pay,499.77,2024-11,Nov,2024,11,Clothing,Denim Jeans,29.09,412.5
839393192,719176,75319931,231.33,5,2023-06-29,2023-07-06,Processing,Credit Card,1156.65,2023-06,Jun,2023,6,Home & Kitchen,Cast Iron Pan,90.67,703.3000000000001
164331134,770487,99774697,17.6,5,2024-03-21,2024-03-25,Delivered,Credit Card,88.0,2024-03,Mar,2024,3,Electronics,Wireless Headphones,27.87,-51.349999999999994
269737590,216739,83542887,109.02,3,2023-12-20,2023-12-26,Cancelled,Google Pay,327.06,2023-12,Dec,2023,12,Electronics,Smart Watch,36.99,216.09
572022811,388389,40150759,45.64,4,2024-01-22,2024-01-27,Delivered,PayPal,182.56,2024-01,Jan,2024,1,Electronics,Laptop Stand,88.92,-173.12
546270451,126225,66431351,116.19,2,2024-11-08,2024-11-09,Returned,Google Pay,232.38,2024-11,Nov,2024,11,Electronics,Bluetooth Speaker,22.88,186.62
619960692,334053,93394260,146.22,4,2023-02-10,2023-02-16,Delivered,Debit Card,584.88,2023-02,Feb,2023,2,Electronics,Webcam HD,13.0,532.88
598690974,334053,68461818,189.24,1,2024-07-25,2024-07-29,Returned,Google Pay,189.24,2024-07,Jul,2024,7,Electronics,Webcam HD,13.0,176.24
319068042,671858,16749089,28.7,3,2023-07-09,2023-07-11,Returned,Credit Card,86.1,2023-07,Jul,2023,7,Home & Kitchen,Air Fryer,110.01,-243.93000000000004
465278987,877572,15917225,268.15,5,2024-06-25,2024-06-26,Cancelled,Credit Card,1340.75,2024-06,Jun,2024,6,Electronics,USB-C Hub,46.28,1109.35
751396498,388389,31687165,168.76,4,2024-10-21,2024-10-23,Shipped,Debit Card,675.04,2024-10,Oct,2024,10,Electronics,Laptop Stand,88.92,319.35999999999996
254263081,216739,53936531,125.91,2,2024-10-25,2024-10-26,Delivered,Credit Card,251.82,2024-10,Oct,2024,10,Electronics,Smart Watch,36.99,177.83999999999997
435632899,126225,21631697,220.53,5,2024-11-25,2024-11-28,Processing,PayPal,1102.65,2024-11,Nov,2024,11,Electronics,Bluetooth Speaker,22.88,988.2500000000001
871336275,770487,95125977,217.92,3,2024-03-05,2024-03-12,Cancelled,Google Pay,653.76,2024-03,Mar,2024,3,Electronics,Wireless Headphones,27.87,570.15
442863363,126225,93893865,143.96,1,2023-09-15,2023-09-16,Returned,Apple Pay,143.96,2023-09,Sep,2023,9,Electronics,Bluetooth Speaker,22.88,121.08000000000001
888340979,388389,34406132,112.85,3,2024-02-04,2024-02-06,Returned,PayPal,338.54999999999995,2024-02,Feb,2024,2,Electronics,Laptop Stand,88.92,71.78999999999996
470838810,191161,85863473,76.42,3,2024-02-17,2024-02-24,Delivered,Google Pay,229.26,2024-02,Feb,2024,2,Home & Kitchen,Coffee Maker,50.5,77.75999999999999
528118701,216739,85543051,34.53,4,2023-01-24,2023-01-30,Delivered,Apple Pay,138.12,2023-01,Jan,2023,1,Electronics,Smart Watch,36.99,-9.840000000000003
240409084,126225,81688860,163.79,1,2024-08-12,2024-08-19,Returned,Debit Card,163.79,2024-08,Aug,2024,8,Electronics,Bluetooth Speaker,22.88,140.91
916757816,216739,73560289,160.43,3,2024-12-15,2024-12-20,Delivered,Debit Card,481.29,2024-12,Dec,2024,12,Electronics,Smart Watch,36.99,370.32000000000005
497864507,246316,11898961,209.58,1,2023-03-05,2023-03-11,Delivered,Credit Card,209.58,2023-03,Mar,2023,3,Clothing,Running Jacket,48.71,160.87
652955706,216739,59597086,248.93,2,2023-08-02,2023-08-09,Returned,Google Pay,497.86,2023-08,Aug,2023,8,Electronics,Smart Watch,36.99,423.88
703068400,388389,11646234,221.24,2,2023-05-06,2023-05-10,Returned,Credit Card,442.48,2023-05,May,2023,5,Electronics,Laptop Stand,88.92,264.64
214014134,877572,16749089,264.78,1,2024-04-22,2024-04-28,Processing,Credit Card,264.78,2024-04,Apr,2024,4,Electronics,USB-C Hub,46.28,218.49999999999997
442648079,207473,56020613,192.94,2,2024-08-30,2024-08-31,Shipped,Debit Card,385.88,2024-08,Aug,2024,8,Clothing,Graphic Tee,66.43,253.01999999999998
359564054,126225,81969657,265.88,1,2023-08-20,2023-08-21,Cancelled,Credit Card,265.88,2023-08,Aug,2023,8,Electronics,Bluetooth Speaker,22.88,243.0
600871106,216739,74893936,229.93,3,2024-06-01,2024-06-05,Shipped,Credit Card,689.79,2024-06,Jun,2024,6,Electronics,Smart Watch,36.99,578.8199999999999
231556899,246316,29777514,260.55,1,2024-07-19,2024-07-25,Delivered,Debit Card,260.55,2024-07,Jul,2024,7,Clothing,Running Jacket,48.71,211.84
387195524,877572,53507489,107.02,4,2024-08-23,2024-08-24,Delivered,Google Pay,428.08,2024-08,Aug,2024,8,Electronics,USB-C Hub,46.28,242.95999999999998
582750043,126225,71968116,209.63,3,2023-01-14,2023-01-16,Shipped,Apple Pay,628.89,2023-01,Jan,2023,1,Electronics,Bluetooth Speaker,22.88,560.25
366200875,388389,11698142,273.29,1,2023-05-03,2023-05-09,Processing,Debit Card,273.29,2023-05,May,2023,5,Electronics,Laptop Stand,88.92,184.37
251266214,126225,32321899,100.25,1,2023-03-01,2023-03-02,Returned,Credit Card,100.25,2023-03,Mar,2023,3,Electronics,Bluetooth Speaker,22.88,77.37
203950725,191161,48668783,41.56,3,2024-08-11,2024-08-14,Delivered,Debit Card,124.68,2024-08,Aug,2024,8,Home & Kitchen,Coffee Maker,50.5,-26.819999999999993
154337019,334053,44188276,50.39,4,2023-01-28,2023-02-02,Delivered,Debit Card,201.56,2023-01,Jan,2023,1,Electronics,Webcam HD,13.0,149.56
411612760,191161,42787299,156.69,1,2024-09-13,2024-09-18,Delivered,Apple Pay,156.69,2024-09,Sep,2024,9,Home & Kitchen,Coffee Maker,50.5,106.19
512477736,877572,94705205,280.79,3,2023-04-05,2023-04-08,Delivered,Google Pay,842.3700000000001,2023-04,Apr,2023,4,Electronics,USB-C Hub,46.28,703.5300000000001
760756497,872246,86320155,116.37,1,2023-02-13,2023-02-20,Returned,PayPal,116.37,2023-02,Feb,2023,2,Clothing,Denim Jeans,29.09,87.28
548968760,877572,21381064,290.21,1,2024-03-14,2024-03-18,Processing,Credit Card,290.21,2024-03,Mar,2024,3,Electronics,USB-C Hub,46.28,243.92999999999998
366578178,216739,67062156,283.71,1,2023-01-19,2023-01-20,Processing,Debit Card,283.71,2023-01,Jan,2023,1,Electronics,Smart Watch,36.99,246.71999999999997
271476207,770487,31009452,54.65,4,2023-01-28,2023-02-01,Delivered,PayPal,218.6,2023-01,Jan,2023,1,Electronics,Wireless Headphones,27.87,107.11999999999999
973465185,216739,73070585,270.26,3,2023-08-12,2023-08-15,Delivered,Apple Pay,810.78,2023-08,Aug,2023,8,Electronics,Smart Watch,36.99,699.81
451581531,872246,27896471,150.75,4,2024-08-08,2024-08-09,Shipped,Google Pay,603.0,2024-08,Aug,2024,8,Clothing,Denim Jeans,29.09,486.64
720286733,809570,42730796,251.09,3,2023-08-04,2023-08-09,Cancelled,Credit Card,753.27,2023-08,Aug,2023,8,Clothing,Hoodie,111.42,419.01
874305759,770487,60882459,66.27,3,2024-04-03,2024-04-10,Delivered,Apple Pay,198.81,2024-04,Apr,2024,4,Electronics,Wireless Headphones,27.87,115.2
435775088,191161,36757737,128.15,2,2024-06-25,2024-06-27,Delivered,PayPal,256.3,2024-06,Jun,2024,6,Home & Kitchen,Coffee Maker,50.5,155.3
303832812,207473,66792612,117.45,1,2023-04-15,2023-04-21,Processing,Credit Card,117.45,2023-04,Apr,2023,4,Clothing,Graphic Tee,66.43,51.019999999999996
919395339,770487,31810617,62.71,1,2023-10-20,2023-10-25,Cancelled,Apple Pay,62.71,2023-10,Oct,2023,10,Electronics,Wireless Headphones,27.87,34.84
271092615,388389,81286543,183.37,5,2024-02-17,2024-02-24,Processing,Apple Pay,916.85,2024-02,Feb,2024,2,Electronics,Laptop Stand,88.92,472.25
635008544,671858,50392808,250.77,5,2024-11-03,2024-11-06,Returned,Google Pay,1253.8500000000001,2024-11,Nov,2024,11,Home & Kitchen,Air Fryer,110.01,703.8000000000001
652681586,876646,52352128,267.84,3,2024-04-12,2024-04-13,Delivered,Google Pay,803.52,2024-04,Apr,2024,4,Clothing,Cargo Shorts,8.69,777.4499999999999
601238919,877572,47535126,52.6,5,2024-08-05,2024-08-07,Delivered,PayPal,263.0,2024-08,Aug,2024,8,Electronics,USB-C Hub,46.28,31.599999999999994
635539154,770487,39920292,239.76,2,2024-08-06,2024-08-11,Delivered,Debit Card,479.52,2024-08,Aug,2024,8,Electronics,Wireless Headphones,27.87,423.78
431292818,216739,54585178,291.03,4,2023-05-25,2023-06-01,Processing,Google Pay,1164.12,2023-05,May,2023,5,Electronics,Smart Watch,36.99,1016.1599999999999
634047267,770487,46817443,147.15,4,2023-01-24,2023-01-29,Cancelled,Credit Card,588.6,2023-01,Jan,2023,1,Electronics,Wireless Headphones,27.87,477.12
124885365,246316,75579548,60.43,2,2024-10-19,2024-10-23,Delivered,Google Pay,120.86,2024-10,Oct,2024,10,Clothing,Running Jacket,48.71,23.439999999999998
196689473,216739,25480907,184.69,3,2024-11-17,2024-11-23,Cancelled,Debit Card,554.0699999999999,2024-11,Nov,2024,11,Electronics,Smart Watch,36.99,443.0999999999999
522240582,719176,38688676,229.52,3,2024-11-04,2024-11-09,Returned,Credit Card,688.5600000000001,2024-11,Nov,2024,11,Home & Kitchen,Cast Iron Pan,90.67,416.55000000000007
642716859,877572,73519947,271.64,5,2023-05-01,2023-05-03,Processing,Apple Pay,1358.1999999999998,2023-05,May,2023,5,Electronics,USB-C Hub,46.28,1126.7999999999997
590947659,216739,36726767,114.02,2,2024-08-27,2024-09-03,Shipped,PayPal,228.04,2024-08,Aug,2024,8,Electronics,Smart Watch,36.99,154.06
358480413,216739,67698610,109.96,1,2024-08-09,2024-08-13,Returned,Debit Card,109.96,2024-08,Aug,2024,8,Electronics,Smart Watch,36.99,72.97
331009561,770487,67062156,250.87,2,2023-04-11,2023-04-17,Returned,Debit Card,501.74,2023-04,Apr,2023,4,Electronics,Wireless Headphones,27.87,446.0
726360971,671858,13446499,44.84,2,2023-12-11,2023-12-18,Returned,PayPal,89.68,2023-12,Dec,2023,12,Home & Kitchen,Air Fryer,110.01,-130.34
478918222,334053,56020613,234.2,5,2024-08-24,2024-08-31,Delivered,Credit Card,1171.0,2024-08,Aug,2024,8,Electronics,Webcam HD,13.0,1106.0
152246275,216739,54410148,11.88,5,2023-08-18,2023-08-19,Shipped,Google Pay,59.400000000000006,2023-08,Aug,2023,8,Electronics,Smart Watch,36.99,-125.55000000000001
154267347,334053,69345683,43.86,4,2023-03-06,2023-03-07,Processing,Debit Card,175.44,2023-03,Mar,2023,3,Electronics,Webcam HD,13.0,123.44
402104065,216739,74893936,291.14,1,2023-12-09,2023-12-16,Delivered,Credit Card,291.14,2023-12,Dec,2023,12,Electronics,Smart Watch,36.99,254.14999999999998
631388604,334053,74893936,33.22,5,2024-10-25,2024-10-28,Delivered,PayPal,166.1,2024-10,Oct,2024,10,Electronics,Webcam HD,13.0,101.1
741580895,770487,70939053,192.56,2,2023-07-01,2023-07-08,Returned,Google Pay,385.12,2023-07,Jul,2023,7,Electronics,Wireless Headphones,27.87,329.38
802506364,246316,55150390,221.68,2,2023-05-28,2023-05-29,Cancelled,PayPal,443.36,2023-05,May,2023,5,Clothing,Running Jacket,48.71,345.94
822113500,877572,89920257,91.63,2,2024-03-29,2024-04-03,Delivered,Apple Pay,183.26,2024-03,Mar,2024,3,Electronics,USB-C Hub,46.28,90.69999999999999
605288784,877572,31009452,47.7,2,2024-02-26,2024-03-03,Delivered,Credit Card,95.4,2024-02,Feb,2024,2,Electronics,USB-C Hub,46.28,2.8400000000000034
406819991,872246,67556566,191.35,4,2024-05-18,2024-05-24,Shipped,Credit Card,765.4,2024-05,May,2024,5,Clothing,Denim Jeans,29.09,649.04
676267306,126225,95306788,235.53,1,2023-03-10,2023-03-17,Shipped,Google Pay,235.53,2023-03,Mar,2023,3,Electronics,Bluetooth Speaker,22.88,212.65
108780419,809570,18593410,68.76,2,2023-07-19,2023-07-21,Delivered,Debit Card,137.52,2023-07,Jul,2023,7,Clothing,Hoodie,111.42,-85.32
215424112,216739,11250299,41.52,5,2023-12-20,2023-12-24,Delivered,Apple Pay,207.60000000000002,2023-12,Dec,2023,12,Electronics,Smart Watch,36.99,22.650000000000006
562705171,216739,52352128,184.84,1,2023-04-15,2023-04-16,Shipped,Credit Card,184.84,2023-04,Apr,2023,4,Electronics,Smart Watch,36.99,147.85
243811545,877572,47816686,102.14,4,2024-06-09,2024-06-15,Shipped,Google Pay,408.56,2024-06,Jun,2024,6,Electronics,USB-C Hub,46.28,223.44
383975609,207473,64502486,73.28,1,2023-05-05,2023-05-07,Cancelled,Google Pay,73.28,2023-05,May,2023,5,Clothing,Graphic Tee,66.43,6.849999999999994
881155839,770487,17195288,177.84,1,2023-06-22,2023-06-29,Delivered,Apple Pay,177.84,2023-06,Jun,2023,6,Electronics,Wireless Headphones,27.87,149.97
492750748,388389,42614537,92.57,1,2024-03-17,2024-03-20,Delivered,Apple Pay,92.57,2024-03,Mar,2024,3,Electronics,Laptop Stand,88.92,3.6499999999999915
920184955,877572,57553014,164.9,2,2024-02-12,2024-02-16,Shipped,Apple Pay,329.8,2024-02,Feb,2024,2,Electronics,USB-C Hub,46.28,237.24
532990767,809570,85863473,251.84,1,2023-03-18,2023-03-19,Shipped,Google Pay,251.84,2023-03,Mar,2023,3,Clothing,Hoodie,111.42,140.42000000000002
492922240,872246,57553014,85.71,4,2024-10-05,2024-10-07,Delivered,Google Pay,342.84,2024-10,Oct,2024,10,Clothing,Denim Jeans,29.09,226.47999999999996
148578655,877572,21432787,136.99,4,2024-12-04,2024-12-09,Returned,Debit Card,547.96,2024-12,Dec,2024,12,Electronics,USB-C Hub,46.28,362.84000000000003
530121245,191161,95125977,159.43,5,2023-04-28,2023-05-05,Cancelled,PayPal,797.1500000000001,2023-04,Apr,2023,4,Home & Kitchen,Coffee Maker,50.5,544.6500000000001
154930149,216739,51870192,16.64,5,2024-04-05,2024-04-11,Processing,Apple Pay,83.2,2024-04,Apr,2024,4,Electronics,Smart Watch,36.99,-101.75000000000001
712335251,334053,28814949,213.02,4,2024-04-09,2024-04-13,Returned,Apple Pay,852.08,2024-04,Apr,2024,4,Electronics,Webcam HD,13.0,800.08
703246271,877572,98986321,239.79,3,2023-05-31,2023-06-07,Returned,Credit Card,719.37,2023-05,May,2023,5,Electronics,USB-C Hub,46.28,580.53
309009538,334053,41944441,59.56,2,2024-11-05,2024-11-12,Cancelled,PayPal,119.12,2024-11,Nov,2024,11,Electronics,Webcam HD,13.0,93.12
489256938,356787,99788677,263.29,3,2024-02-07,2024-02-13,Delivered,PayPal,789.8700000000001,2024-02,Feb,2024,2,Electronics,Mechanical Keyboard,38.72,673.7100000000002
694018597,872246,72682989,127.42,2,2024-12-04,2024-12-07,Cancelled,Credit Card,254.84,2024-12,Dec,2024,12,Clothing,Denim Jeans,29.09,196.66
409883716,872246,41568532,50.23,5,2023-03-16,2023-03-21,Shipped,Apple Pay,251.14999999999998,2023-03,Mar,2023,3,Clothing,Denim Jeans,29.09,105.69999999999999
178954113,671858,20570592,164.93,3,2024-07-24,2024-07-29,Delivered,Apple Pay,494.79,2024-07,Jul,2024,7,Home & Kitchen,Air Fryer,110.01,164.76
514838889,207473,41774346,14.68,2,2024-07-13,2024-07-20,Delivered,Credit Card,29.36,2024-07,Jul,2024,7,Clothing,Graphic Tee,66.43,-103.50000000000001
641440255,770487,68450095,76.63,5,2024-12-09,2024-12-15,Shipped,Google Pay,383.15,2024-12,Dec,2024,12,Electronics,Wireless Headphones,27.87,243.79999999999998
583564328,876646,99774697,47.69,5,2023-10-26,2023-11-01,Delivered,Google Pay,238.45,2023-10,Oct,2023,10,Clothing,Cargo Shorts,8.69,195.0
920772671,872246,40158366,92.22,4,2024-10-24,2024-10-25,Cancelled,Google Pay,368.88,2024-10,Oct,2024,10,Clothing,Denim Jeans,29.09,252.51999999999998
690404558,872246,23318904,199.89,1,2023-02-06,2023-02-12,Delivered,Debit Card,199.89,2023-02,Feb,2023,2,Clothing,Denim Jeans,29.09,170.79999999999998
400347789,877572,22534217,148.49,5,2024-04-03,2024-04-07,Returned,Debit Card,742.45,2024-04,Apr,2024,4,Electronics,USB-C Hub,46.28,511.05000000000007
986171278,770487,44788100,236.26,5,2023-10-09,2023-10-13,Delivered,Apple Pay,1181.3,2023-10,Oct,2023,10,Electronics,Wireless Headphones,27.87,1041.95
769200551,246316,50079111,53.47,5,2024-01-29,2024-02-03,Processing,Apple Pay,267.35,2024-01,Jan,2024,1,Clothing,Running Jacket,48.71,23.80000000000001
830572478,872246,49823450,159.66,2,2023-05-13,2023-05-16,Shipped,Credit Card,319.32,2023-05,May,2023,5,Clothing,Denim Jeans,29.09,261.14
756102581,671858,47463522,10.18,2,2024-11-28,2024-12-03,Cancelled,Debit Card,20.36,2024-11,Nov,2024,11,Home & Kitchen,Air Fryer,110.01,-199.66000000000003
227572362,126225,53507489,114.49,4,2024-11-10,2024-11-17,Shipped,Google Pay,457.96,2024-11,Nov,2024,11,Electronics,Bluetooth Speaker,22.88,366.44
238151258,356787,51746937,205.16,2,2023-02-09,2023-02-10,Delivered,Google Pay,410.32,2023-02,Feb,2023,2,Electronics,Mechanical Keyboard,38.72,332.88
203810954,126225,35511941,82.84,5,2024-01-19,2024-01-22,Shipped,Apple Pay,414.20000000000005,2024-01,Jan,2024,1,Electronics,Bluetooth Speaker,22.88,299.80000000000007
522950895,216739,99152472,63.84,2,2024-09-18,2024-09-21,Cancelled,Debit Card,127.68,2024-09,Sep,2024,9,Electronics,Smart Watch,36.99,53.7
500718660,809570,63238057,123.49,2,2023-10-03,2023-10-10,Returned,Debit Card,246.98,2023-10,Oct,2023,10,Clothing,Hoodie,111.42,24.139999999999986
953514394,872246,51870192,127.41,3,2023-04-16,2023-04-19,Delivered,PayPal,382.23,2023-04,Apr,2023,4,Clothing,Denim Jeans,29.09,294.96000000000004
464090064,126225,91363974,275.04,3,2024-05-09,2024-05-11,Shipped,Debit Card,825.1200000000001,2024-05,May,2024,5,Electronics,Bluetooth Speaker,22.88,756.4800000000001
698967370,216739,34084236,163.61,3,2023-08-16,2023-08-19,Delivered,Debit Card,490.83000000000004,2023-08,Aug,2023,8,Electronics,Smart Watch,36.99,379.86
492566853,191161,13895645,216.07,3,2023-04-19,2023-04-24,Delivered,Credit Card,648.21,2023-04,Apr,2023,4,Home & Kitchen,Coffee Maker,50.5,496.71000000000004
910637681,809570,11297845,172.01,1,2024-01-31,2024-02-07,Processing,PayPal,172.01,2024-01,Jan,2024,1,Clothing,Hoodie,111.42,60.58999999999999
254905897,671858,81922443,85.89,1,2023-10-22,2023-10-29,Delivered,PayPal,85.89,2023-10,Oct,2023,10,Home & Kitchen,Air Fryer,110.01,-24.120000000000005
313736772,809570,40942292,177.31,1,2024-06-08,2024-06-15,Shipped,Google Pay,177.31,2024-06,Jun,2024,6,Clothing,Hoodie,111.42,65.89
746889670,216739,67527432,178.76,3,2024-12-22,2024-12-25,Returned,Credit Card,536.28,2024-12,Dec,2024,12,Electronics,Smart Watch,36.99,425.30999999999995
646666136,216739,77898694,35.57,3,2024-02-08,2024-02-11,Shipped,Credit Card,106.71000000000001,2024-02,Feb,2024,2,Electronics,Smart Watch,36.99,-4.259999999999991
530986098,356787,11250299,221.38,3,2023-04-20,2023-04-22,Processing,Debit Card,664.14,2023-04,Apr,2023,4,Electronics,Mechanical Keyboard,38.72,547.98
636954564,191161,30024960,79.05,4,2024-06-21,2024-06-22,Shipped,PayPal,316.2,2024-06,Jun,2024,6,Home & Kitchen,Coffee Maker,50.5,114.19999999999999
143223380,126225,98834863,196.55,1,2024-12-14,2024-12-21,Delivered,Credit Card,196.55,2024-12,Dec,2024,12,Electronics,Bluetooth Speaker,22.88,173.67000000000002
148644109,770487,86460539,188.55,1,2024-04-12,2024-04-16,Cancelled,Google Pay,188.55,2024-04,Apr,2024,4,Electronics,Wireless Headphones,27.87,160.68
141783553,872246,60119651,252.11,4,2024-09-11,2024-09-17,Delivered,PayPal,1008.44,2024-09,Sep,2024,9,Clothing,Denim Jeans,29.09,892.08
247141682,126225,22534217,281.19,5,2023-06-16,2023-06-18,Returned,Apple Pay,1405.95,2023-06,Jun,2023,6,Electronics,Bluetooth Speaker,22.88,1291.55
866213410,126225,47945817,130.49,4,2024-08-20,2024-08-25,Processing,Apple Pay,521.96,2024-08,Aug,2024,8,Electronics,Bluetooth Speaker,22.88,430.44000000000005
457599735,216739,38688676,107.98,3,2024-05-19,2024-05-25,Cancelled,PayPal,323.94,2024-05,May,2024,5,Electronics,Smart Watch,36.99,212.97
963251765,872246,25898299,289.71,3,2024-08-25,2024-08-29,Returned,Google Pay,869.1299999999999,2024-08,Aug,2024,8,Clothing,Denim Jeans,29.09,781.8599999999999
608678910,216739,39854548,290.6,4,2024-09-21,2024-09-22,Delivered,Credit Card,1162.4,2024-09,Sep,2024,9,Electronics,Smart Watch,36.99,1014.44
657629251,126225,24972279,55.21,3,2023-02-10,2023-02-11,Delivered,Debit Card,165.63,2023-02,Feb,2023,2,Electronics,Bluetooth Speaker,22.88,96.99
590687732,207473,45496015,48.02,1,2023-03-16,2023-03-18,Returned,PayPal,48.02,2023-03,Mar,2023,3,Clothing,Graphic Tee,66.43,-18.410000000000004
259923818,216739,55657579,149.34,5,2023-11-28,2023-12-01,Delivered,Apple Pay,746.7,2023-11,Nov,2023,11,Electronics,Smart Watch,36.99,561.75
750967273,872246,35708194,97.94,5,2023-04-13,2023-04-16,Processing,Google Pay,489.7,2023-04,Apr,2023,4,Clothing,Denim Jeans,29.09,344.25
653520069,877572,62401521,210.19,2,2024-05-26,2024-06-02,Shipped,Apple Pay,420.38,2024-05,May,2024,5,Electronics,USB-C Hub,46.28,327.82
250088694,719176,89920257,129.84,1,2023-10-27,2023-11-02,Delivered,PayPal,129.84,2023-10,Oct,2023,10,Home & Kitchen,Cast Iron Pan,90.67,39.17
452150647,191161,40291214,276.57,3,2024-12-21,2024-12-23,Delivered,Credit Card,829.71,2024-12,Dec,2024,12,Home & Kitchen,Coffee Maker,50.5,678.21
758276886,216739,23769080,246.73,2,2024-07-10,2024-07-17,Delivered,Credit Card,493.46,2024-07,Jul,2024,7,Electronics,Smart Watch,36.99,419.47999999999996
442019016,216739,42394260,98.4,1,2023-01-08,2023-01-14,Delivered,Apple Pay,98.4,2023-01,Jan,2023,1,Electronics,Smart Watch,36.99,61.410000000000004
274485243,770487,21267237,86.08,2,2023-09-08,2023-09-12,Delivered,Google Pay,172.16,2023-09,Sep,2023,9,Electronics,Wireless Headphones,27.87,116.41999999999999
521931770,216739,89699989,160.41,1,2024-04-27,2024-05-01,Cancelled,Apple Pay,160.41,2024-04,Apr,2024,4,Electronics,Smart Watch,36.99,123.41999999999999
761962359,126225,58884978,103.04,3,2024-05-06,2024-05-10,Processing,PayPal,309.12,2024-05,May,2024,5,Electronics,Bluetooth Speaker,22.88,240.48000000000002
893838119,216739,87669750,51.3,1,2023-02-03,2023-02-06,Processing,Apple Pay,51.3,2023-02,Feb,2023,2,Electronics,Smart Watch,36.99,14.309999999999995
421300425,334053,42016960,39.64,1,2023-09-04,2023-09-10,Processing,Debit Card,39.64,2023-09,Sep,2023,9,Electronics,Webcam HD,13.0,26.64
737506993,876646,34627347,60.9,4,2024-10-22,2024-10-26,Cancelled,Debit Card,243.6,2024-10,Oct,2024,10,Clothing,Cargo Shorts,8.69,208.84
461178244,877572,43887075,200.05,2,2023-08-11,2023-08-16,Returned,Credit Card,400.1,2023-08,Aug,2023,8,Electronics,USB-C Hub,46.28,307.54
644725317,216739,36619372,72.08,4,2024-08-03,2024-08-08,Delivered,Credit Card,288.32,2024-08,Aug,2024,8,Electronics,Smart Watch,36.99,140.35999999999999
989368954,876646,45059710,179.69,3,2024-11-04,2024-11-11,Delivered,Google Pay,539.0699999999999,2024-11,Nov,2024,11,Clothing,Cargo Shorts,8.69,512.9999999999999
647301347,216739,13704481,213.71,2,2024-10-30,2024-11-02,Returned,Google Pay,427.42,2024-10,Oct,2024,10,Electronics,Smart Watch,36.99,353.44
671595541,191161,71510041,282.5,3,2023-11-24,2023-11-29,Shipped,Credit Card,847.5,2023-11,Nov,2023,11,Home & Kitchen,Coffee Maker,50.5,696.0
625968839,246316,41473195,56.84,4,2024-05-19,2024-05-21,Delivered,Debit Card,227.36,2024-05,May,2024,5,Clothing,Running Jacket,48.71,32.52000000000001
861003571,770487,67403166,245.11,4,2023-09-17,2023-09-22,Processing,Credit Card,980.44,2023-09,Sep,2023,9,Electronics,Wireless Headphones,27.87,868.96
704435323,126225,30534124,10.77,5,2024-08-19,2024-08-23,Delivered,Apple Pay,53.849999999999994,2024-08,Aug,2024,8,Electronics,Bluetooth Speaker,22.88,-60.55
421897671,126225,43704923,145.86,5,2024-11-13,2024-11-18,Shipped,Credit Card,729.3000000000001,2024-11,Nov,2024,11,Electronics,Bluetooth Speaker,22.88,614.9000000000001
609912042,877572,45059710,285.85,5,2023-05-22,2023-05-27,Delivered,Debit Card,1429.25,2023-05,May,2023,5,Electronics,USB-C Hub,46.28,1197.85
975903641,770487,32321899,221.46,1,2024-01-09,2024-01-13,Processing,Debit Card,221.46,2024-01,Jan,2024,1,Electronics,Wireless Headphones,27.87,193.59
117863798,770487,20099059,185.9,4,2024-07-21,2024-07-25,Processing,Google Pay,743.6,2024-07,Jul,2024,7,Electronics,Wireless Headphones,27.87,632.12
495521185,872246,99600766,71.06,3,2023-12-24,2023-12-30,Cancelled,Google Pay,213.18,2023-12,Dec,2023,12,Clothing,Denim Jeans,29.09,125.91000000000001
455665802,877572,68800797,15.02,3,2023-02-11,2023-02-13,Delivered,Apple Pay,45.06,2023-02,Feb,2023,2,Electronics,USB-C Hub,46.28,-93.78
823494111,126225,18135295,110.59,2,2024-04-16,2024-04-17,Delivered,Google Pay,221.18,2024-04,Apr,2024,4,Electronics,Bluetooth Speaker,22.88,175.42000000000002
217687031,719176,73440831,53.26,5,2023-01-24,2023-01-31,Delivered,Google Pay,266.3,2023-01,Jan,2023,1,Home & Kitchen,Cast Iron Pan,90.67,-187.05
547256709,770487,87337818,148.6,5,2023-11-07,2023-11-09,Delivered,Credit Card,743.0,2023-11,Nov,2023,11,Electronics,Wireless Headphones,27.87,603.65
726745401,207473,55657579,297.72,1,2024-08-13,2024-08-17,Delivered,Google Pay,297.72,2024-08,Aug,2024,8,Clothing,Graphic Tee,66.43,231.29000000000002
430366556,770487,45594951,193.64,2,2024-02-12,2024-02-13,Delivered,Debit Card,387.28,2024-02,Feb,2024,2,Electronics,Wireless Headphones,27.87,331.53999999999996
955508961,877572,42862209,201.44,1,2024-04-22,2024-04-29,Delivered,Google Pay,201.44,2024-04,Apr,2024,4,Electronics,USB-C Hub,46.28,155.16
878810937,671858,82374753,120.94,1,2023-04-29,2023-04-30,Delivered,Debit Card,120.94,2023-04,Apr,2023,4,Home & Kitchen,Air Fryer,110.01,10.929999999999993
838781242,770487,83534128,109.44,5,2023-05-20,2023-05-26,Returned,Apple Pay,547.2,2023-05,May,2023,5,Electronics,Wireless Headphones,27.87,407.85
775663302,216739,17774584,65.8,4,2023-10-28,2023-11-02,Delivered,Debit Card,263.2,2023-10,Oct,2023,10,Electronics,Smart Watch,36.99,115.23999999999998
128612164,216739,79967676,245.26,5,2024-10-28,2024-11-03,Delivered,Debit Card,1226.3,2024-10,Oct,2024,10,Electronics,Smart Watch,36.99,1041.35
740926818,671858,26090908,92.48,5,2023-04-13,2023-04-14,Cancelled,Apple Pay,462.40000000000003,2023-04,Apr,2023,4,Home & Kitchen,Air Fryer,110.01,-87.65000000000003
609587361,809570,91363974,202.82,2,2023-01-09,2023-01-14,Delivered,Google Pay,405.64,2023-01,Jan,2023,1,Clothing,Hoodie,111.42,182.79999999999998
385111130,770487,59737181,255.58,3,2023-07-18,2023-07-24,Cancelled,Apple Pay,766.74,2023-07,Jul,2023,7,Electronics,Wireless Headphones,27.87,683.13
803935444,191161,70467027,243.55,2,2024-11-01,2024-11-02,Cancelled,Google Pay,487.1,2024-11,Nov,2024,11,Home & Kitchen,Coffee Maker,50.5,386.1
940636753,877572,93926371,290.97,1,2023-04-10,2023-04-12,Delivered,PayPal,290.97,2023-04,Apr,2023,4,Electronics,USB-C Hub,46.28,244.69000000000003
933397627,877572,50308572,166.49,4,2024-07-16,2024-07-19,Delivered,Debit Card,665.96,2024-07,Jul,2024,7,Electronics,USB-C Hub,46.28,480.84000000000003
721132087,877572,69302158,235.76,1,2023-03-18,2023-03-24,Delivered,Apple Pay,235.76,2023-03,Mar,2023,3,Electronics,USB-C Hub,46.28,189.48
720230209,770487,99508850,148.99,5,2024-09-20,2024-09-22,Shipped,PayPal,744.95,2024-09,Sep,2024,9,Electronics,Wireless Headphones,27.87,605.6
344322679,770487,69401199,133.59,5,2023-03-29,2023-04-02,Delivered,Apple Pay,667.95,2023-03,Mar,2023,3,Electronics,Wireless Headphones,27.87,528.6
874597473,126225,71028710,109.28,3,2024-10-27,2024-10-28,Returned,Debit Card,327.84000000000003,2024-10,Oct,2024,10,Electronics,Bluetooth Speaker,22.88,259.20000000000005
155142186,191161,34406132,74.32,3,2024-10-19,2024-10-20,Delivered,Debit Card,222.95999999999998,2024-10,Oct,2024,10,Home & Kitchen,Coffee Maker,50.5,71.45999999999998
726553348,126225,36726767,275.11,4,2024-05-23,2024-05-28,Delivered,Apple Pay,1100.44,2024-05,May,2024,5,Electronics,Bluetooth Speaker,22.88,1008.9200000000001
615877957,719176,72372114,138.41,3,2023-03-08,2023-03-11,Delivered,PayPal,415.23,2023-03,Mar,2023,3,Home & Kitchen,Cast Iron Pan,90.67,143.22000000000003
283085932,334053,43704923,254.05,2,2023-09-15,2023-09-19,Returned,PayPal,508.1,2023-09,Sep,2023,9,Electronics,Webcam HD,13.0,482.1
662890182,246316,64038913,27.22,1,2023-02-15,2023-02-20,Returned,Google Pay,27.22,2023-02,Feb,2023,2,Clothing,Running Jacket,48.71,-21.490000000000002
775410705,770487,90010790,76.65,4,2024-02-27,2024-03-03,Shipped,PayPal,306.6,2024-02,Feb,2024,2,Electronics,Wireless Headphones,27.87,195.12
874364174,671858,61053877,159.71,5,2023-06-15,2023-06-19,Delivered,Google Pay,798.5500000000001,2023-06,Jun,2023,6,Home & Kitchen,Air Fryer,110.01,248.5
765436255,216739,57219209,41.14,5,2024-01-11,2024-01-15,Delivered,Credit Card,205.7,2024-01,Jan,2024,1,Electronics,Smart Watch,36.99,20.74999999999997
931726993,356787,41473195,157.42,4,2023-03-28,2023-03-30,Shipped,Credit Card,629.68,2023-03,Mar,2023,3,Electronics,Mechanical Keyboard,38.72,474.79999999999995
508226265,216739,90070438,245.76,3,2023-03-23,2023-03-24,Delivered,Google Pay,737.28,2023-03,Mar,2023,3,Electronics,Smart Watch,36.99,626.31
258672959,388389,71367643,43.11,2,2024-02-15,2024-02-17,Delivered,Credit Card,86.22,2024-02,Feb,2024,2,Electronics,Laptop Stand,88.92,-91.62
982252092,207473,36445607,163.15,3,2024-06-28,2024-07-05,Shipped,Apple Pay,489.45000000000005,2024-06,Jun,2024,6,Clothing,Graphic Tee,66.43,290.16
830924936,876646,10475894,69.31,5,2024-05-23,2024-05-24,Delivered,PayPal,346.55,2024-05,May,2024,5,Clothing,Cargo Shorts,8.69,303.1
360056579,877572,45507920,126.74,4,2023-07-25,2023-07-30,Delivered,Apple Pay,506.96,2023-07,Jul,2023,7,Electronics,USB-C Hub,46.28,321.84
133898577,216739,40728046,28.57,2,2023-12-28,2024-01-02,Returned,Debit Card,57.14,2023-12,Dec,2023,12,Electronics,Smart Watch,36.99,-16.840000000000003
714792641,876646,95758349,294.14,4,2023-02-02,2023-02-03,Shipped,Apple Pay,1176.56,2023-02,Feb,2023,2,Clothing,Cargo Shorts,8.69,1141.8
852178601,126225,60867083,228.97,1,2024-08-26,2024-08-27,Delivered,Apple Pay,228.97,2024-08,Aug,2024,8,Electronics,Bluetooth Speaker,22.88,206.09
217999418,207473,82498004,20.82,3,2023-05-08,2023-05-11,Processing,Debit Card,62.46,2023-05,May,2023,5,Clothing,Graphic Tee,66.43,-136.83
304853117,872246,93394260,217.31,3,2023-03-11,2023-03-18,Processing,Credit Card,651.9300000000001,2023-03,Mar,2023,3,Clothing,Denim Jeans,29.09,564.6600000000001
120333847,770487,19317495,84.09,5,2023-06-26,2023-06-27,Processing,Credit Card,420.45000000000005,2023-06,Jun,2023,6,Electronics,Wireless Headphones,27.87,281.1
573561557,671858,75575808,154.09,4,2024-09-04,2024-09-11,Returned,Google Pay,616.36,2024-09,Sep,2024,9,Home & Kitchen,Air Fryer,110.01,176.32
436824737,872246,47080140,28.87,4,2023-08-18,2023-08-24,Processing,Apple Pay,115.48,2023-08,Aug,2023,8,Clothing,Denim Jeans,29.09,-0.8799999999999955
549661921,877572,67698610,227.46,1,2024-09-09,2024-09-14,Shipped,Apple Pay,227.46,2024-09,Sep,2024,9,Electronics,USB-C Hub,46.28,181.18
262598077,877572,93303777,149.16,3,2023-02-20,2023-02-24,Delivered,Debit Card,447.48,2023-02,Feb,2023,2,Electronics,USB-C Hub,46.28,308.64
543412542,126225,72363359,223.71,5,2023-07-07,2023-07-09,Cancelled,Google Pay,1118.55,2023-07,Jul,2023,7,Electronics,Bluetooth Speaker,22.88,1004.15
841419015,770487,82232344,14.24,3,2024-04-01,2024-04-08,Delivered,Apple Pay,42.72,2024-04,Apr,2024,4,Electronics,Wireless Headphones,27.87,-40.89
318927025,191161,99115205,72.15,1,2023-05-23,2023-05-24,Processing,Apple Pay,72.15,2023-05,May,2023,5,Home & Kitchen,Coffee Maker,50.5,21.650000000000006
540639384,191161,19196777,129.11,2,2023-04-19,2023-04-20,Cancelled,Credit Card,258.22,2023-04,Apr,2023,4,Home & Kitchen,Coffee Maker,50.5,157.22000000000003
638824588,809570,55150390,256.38,5,2023-09-23,2023-09-24,Returned,Credit Card,1281.9,2023-09,Sep,2023,9,Clothing,Hoodie,111.42,724.8000000000001
932120169,877572,48285503,293.03,1,2023-04-25,2023-04-26,Cancelled,Google Pay,293.03,2023-04,Apr,2023,4,Electronics,USB-C Hub,46.28,246.74999999999997
756569565,872246,31810617,18.85,1,2024-11-08,2024-11-13,Processing,Apple Pay,18.85,2024-11,Nov,2024,11,Clothing,Denim Jeans,29.09,-10.239999999999998
606382505,216739,17672593,284.56,3,2023-05-04,2023-05-08,Processing,Google Pay,853.6800000000001,2023-05,May,2023,5,Electronics,Smart Watch,36.99,742.71
890099255,876646,87669750,118.39,1,2024-03-26,2024-03-31,Processing,Debit Card,118.39,2024-03,Mar,2024,3,Clothing,Cargo Shorts,8.69,109.7
881042056,770487,69302158,131.44,3,2024-07-07,2024-07-08,Shipped,Credit Card,394.32,2024-07,Jul,2024,7,Electronics,Wireless Headphones,27.87,310.71
166874023,191161,52462441,34.68,5,2024-01-25,2024-01-30,Shipped,Credit Card,173.4,2024-01,Jan,2024,1,Home & Kitchen,Coffee Maker,50.5,-79.1
857820386,671858,41944441,268.38,5,2023-06-11,2023-06-16,Delivered,Debit Card,1341.9,2023-06,Jun,2023,6,Home & Kitchen,Air Fryer,110.01,791.85
248264937,207473,39254705,144.36,4,2024-05-31,2024-06-02,Processing,Apple Pay,577.44,2024-05,May,2024,5,Clothing,Graphic Tee,66.43,311.72
656931857,809570,83227889,112.84,1,2023-02-14,2023-02-19,Delivered,Credit Card,112.84,2023-02,Feb,2023,2,Clothing,Hoodie,111.42,1.4200000000000017
322631460,671858,24665841,22.76,5,2023-12-30,2024-01-03,Cancelled,Debit Card,113.80000000000001,2023-12,Dec,2023,12,Home & Kitchen,Air Fryer,110.01,-436.25000000000006
702247585,126225,43742830,171.86,3,2024-12-08,2024-12-13,Cancelled,Apple Pay,515.58,2024-12,Dec,2024,12,Electronics,Bluetooth Speaker,22.88,446.94000000000005
449019278,877572,42594692,195.93,2,2024-11-05,2024-11-11,Delivered,Credit Card,391.86,2024-11,Nov,2024,11,Electronics,USB-C Hub,46.28,299.3
811060614,719176,42747037,92.07,5,2024-12-19,2024-12-25,Shipped,Apple Pay,460.34999999999997,2024-12,Dec,2024,12,Home & Kitchen,Cast Iron Pan,90.67,6.999999999999943
613646933,126225,74893936,87.03,5,2024-03-15,2024-03-16,Delivered,Debit Card,435.15,2024-03,Mar,2024,3,Electronics,Bluetooth Speaker,22.88,320.75
664226794,216739,35487660,39.63,2,2024-07-28,2024-07-31,Delivered,PayPal,79.26,2024-07,Jul,2024,7,Electronics,Smart Watch,36.99,5.280000000000001
504612520,207473,53622663,167.35,2,2024-02-21,2024-02-24,Delivered,Google Pay,334.7,2024-02,Feb,2024,2,Clothing,Graphic Tee,66.43,201.83999999999997
436889280,207473,89160218,165.03,5,2023-08-16,2023-08-19,Cancelled,Google Pay,825.15,2023-08,Aug,2023,8,Clothing,Graphic Tee,66.43,492.99999999999994
285953213,877572,27896471,124.59,2,2023-05-21,2023-05-24,Returned,Google Pay,249.18,2023-05,May,2023,5,Electronics,USB-C Hub,46.28,156.62
593559955,246316,55377076,190.73,1,2024-03-11,2024-03-12,Delivered,PayPal,190.73,2024-03,Mar,2024,3,Clothing,Running Jacket,48.71,142.01999999999998
672440825,770487,15512205,201.73,5,2023-09-12,2023-09-15,Cancelled,Debit Card,1008.65,2023-09,Sep,2023,9,Electronics,Wireless Headphones,27.87,869.3
467570835,191161,55728776,77.46,4,2024-02-22,2024-02-23,Cancelled,Apple Pay,309.84,2024-02,Feb,2024,2,Home & Kitchen,Coffee Maker,50.5,107.83999999999997
686556403,216739,22388090,103.14,5,2023-02-14,2023-02-17,Delivered,Apple Pay,515.7,2023-02,Feb,2023,2,Electronics,Smart Watch,36.99,330.75
480412754,356787,16109013,114.48,3,2023-01-23,2023-01-25,Returned,PayPal,343.44,2023-01,Jan,2023,1,Electronics,Mechanical Keyboard,38.72,227.28
825708356,770487,53258988,102.18,1,2023-04-10,2023-04-14,Returned,Debit Card,102.18,2023-04,Apr,2023,4,Electronics,Wireless Headphones,27.87,74.31
928917719,770487,25372341,255.08,4,2024-03-02,2024-03-06,Returned,Apple Pay,1020.32,2024-03,Mar,2024,3,Electronics,Wireless Headphones,27.87,908.84
874086851,719176,86320155,159.57,3,2023-03-08,2023-03-15,Processing,Google Pay,478.71,2023-03,Mar,2023,3,Home & Kitchen,Cast Iron Pan,90.67,206.7
830945329,207473,53622663,166.89,1,2023-02-12,2023-02-17,Returned,Apple Pay,166.89,2023-02,Feb,2023,2,Clothing,Graphic Tee,66.43,100.45999999999998
790747887,246316,45594951,33.08,3,2023-04-10,2023-04-13,Shipped,Google Pay,99.24,2023-04,Apr,2023,4,Clothing,Running Jacket,48.71,-46.89
962915335,191161,99639081,63.56,4,2023-12-01,2023-12-06,Cancelled,Apple Pay,254.24,2023-12,Dec,2023,12,Home & Kitchen,Coffee Maker,50.5,52.24000000000001
844439496,388389,53258988,189.04,2,2024-11-10,2024-11-15,Cancelled,Google Pay,378.08,2024-11,Nov,2024,11,Electronics,Laptop Stand,88.92,200.23999999999998
383856728,334053,43189803,279.78,4,2024-03-26,2024-03-29,Processing,PayPal,1119.12,2024-03,Mar,2024,3,Electronics,Webcam HD,13.0,1067.12
755064741,876646,27758595,180.61,3,2023-12-02,2023-12-05,Returned,Credit Card,541.83,2023-12,Dec,2023,12,Clothing,Cargo Shorts,8.69,515.76
619884429,216739,76001106,62.36,4,2024-09-05,2024-09-11,Delivered,Debit Card,249.44,2024-09,Sep,2024,9,Electronics,Smart Watch,36.99,101.47999999999999
306442077,876646,34084236,42.87,4,2023-02-15,2023-02-18,Delivered,Apple Pay,171.48,2023-02,Feb,2023,2,Clothing,Cargo Shorts,8.69,136.72
364697908,809570,84437458,228.27,5,2024-09-02,2024-09-07,Returned,Apple Pay,1141.3500000000001,2024-09,Sep,2024,9,Clothing,Hoodie,111.42,584.2500000000001
399580835,877572,22388090,197.8,1,2024-02-25,2024-03-02,Processing,Google Pay,197.8,2024-02,Feb,2024,2,Electronics,USB-C Hub,46.28,151.52
699240979,770487,50785405,24.24,5,2024-05-12,2024-05-13,Cancelled,Google Pay,121.19999999999999,2024-05,May,2024,5,Electronics,Wireless Headphones,27.87,-18.150000000000006
420511037,388389,45810056,82.55,1,2024-06-27,2024-07-02,Delivered,Apple Pay,82.55,2024-06,Jun,2024,6,Electronics,Laptop Stand,88.92,-6.3700000000000045
341449138,334053,27105448,136.11,4,2024-07-24,2024-07-29,Shipped,Credit Card,544.44,2024-07,Jul,2024,7,Electronics,Webcam HD,13.0,492.44000000000005
419561201,356787,85283645,247.85,3,2023-06-15,2023-06-16,Delivered,Apple Pay,743.55,2023-06,Jun,2023,6,Electronics,Mechanical Keyboard,38.72,627.39
928042067,877572,61700055,175.64,3,2024-07-04,2024-07-05,Returned,PayPal,526.92,2024-07,Jul,2024,7,Electronics,USB-C Hub,46.28,388.0799999999999
410315830,770487,24305904,258.53,3,2023-05-14,2023-05-16,Delivered,Apple Pay,775.5899999999999,2023-05,May,2023,5,Electronics,Wireless Headphones,27.87,691.9799999999999
856881618,216739,38470244,131.42,3,2023-07-08,2023-07-15,Delivered,Credit Card,394.26,2023-07,Jul,2023,7,Electronics,Smart Watch,36.99,283.28999999999996
322562836,334053,30534124,76.37,1,2024-09-14,2024-09-17,Delivered,Apple Pay,76.37,2024-09,Sep,2024,9,Electronics,Webcam HD,13.0,63.370000000000005
841139461,126225,28814949,95.28,4,2023-06-29,2023-07-01,Shipped,Apple Pay,381.12,2023-06,Jun,2023,6,Electronics,Bluetooth Speaker,22.88,289.6
856975382,876646,13176186,231.49,5,2024-02-15,2024-02-17,Delivered,Apple Pay,1157.45,2024-02,Feb,2024,2,Clothing,Cargo Shorts,8.69,1114.0
625063062,216739,43491314,36.76,5,2024-12-27,2024-12-28,Returned,PayPal,183.79999999999998,2024-12,Dec,2024,12,Electronics,Smart Watch,36.99,-1.150000000000034
440419907,872246,47080140,11.76,5,2024-02-02,2024-02-03,Delivered,Credit Card,58.8,2024-02,Feb,2024,2,Clothing,Denim Jeans,29.09,-86.64999999999999
615185000,246316,48089166,153.4,5,2024-05-07,2024-05-13,Delivered,Debit Card,767.0,2024-05,May,2024,5,Clothing,Running Jacket,48.71,523.45
474524558,126225,92228802,89.22,2,2023-01-14,2023-01-21,Cancelled,Apple Pay,178.44,2023-01,Jan,2023,1,Electronics,Bluetooth Speaker,22.88,132.68
701818966,216739,90014570,52.7,1,2024-03-11,2024-03-12,Delivered,Credit Card,52.7,2024-03,Mar,2024,3,Electronics,Smart Watch,36.99,15.71
954059995,877572,99038526,76.1,3,2024-05-05,2024-05-08,Cancelled,Google Pay,228.29999999999998,2024-05,May,2024,5,Electronics,USB-C Hub,46.28,89.45999999999998
874881231,770487,20399639,292.36,2,2024-07-21,2024-07-24,Delivered,PayPal,584.72,2024-07,Jul,2024,7,Electronics,Wireless Headphones,27.87,528.98
393622794,216739,43528453,211.46,2,2024-11-18,2024-11-23,Processing,PayPal,422.92,2024-11,Nov,2024,11,Electronics,Smart Watch,36.99,348.94
409011489,126225,73791320,283.92,3,2023-02-02,2023-02-08,Delivered,PayPal,851.76,2023-02,Feb,2023,2,Electronics,Bluetooth Speaker,22.88,783.12
230861323,388389,78642041,67.06,1,2023-05-30,2023-06-06,Delivered,Debit Card,67.06,2023-05,May,2023,5,Electronics,Laptop Stand,88.92,-21.86
715766024,877572,64543049,231.94,4,2024-07-04,2024-07-09,Cancelled,Google Pay,927.76,2024-07,Jul,2024,7,Electronics,USB-C Hub,46.28,742.64
826517607,876646,41944441,271.33,4,2024-04-06,2024-04-10,Returned,Debit Card,1085.32,2024-04,Apr,2024,4,Clothing,Cargo Shorts,8.69,1050.56
683246764,877572,42394260,225.25,4,2024-10-18,2024-10-24,Delivered,Credit Card,901.0,2024-10,Oct,2024,10,Electronics,USB-C Hub,46.28,715.88
507693523,877572,26941092,208.66,1,2024-07-05,2024-07-09,Shipped,PayPal,208.66,2024-07,Jul,2024,7,Electronics,USB-C Hub,46.28,162.38
523625992,770487,18593410,122.23,2,2024-09-13,2024-09-20,Returned,Credit Card,244.46,2024-09,Sep,2024,9,Electronics,Wireless Headphones,27.87,188.72
978726109,216739,25014631,298.35,2,2024-01-31,2024-02-05,Delivered,Google Pay,596.7,2024-01,Jan,2024,1,Electronics,Smart Watch,36.99,522.72
470585534,872246,83227889,105.99,2,2024-10-01,2024-10-03,Delivered,Credit Card,211.98,2024-10,Oct,2024,10,Clothing,Denim Jeans,29.09,153.79999999999998
930071496,770487,46817443,40.1,1,2024-10-11,2024-10-17,Cancelled,Apple Pay,40.1,2024-10,Oct,2024,10,Electronics,Wireless Headphones,27.87,12.23
963949678,246316,93303777,254.33,3,2024-06-10,2024-06-11,Delivered,PayPal,762.99,2024-06,Jun,2024,6,Clothing,Running Jacket,48.71,616.86
257277541,126225,67403166,25.5,5,2023-09-26,2023-09-30,Delivered,Google Pay,127.5,2023-09,Sep,2023,9,Electronics,Bluetooth Speaker,22.88,13.100000000000009
411871167,770487,18620650,73.05,5,2024-09-09,2024-09-14,Delivered,Credit Card,365.25,2024-09,Sep,2024,9,Electronics,Wireless Headphones,27.87,225.9
145168545,809570,45520201,79.86,5,2024-11-16,2024-11-19,Delivered,Debit Card,399.3,2024-11,Nov,2024,11,Clothing,Hoodie,111.42,-157.8
408840720,872246,68496914,84.07,5,2024-06-08,2024-06-14,Cancelled,Apple Pay,420.34999999999997,2024-06,Jun,2024,6,Clothing,Denim Jeans,29.09,274.9
866803374,671858,94187049,163.02,2,2024-03-11,2024-03-16,Returned,Google Pay,326.04,2024-03,Mar,2024,3,Home & Kitchen,Air Fryer,110.01,106.02000000000001
184857208,126225,65804273,48.52,4,2024-08-15,2024-08-21,Delivered,PayPal,194.08,2024-08,Aug,2024,8,Electronics,Bluetooth Speaker,22.88,102.56000000000002
471904990,191161,74606833,77.43,1,2023-09-17,2023-09-21,Returned,Google Pay,77.43,2023-09,Sep,2023,9,Home & Kitchen,Coffee Maker,50.5,26.930000000000007
574997731,872246,38210242,60.75,2,2024-12-28,2024-12-31,Delivered,Google Pay,121.5,2024-12,Dec,2024,12,Clothing,Denim Jeans,29.09,63.32
804344630,877572,88406989,79.09,1,2024-06-17,2024-06-19,Delivered,Credit Card,79.09,2024-06,Jun,2024,6,Electronics,USB-C Hub,46.28,32.81
375354619,809570,75529051,276.78,2,2023-01-31,2023-02-04,Processing,Debit Card,553.56,2023-01,Jan,2023,1,Clothing,Hoodie,111.42,330.7199999999999
902448600,126225,62884503,177.63,2,2023-02-20,2023-02-26,Delivered,Debit Card,355.26,2023-02,Feb,2023,2,Electronics,Bluetooth Speaker,22.88,309.5
614407444,770487,78139880,60.95,1,2023-07-09,2023-07-11,Delivered,Credit Card,60.95,2023-07,Jul,2023,7,Electronics,Wireless Headphones,27.87,33.08
329766590,876646,20399639,43.23,1,2024-03-20,2024-03-24,Processing,Google Pay,43.23,2024-03,Mar,2024,3,Clothing,Cargo Shorts,8.69,34.54
316968866,809570,26194158,122.0,1,2024-05-07,2024-05-13,Processing,Credit Card,122.0,2024-05,May,2024,5,Clothing,Hoodie,111.42,10.579999999999998
989006374,126225,87844239,27.89,2,2023-04-06,2023-04-09,Processing,PayPal,55.78,2023-04,Apr,2023,4,Electronics,Bluetooth Speaker,22.88,10.020000000000003
678293640,216739,11362459,157.99,1,2023-03-29,2023-04-03,Returned,Apple Pay,157.99,2023-03,Mar,2023,3,Electronics,Smart Watch,36.99,121.0
391126537,388389,23318904,50.08,3,2024-07-17,2024-07-23,Delivered,Apple Pay,150.24,2024-07,Jul,2024,7,Electronics,Laptop Stand,88.92,-116.51999999999998
703462253,191161,47393469,38.31,1,2024-11-23,2024-11-30,Delivered,Credit Card,38.31,2024-11,Nov,2024,11,Home & Kitchen,Coffee Maker,50.5,-12.189999999999998
847508242,246316,51663795,117.31,3,2023-07-06,2023-07-07,Delivered,Google Pay,351.93,2023-07,Jul,2023,7,Clothing,Running Jacket,48.71,205.8
391651334,334053,10965138,271.84,1,2023-12-06,2023-12-07,Shipped,Apple Pay,271.84,2023-12,Dec,2023,12,Electronics,Webcam HD,13.0,258.84
247395716,719176,29806690,31.4,4,2023-10-03,2023-10-04,Delivered,PayPal,125.6,2023-10,Oct,2023,10,Home & Kitchen,Cast Iron Pan,90.67,-237.08
217281149,770487,49209916,10.45,4,2023-08-19,2023-08-22,Processing,PayPal,41.8,2023-08,Aug,2023,8,Electronics,Wireless Headphones,27.87,-69.68
761078179,126225,48668783,22.16,5,2024-09-25,2024-09-29,Delivered,PayPal,110.8,2024-09,Sep,2024,9,Electronics,Bluetooth Speaker,22.88,-3.5999999999999943
895525625,671858,45650176,168.98,3,2024-03-16,2024-03-20,Processing,Debit Card,506.93999999999994,2024-03,Mar,2024,3,Home & Kitchen,Air Fryer,110.01,176.9099999999999
730104453,334053,31980274,127.51,4,2024-08-01,2024-08-06,Processing,Apple Pay,510.04,2024-08,Aug,2024,8,Electronics,Webcam HD,13.0,458.04
356927167,216739,12601580,171.06,5,2024-03-19,2024-03-24,Delivered,Apple Pay,855.3,2024-03,Mar,2024,3,Electronics,Smart Watch,36.99,670.3499999999999
360337343,872246,99115205,236.65,1,2024-10-18,2024-10-22,Delivered,Credit Card,236.65,2024-10,Oct,2024,10,Clothing,Denim Jeans,29.09,207.56
154508960,356787,79519112,141.51,1,2023-07-04,2023-07-07,Processing,Apple Pay,141.51,2023-07,Jul,2023,7,Electronics,Mechanical Keyboard,38.72,102.78999999999999
819228743,216739,83863413,48.47,3,2023-01-23,2023-01-24,Shipped,Google Pay,145.41,2023-01,Jan,2023,1,Electronics,Smart Watch,36.99,34.44
670201461,207473,85863473,97.78,1,2024-01-25,2024-01-26,Processing,Credit Card,97.78,2024-01,Jan,2024,1,Clothing,Graphic Tee,66.43,31.349999999999994
342313086,671858,13446499,282.81,4,2024-01-13,2024-01-15,Delivered,PayPal,1131.24,2024-01,Jan,2024,1,Home & Kitchen,Air Fryer,110.01,691.2
784987769,770487,69038700,94.32,1,2024-05-13,2024-05-17,Cancelled,Debit Card,94.32,2024-05,May,2024,5,Electronics,Wireless Headphones,27.87,66.44999999999999
350006353,216739,10965138,205.15,5,2023-04-09,2023-04-14,Delivered,PayPal,1025.75,2023-04,Apr,2023,4,Electronics,Smart Watch,36.99,840.8
156361897,216739,19255216,136.36,2,2024-02-17,2024-02-19,Delivered,Debit Card,272.72,2024-02,Feb,2024,2,Electronics,Smart Watch,36.99,198.74
207586738,207473,56397338,31.58,1,2024-06-08,2024-06-13,Returned,PayPal,31.58,2024-06,Jun,2024,6,Clothing,Graphic Tee,66.43,-34.85000000000001
543778963,876646,30005727,248.75,3,2023-05-16,2023-05-17,Cancelled,PayPal,746.25,2023-05,May,2023,5,Clothing,Cargo Shorts,8.69,720.18
454650074,356787,27232410,236.05,2,2023-11-23,2023-11-27,Delivered,Google Pay,472.1,2023-11,Nov,2023,11,Electronics,Mechanical Keyboard,38.72,394.66
870257350,126225,83300637,176.6,1,2023-01-01,2023-01-07,Delivered,Apple Pay,176.6,2023-01,Jan,2023,1,Electronics,Bluetooth Speaker,22.88,153.72
607239833,877572,35511941,285.68,4,2024-02-24,2024-02-27,Delivered,Debit Card,1142.72,2024-02,Feb,2024,2,Electronics,USB-C Hub,46.28,957.6
207959268,877572,86460539,276.66,5,2024-05-30,2024-06-01,Delivered,PayPal,1383.3000000000002,2024-05,May,2024,5,Electronics,USB-C Hub,46.28,1151.9
831424323,877572,21267237,159.84,2,2024-10-29,2024-11-05,Cancelled,PayPal,319.68,2024-10,Oct,2024,10,Electronics,USB-C Hub,46.28,227.12
927603754,876646,27758595,31.01,5,2023-05-20,2023-05-24,Returned,PayPal,155.05,2023-05,May,2023,5,Clothing,Cargo Shorts,8.69,111.60000000000002
247604106,770487,97225156,196.02,1,2023-12-26,2023-12-31,Delivered,Credit Card,196.02,2023-12,Dec,2023,12,Electronics,Wireless Headphones,27.87,168.15
105563528,770487,82232344,144.5,1,2023-07-02,2023-07-09,Returned,Credit Card,144.5,2023-07,Jul,2023,7,Electronics,Wireless Headphones,27.87,116.63
690936560,770487,86320155,115.18,4,2023-02-14,2023-02-20,Delivered,Google Pay,460.72,2023-02,Feb,2023,2,Electronics,Wireless Headphones,27.87,349.24
269587940,770487,48349783,134.74,3,2023-03-14,2023-03-21,Cancelled,Credit Card,404.22,2023-03,Mar,2023,3,Electronics,Wireless Headphones,27.87,320.61
536913550,770487,95511909,296.5,1,2024-12-18,2024-12-25,Processing,Google Pay,296.5,2024-12,Dec,2024,12,Electronics,Wireless Headphones,27.87,268.63
801038300,126225,26989677,245.1,2,2023-10-28,2023-10-30,Returned,Google Pay,490.2,2023-10,Oct,2023,10,Electronics,Bluetooth Speaker,22.88,444.44
610778600,872246,77908907,71.86,4,2024-07-22,2024-07-27,Delivered,Debit Card,287.44,2024-07,Jul,2024,7,Clothing,Denim Jeans,29.09,171.07999999999998
612656440,877572,70465583,252.53,1,2023-04-29,2023-05-03,Processing,Google Pay,252.53,2023-04,Apr,2023,4,Electronics,USB-C Hub,46.28,206.25
798510601,877572,11250299,166.13,2,2023-11-15,2023-11-22,Returned,Credit Card,332.26,2023-11,Nov,2023,11,Electronics,USB-C Hub,46.28,239.7
314164216,770487,49823450,172.82,5,2023-12-27,2024-01-03,Shipped,Debit Card,864.0999999999999,2023-12,Dec,2023,12,Electronics,Wireless Headphones,27.87,724.7499999999999
911653317,877572,99913412,239.28,3,2023-08-07,2023-08-14,Shipped,PayPal,717.84,2023-08,Aug,2023,8,Electronics,USB-C Hub,46.28,579.0
408427014,872246,37326368,276.32,4,2023-12-12,2023-12-19,Processing,Credit Card,1105.28,2023-12,Dec,2023,12,Clothing,Denim Jeans,29.09,988.92
444851196,334053,19209801,226.14,4,2024-03-21,2024-03-22,Delivered,Google Pay,904.56,2024-03,Mar,2024,3,Electronics,Webcam HD,13.0,852.56
406462391,126225,31367172,66.61,3,2024-07-08,2024-07-13,Delivered,PayPal,199.82999999999998,2024-07,Jul,2024,7,Electronics,Bluetooth Speaker,22.88,131.19
793527609,126225,36726767,23.75,3,2023-05-22,2023-05-27,Delivered,Apple Pay,71.25,2023-05,May,2023,5,Electronics,Bluetooth Speaker,22.88,2.6099999999999994
163525343,191161,58942697,124.1,4,2024-12-22,2024-12-23,Processing,PayPal,496.4,2024-12,Dec,2024,12,Home & Kitchen,Coffee Maker,50.5,294.4
925412179,877572,52091325,62.99,1,2023-07-30,2023-08-04,Processing,Credit Card,62.99,2023-07,Jul,2023,7,Electronics,USB-C Hub,46.28,16.71
196057712,872246,70465583,22.32,3,2023-11-29,2023-11-30,Cancelled,Credit Card,66.96000000000001,2023-11,Nov,2023,11,Clothing,Denim Jeans,29.09,-20.309999999999988
800400428,809570,57553014,285.79,1,2023-08-28,2023-08-29,Shipped,Google Pay,285.79,2023-08,Aug,2023,8,Clothing,Hoodie,111.42,174.37
716470999,770487,60864911,95.52,4,2023-12-03,2023-12-10,Cancelled,Apple Pay,382.08,2023-12,Dec,2023,12,Electronics,Wireless Headphones,27.87,270.59999999999997
349344539,770487,86460539,16.89,5,2023-06-22,2023-06-28,Delivered,Debit Card,84.45,2023-06,Jun,2023,6,Electronics,Wireless Headphones,27.87,-54.89999999999999
674615376,356787,14835614,207.94,1,2024-12-16,2024-12-17,Delivered,Debit Card,207.94,2024-12,Dec,2024,12,Electronics,Mechanical Keyboard,38.72,169.22
893158610,126225,63481198,262.85,1,2024-08-02,2024-08-05,Delivered,Debit Card,262.85,2024-08,Aug,2024,8,Electronics,Bluetooth Speaker,22.88,239.97000000000003
876441691,191161,46817443,102.65,3,2023-02-21,2023-02-22,Delivered,Debit Card,307.95000000000005,2023-02,Feb,2023,2,Home & Kitchen,Coffee Maker,50.5,156.45000000000005
140048684,719176,22489409,180.57,4,2024-12-03,2024-12-09,Cancelled,Google Pay,722.28,2024-12,Dec,2024,12,Home & Kitchen,Cast Iron Pan,90.67,359.59999999999997
287974375,126225,81498611,231.84,2,2024-05-19,2024-05-20,Returned,Debit Card,463.68,2024-05,May,2024,5,Electronics,Bluetooth Speaker,22.88,417.92
548700579,246316,32162965,225.51,3,2023-12-29,2024-01-04,Cancelled,Credit Card,676.53,2023-12,Dec,2023,12,Clothing,Running Jacket,48.71,530.4
999371401,770487,83793389,93.47,5,2023-01-10,2023-01-14,Delivered,PayPal,467.35,2023-01,Jan,2023,1,Electronics,Wireless Headphones,27.87,328.0
288751681,671858,71510041,44.36,3,2024-12-07,2024-12-12,Delivered,Debit Card,133.07999999999998,2024-12,Dec,2024,12,Home & Kitchen,Air Fryer,110.01,-196.95000000000005
139019611,770487,33607110,187.35,3,2023-02-16,2023-02-21,Delivered,Credit Card,562.05,2023-02,Feb,2023,2,Electronics,Wireless Headphones,27.87,478.43999999999994
997866344,770487,50603163,265.34,5,2024-10-31,2024-11-03,Delivered,Google Pay,1326.6999999999998,2024-10,Oct,2024,10,Electronics,Wireless Headphones,27.87,1187.35
526269674,216739,92613013,108.73,1,2024-12-03,2024-12-08,Delivered,Apple Pay,108.73,2024-12,Dec,2024,12,Electronics,Smart Watch,36.99,71.74000000000001
946066287,877572,12621534,13.77,1,2024-08-06,2024-08-11,Shipped,Google Pay,13.77,2024-08,Aug,2024,8,Electronics,USB-C Hub,46.28,-32.510000000000005
631914410,334053,15403355,168.54,4,2023-03-02,2023-03-03,Shipped,PayPal,674.16,2023-03,Mar,2023,3,Electronics,Webcam HD,13.0,622.16
300050585,770487,37326368,87.44,2,2024-05-05,2024-05-10,Cancelled,Debit Card,174.88,2024-05,May,2024,5,Electronics,Wireless Headphones,27.87,119.13999999999999
904236062,126225,56930359,289.31,3,2024-08-17,2024-08-23,Returned,Debit Card,867.9300000000001,2024-08,Aug,2024,8,Electronics,Bluetooth Speaker,22.88,799.2900000000001
410812797,877572,42111036,255.93,2,2024-01-22,2024-01-29,Delivered,PayPal,511.86,2024-01,Jan,2024,1,Electronics,USB-C Hub,46.28,419.3
140229006,126225,10435578,71.62,4,2023-03-16,2023-03-20,Delivered,PayPal,286.48,2023-03,Mar,2023,3,Electronics,Bluetooth Speaker,22.88,194.96000000000004
109950544,126225,66267415,143.21,3,2023-10-20,2023-10-21,Delivered,Google Pay,429.63,2023-10,Oct,2023,10,Electronics,Bluetooth Speaker,22.88,360.99
420396197,770487,88055069,235.93,2,2024-08-09,2024-08-15,Returned,Debit Card,471.86,2024-08,Aug,2024,8,Electronics,Wireless Headphones,27.87,416.12
709844411,770487,88961459,238.35,5,2023-01-16,2023-01-22,Delivered,Apple Pay,1191.75,2023-01,Jan,2023,1,Electronics,Wireless Headphones,27.87,1052.4
747233283,191161,52133044,194.78,5,2023-09-08,2023-09-09,Processing,Apple Pay,973.9,2023-09,Sep,2023,9,Home & Kitchen,Coffee Maker,50.5,721.4
215213239,770487,30776478,121.36,4,2023-04-30,2023-05-01,Delivered,Debit Card,485.44,2023-04,Apr,2023,4,Electronics,Wireless Headphones,27.87,373.96
459748735,207473,99514287,287.72,4,2024-11-25,2024-11-28,Delivered,Google Pay,1150.88,2024-11,Nov,2024,11,Clothing,Graphic Tee,66.43,885.1600000000001
405545745,872246,40094589,258.58,2,2024-04-06,2024-04-09,Delivered,Debit Card,517.16,2024-04,Apr,2024,4,Clothing,Denim Jeans,29.09,458.97999999999996
587853601,207473,41068214,58.56,1,2024-03-09,2024-03-12,Delivered,Debit Card,58.56,2024-03,Mar,2024,3,Clothing,Graphic Tee,66.43,-7.8700000000000045
788603957,334053,87701200,51.01,3,2023-01-09,2023-01-15,Delivered,Google Pay,153.03,2023-01,Jan,2023,1,Electronics,Webcam HD,13.0,114.03
683364453,877572,41473195,182.78,1,2023-01-26,2023-02-01,Shipped,Credit Card,182.78,2023-01,Jan,2023,1,Electronics,USB-C Hub,46.28,136.5
662982736,216739,16729990,228.05,1,2023-08-20,2023-08-26,Delivered,Debit Card,228.05,2023-08,Aug,2023,8,Electronics,Smart Watch,36.99,191.06
630334421,334053,78159587,240.62,2,2023-04-12,2023-04-18,Delivered,PayPal,481.24,2023-04,Apr,2023,4,Electronics,Webcam HD,13.0,455.24
244096091,719176,20117988,273.85,1,2024-06-18,2024-06-23,Cancelled,PayPal,273.85,2024-06,Jun,2024,6,Home & Kitchen,Cast Iron Pan,90.67,183.18
641394238,770487,47945817,136.58,5,2023-04-25,2023-04-30,Delivered,PayPal,682.9000000000001,2023-04,Apr,2023,4,Electronics,Wireless Headphones,27.87,543.5500000000001
602533479,872246,50780112,174.99,4,2024-08-25,2024-08-28,Cancelled,Apple Pay,699.96,2024-08,Aug,2024,8,Clothing,Denim Jeans,29.09,583.6
392956587,126225,42614537,159.85,1,2024-01-26,2024-01-31,Returned,PayPal,159.85,2024-01,Jan,2024,1,Electronics,Bluetooth Speaker,22.88,136.97
307029662,216739,18593410,186.5,2,2024-07-14,2024-07-18,Processing,Google Pay,373.0,2024-07,Jul,2024,7,Electronics,Smart Watch,36.99,299.02
968457290,246316,32151928,288.81,3,2023-10-10,2023-10-13,Returned,Credit Card,866.4300000000001,2023-10,Oct,2023,10,Clothing,Running Jacket,48.71,720.3000000000001
220953538,216739,78159587,10.34,2,2024-05-03,2024-05-05,Processing,Debit Card,20.68,2024-05,May,2024,5,Electronics,Smart Watch,36.99,-53.300000000000004
455069350,216739,99682738,202.11,2,2023-08-23,2023-08-25,Delivered,PayPal,404.22,2023-08,Aug,2023,8,Electronics,Smart Watch,36.99,330.24
274476883,877572,58024342,222.02,5,2024-11-01,2024-11-03,Cancelled,Credit Card,1110.1000000000001,2024-11,Nov,2024,11,Electronics,USB-C Hub,46.28,878.7000000000002
885033297,216739,78064830,216.05,1,2024-08-14,2024-08-19,Cancelled,Debit Card,216.05,2024-08,Aug,2024,8,Electronics,Smart Watch,36.99,179.06
592755658,876646,77187530,193.86,1,2023-05-11,2023-05-12,Delivered,Debit Card,193.86,2023-05,May,2023,5,Clothing,Cargo Shorts,8.69,185.17000000000002
796091085,877572,82556484,114.15,2,2024-03-25,2024-03-29,Cancelled,Credit Card,228.3,2024-03,Mar,2024,3,Electronics,USB-C Hub,46.28,135.74
376236056,216739,75228535,37.12,3,2023-05-14,2023-05-19,Delivered,Apple Pay,111.35999999999999,2023-05,May,2023,5,Electronics,Smart Watch,36.99,0.38999999999998636
871588919,770487,35708194,217.41,5,2023-02-28,2023-03-03,Delivered,Apple Pay,1087.05,2023-02,Feb,2023,2,Electronics,Wireless Headphones,27.87,947.6999999999999
299929730,246316,99100953,187.21,2,2024-08-21,2024-08-22,Delivered,Credit Card,374.42,2024-08,Aug,2024,8,Clothing,Running Jacket,48.71,277.0
115122787,216739,75793759,207.95,1,2023-04-02,2023-04-06,Shipped,PayPal,207.95,2023-04,Apr,2023,4,Electronics,Smart Watch,36.99,170.95999999999998
890937440,334053,21496211,227.22,5,2023-06-12,2023-06-17,Delivered,Credit Card,1136.1,2023-06,Jun,2023,6,Electronics,Webcam HD,13.0,1071.1
461971444,216739,70467027,90.0,5,2024-07-08,2024-07-15,Shipped,Apple Pay,450.0,2024-07,Jul,2024,7,Electronics,Smart Watch,36.99,265.04999999999995
949080318,770487,11250299,151.18,5,2023-05-02,2023-05-06,Delivered,PayPal,755.9000000000001,2023-05,May,2023,5,Electronics,Wireless Headphones,27.87,616.5500000000001
416779880,334053,35748341,291.21,4,2024-03-03,2024-03-10,Shipped,Credit Card,1164.84,2024-03,Mar,2024,3,Electronics,Webcam HD,13.0,1112.84
709650444,877572,35487660,158.51,4,2023-03-28,2023-04-02,Delivered,PayPal,634.04,2023-03,Mar,2023,3,Electronics,USB-C Hub,46.28,448.91999999999996
824132709,126225,89160218,200.24,4,2023-09-18,2023-09-21,Shipped,Apple Pay,800.96,2023-09,Sep,2023,9,Electronics,Bluetooth Speaker,22.88,709.44
913126162,877572,68450095,75.16,4,2023-07-13,2023-07-19,Delivered,Credit Card,300.64,2023-07,Jul,2023,7,Electronics,USB-C Hub,46.28,115.51999999999998
307405357,388389,64502486,65.02,2,2023-06-21,2023-06-25,Shipped,Debit Card,130.04,2023-06,Jun,2023,6,Electronics,Laptop Stand,88.92,-47.80000000000001
288436227,334053,70211891,290.9,3,2023-04-01,2023-04-04,Delivered,Apple Pay,872.6999999999999,2023-04,Apr,2023,4,Electronics,Webcam HD,13.0,833.6999999999999
756007396,126225,22489409,102.95,2,2024-07-22,2024-07-28,Delivered,Google Pay,205.9,2024-07,Jul,2024,7,Electronics,Bluetooth Speaker,22.88,160.14000000000001
785826598,191161,20570592,152.96,5,2024-06-30,2024-07-06,Cancelled,Google Pay,764.8000000000001,2024-06,Jun,2024,6,Home & Kitchen,Coffee Maker,50.5,512.3000000000001
535391971,216739,13278320,79.62,3,2023-06-01,2023-06-07,Returned,Credit Card,238.86,2023-06,Jun,2023,6,Electronics,Smart Watch,36.99,127.89000000000001
987973565,809570,39042654,73.96,5,2024-01-25,2024-01-28,Delivered,Debit Card,369.79999999999995,2024-01,Jan,2024,1,Clothing,Hoodie,111.42,-187.30000000000007
559242868,126225,69038700,203.34,3,2023-07-11,2023-07-14,Processing,Debit Card,610.02,2023-07,Jul,2023,7,Electronics,Bluetooth Speaker,22.88,541.38
653278397,216739,51273847,32.48,3,2024-12-07,2024-12-09,Returned,Google Pay,97.44,2024-12,Dec,2024,12,Electronics,Smart Watch,36.99,-13.530000000000001
452108572,246316,92613013,260.42,4,2023-10-01,2023-10-04,Cancelled,Google Pay,1041.68,2023-10,Oct,2023,10,Clothing,Running Jacket,48.71,846.84
193133974,126225,95585469,216.5,3,2024-02-16,2024-02-21,Cancelled,PayPal,649.5,2024-02,Feb,2024,2,Electronics,Bluetooth Speaker,22.88,580.86
530391423,216739,72363359,146.92,3,2024-01-15,2024-01-20,Shipped,Apple Pay,440.76,2024-01,Jan,2024,1,Electronics,Smart Watch,36.99,329.78999999999996
818608005,719176,45507920,289.05,1,2024-05-29,2024-06-02,Shipped,Debit Card,289.05,2024-05,May,2024,5,Home & Kitchen,Cast Iron Pan,90.67,198.38
202418976,770487,86460539,117.27,5,2023-12-18,2023-12-21,Cancelled,Credit Card,586.35,2023-12,Dec,2023,12,Electronics,Wireless Headphones,27.87,447.0
298407302,126225,64266464,109.08,4,2023-03-31,2023-04-07,Processing,Debit Card,436.32,2023-03,Mar,2023,3,Electronics,Bluetooth Speaker,22.88,344.8
250980852,356787,60888017,125.14,4,2024-08-12,2024-08-16,Delivered,Credit Card,500.56,2024-08,Aug,2024,8,Electronics,Mechanical Keyboard,38.72,345.68
612662437,191161,77187530,294.43,2,2024-04-09,2024-04-16,Delivered,PayPal,588.86,2024-04,Apr,2024,4,Home & Kitchen,Coffee Maker,50.5,487.86
447464644,671858,28814949,121.58,3,2023-09-30,2023-10-02,Delivered,PayPal,364.74,2023-09,Sep,2023,9,Home & Kitchen,Air Fryer,110.01,34.70999999999998
366338529,809570,63121477,270.2,4,2023-09-11,2023-09-18,Returned,Credit Card,1080.8,2023-09,Sep,2023,9,Clothing,Hoodie,111.42,635.1199999999999
107333788,388389,40547349,244.77,4,2023-08-07,2023-08-13,Processing,Apple Pay,979.08,2023-08,Aug,2023,8,Electronics,Laptop Stand,88.92,623.4000000000001
380016058,877572,94120751,288.69,1,2023-08-20,2023-08-21,Delivered,Google Pay,288.69,2023-08,Aug,2023,8,Electronics,USB-C Hub,46.28,242.41
511859868,809570,47385696,248.36,2,2024-05-22,2024-05-27,Delivered,Credit Card,496.72,2024-05,May,2024,5,Clothing,Hoodie,111.42,273.88
352889019,877572,87337818,102.31,2,2024-07-24,2024-07-27,Delivered,PayPal,204.62,2024-07,Jul,2024,7,Electronics,USB-C Hub,46.28,112.06
579678614,876646,43446826,143.58,3,2024-06-01,2024-06-08,Returned,Apple Pay,430.74,2024-06,Jun,2024,6,Clothing,Cargo Shorts,8.69,404.67
909340042,216739,35643159,197.94,1,2023-06-17,2023-06-24,Cancelled,Google Pay,197.94,2023-06,Jun,2023,6,Electronics,Smart Watch,36.99,160.95
386682971,334053,70467027,272.42,4,2023-06-01,2023-06-03,Shipped,Debit Card,1089.68,2023-06,Jun,2023,6,Electronics,Webcam HD,13.0,1037.68
453932473,207473,35708194,64.6,4,2023-11-28,2023-12-02,Delivered,Credit Card,258.4,2023-11,Nov,2023,11,Clothing,Graphic Tee,66.43,-7.32000000000005
424211872,388389,64549859,192.49,3,2023-02-17,2023-02-24,Returned,Debit Card,577.47,2023-02,Feb,2023,2,Electronics,Laptop Stand,88.92,310.71000000000004
725412469,191161,43859311,278.99,3,2023-03-06,2023-03-07,Delivered,Google Pay,836.97,2023-03,Mar,2023,3,Home & Kitchen,Coffee Maker,50.5,685.47
876189202,809570,17774584,150.31,2,2023-01-26,2023-01-28,Cancelled,Debit Card,300.62,2023-01,Jan,2023,1,Clothing,Hoodie,111.42,77.78
715122372,126225,41473195,284.15,1,2024-11-09,2024-11-16,Shipped,Credit Card,284.15,2024-11,Nov,2024,11,Electronics,Bluetooth Speaker,22.88,261.27
112279027,770487,49092160,125.41,1,2023-08-11,2023-08-18,Shipped,Debit Card,125.41,2023-08,Aug,2023,8,Electronics,Wireless Headphones,27.87,97.53999999999999
380840558,770487,96637649,110.29,2,2024-01-23,2024-01-28,Processing,Apple Pay,220.58,2024-01,Jan,2024,1,Electronics,Wireless Headphones,27.87,164.84
801887172,126225,81182864,64.07,4,2024-09-07,2024-09-13,Returned,Debit Card,256.28,2024-09,Sep,2024,9,Electronics,Bluetooth Speaker,22.88,164.76
486066116,126225,46023439,269.03,2,2023-12-27,2024-01-03,Delivered,Debit Card,538.06,2023-12,Dec,2023,12,Electronics,Bluetooth Speaker,22.88,492.29999999999995
843854609,877572,84437458,65.12,5,2024-12-17,2024-12-22,Processing,Google Pay,325.6,2024-12,Dec,2024,12,Electronics,USB-C Hub,46.28,94.20000000000002
353727962,126225,38716269,250.2,2,2024-12-08,2024-12-14,Returned,PayPal,500.4,2024-12,Dec,2024,12,Electronics,Bluetooth Speaker,22.88,454.64
166705490,877572,39372360,111.49,1,2023-03-31,2023-04-05,Shipped,Apple Pay,111.49,2023-03,Mar,2023,3,Electronics,USB-C Hub,46.28,65.21
817029885,216739,12735359,158.31,4,2024-04-15,2024-04-16,Processing,Apple Pay,633.24,2024-04,Apr,2024,4,Electronics,Smart Watch,36.99,485.28
226942964,671858,10359129,55.92,2,2024-06-01,2024-06-08,Shipped,Credit Card,111.84,2024-06,Jun,2024,6,Home & Kitchen,Air Fryer,110.01,-108.18
599714064,770487,17849494,112.71,5,2024-02-10,2024-02-11,Delivered,Google Pay,563.55,2024-02,Feb,2024,2,Electronics,Wireless Headphones,27.87,424.19999999999993
429430802,809570,21003626,289.45,4,2024-12-24,2024-12-25,Cancelled,Apple Pay,1157.8,2024-12,Dec,2024,12,Clothing,Hoodie,111.42,712.1199999999999
271494637,719176,85283645,84.89,4,2024-06-30,2024-07-07,Shipped,Debit Card,339.56,2024-06,Jun,2024,6,Home & Kitchen,Cast Iron Pan,90.67,-23.120000000000005
535312769,356787,85283645,70.84,2,2023-05-15,2023-05-17,Cancelled,Debit Card,141.68,2023-05,May,2023,5,Electronics,Mechanical Keyboard,38.72,64.24000000000001
836665942,126225,74251933,194.06,5,2024-06-04,2024-06-05,Delivered,PayPal,970.3,2024-06,Jun,2024,6,Electronics,Bluetooth Speaker,22.88,855.9
639577241,216739,43887075,193.08,2,2024-11-11,2024-11-17,Delivered,PayPal,386.16,2024-11,Nov,2024,11,Electronics,Smart Watch,36.99,312.18
855438611,216739,42949803,117.75,1,2023-12-12,2023-12-14,Shipped,Debit Card,117.75,2023-12,Dec,2023,12,Electronics,Smart Watch,36.99,80.75999999999999
926610534,191161,76001106,241.62,1,2024-05-05,2024-05-12,Returned,Credit Card,241.62,2024-05,May,2024,5,Home & Kitchen,Coffee Maker,50.5,191.12
433910025,877572,74988034,40.31,2,2024-05-18,2024-05-21,Delivered,Apple Pay,80.62,2024-05,May,2024,5,Electronics,USB-C Hub,46.28,-11.939999999999998
841193655,126225,48668783,172.88,2,2023-05-05,2023-05-11,Delivered,Credit Card,345.76,2023-05,May,2023,5,Electronics,Bluetooth Speaker,22.88,300.0
226074193,877572,41568532,26.62,3,2024-02-15,2024-02-21,Cancelled,Apple Pay,79.86,2024-02,Feb,2024,2,Electronics,USB-C Hub,46.28,-58.980000000000004
785811060,877572,18770247,115.95,1,2024-04-29,2024-05-05,Delivered,PayPal,115.95,2024-04,Apr,2024,4,Electronics,USB-C Hub,46.28,69.67
416794215,671858,99508850,174.91,2,2023-11-23,2023-11-26,Cancelled,Credit Card,349.82,2023-11,Nov,2023,11,Home & Kitchen,Air Fryer,110.01,129.79999999999998
494647257,126225,40885476,232.25,3,2023-03-21,2023-03-26,Delivered,Apple Pay,696.75,2023-03,Mar,2023,3,Electronics,Bluetooth Speaker,22.88,628.11
759949050,770487,36619372,295.57,5,2024-01-20,2024-01-25,Delivered,Apple Pay,1477.85,2024-01,Jan,2024,1,Electronics,Wireless Headphones,27.87,1338.5
337135066,872246,98231132,242.98,2,2023-03-03,2023-03-07,Delivered,PayPal,485.96,2023-03,Mar,2023,3,Clothing,Denim Jeans,29.09,427.78
335287540,126225,18181586,30.61,4,2024-11-13,2024-11-14,Delivered,Debit Card,122.44,2024-11,Nov,2024,11,Electronics,Bluetooth Speaker,22.88,30.92
243418388,876646,98834863,282.82,5,2023-11-11,2023-11-12,Delivered,Apple Pay,1414.1,2023-11,Nov,2023,11,Clothing,Cargo Shorts,8.69,1370.6499999999999
613443905,719176,51663795,174.28,4,2024-04-18,2024-04-23,Shipped,Credit Card,697.12,2024-04,Apr,2024,4,Home & Kitchen,Cast Iron Pan,90.67,334.44
264481748,207473,38716269,57.83,4,2023-08-09,2023-08-10,Shipped,Debit Card,231.32,2023-08,Aug,2023,8,Clothing,Graphic Tee,66.43,-34.400000000000034
588529624,216739,14380847,136.97,4,2023-07-09,2023-07-11,Cancelled,Credit Card,547.88,2023-07,Jul,2023,7,Electronics,Smart Watch,36.99,399.91999999999996
902874167,246316,50569669,165.07,4,2024-08-13,2024-08-18,Cancelled,Google Pay,660.28,2024-08,Aug,2024,8,Clothing,Running Jacket,48.71,465.43999999999994
750407244,216739,34406132,271.02,3,2024-12-02,2024-12-07,Delivered,Credit Card,813.06,2024-12,Dec,2024,12,Electronics,Smart Watch,36.99,702.0899999999999
501176618,877572,87925434,18.94,5,2023-11-13,2023-11-15,Cancelled,Google Pay,94.7,2023-11,Nov,2023,11,Electronics,USB-C Hub,46.28,-136.7
546510829,216739,20117988,55.97,5,2023-05-29,2023-05-30,Delivered,PayPal,279.85,2023-05,May,2023,5,Electronics,Smart Watch,36.99,94.9
853703117,126225,88393811,298.01,5,2024-01-23,2024-01-26,Cancelled,Apple Pay,1490.05,2024-01,Jan,2024,1,Electronics,Bluetooth Speaker,22.88,1375.6499999999999
689736058,671858,72535301,24.47,2,2023-01-08,2023-01-14,Shipped,Google Pay,48.94,2023-01,Jan,2023,1,Home & Kitchen,Air Fryer,110.01,-171.08
605547798,126225,97260863,136.21,4,2024-11-12,2024-11-19,Delivered,Google Pay,544.84,2024-11,Nov,2024,11,Electronics,Bluetooth Speaker,22.88,453.32000000000005
913198930,246316,40547349,246.69,4,2023-04-02,2023-04-06,Delivered,Apple Pay,986.76,2023-04,Apr,2023,4,Clothing,Running Jacket,48.71,791.92
677155220,876646,45159040,16.68,2,2023-12-05,2023-12-06,Delivered,PayPal,33.36,2023-12,Dec,2023,12,Clothing,Cargo Shorts,8.69,15.98
961135562,216739,42329237,121.97,3,2024-08-25,2024-08-31,Processing,Apple Pay,365.90999999999997,2024-08,Aug,2024,8,Electronics,Smart Watch,36.99,254.93999999999997
813065972,877572,89920257,265.98,5,2023-03-22,2023-03-23,Cancelled,PayPal,1329.9,2023-03,Mar,2023,3,Electronics,USB-C Hub,46.28,1098.5
986485022,126225,48508907,69.7,3,2023-08-17,2023-08-20,Processing,Apple Pay,209.10000000000002,2023-08,Aug,2023,8,Electronics,Bluetooth Speaker,22.88,140.46000000000004
334517688,126225,58884978,163.4,4,2023-04-23,2023-04-25,Shipped,Debit Card,653.6,2023-04,Apr,2023,4,Electronics,Bluetooth Speaker,22.88,562.08
918040539,770487,63481198,275.68,5,2024-09-20,2024-09-23,Returned,Google Pay,1378.4,2024-09,Sep,2024,9,Electronics,Wireless Headphones,27.87,1239.0500000000002
365713980,191161,52101056,111.11,3,2024-09-18,2024-09-22,Shipped,Apple Pay,333.33,2024-09,Sep,2024,9,Home & Kitchen,Coffee Maker,50.5,181.82999999999998
830511568,126225,93955206,271.32,3,2023-09-26,2023-10-03,Cancelled,Debit Card,813.96,2023-09,Sep,2023,9,Electronics,Bluetooth Speaker,22.88,745.32
910395417,388389,88979095,45.17,5,2023-11-09,2023-11-14,Processing,Google Pay,225.85000000000002,2023-11,Nov,2023,11,Electronics,Laptop Stand,88.92,-218.75
739750911,877572,95125977,84.95,5,2024-12-23,2024-12-30,Shipped,PayPal,424.75,2024-12,Dec,2024,12,Electronics,USB-C Hub,46.28,193.35
945432844,877572,88183110,14.97,5,2024-02-24,2024-02-27,Delivered,Debit Card,74.85000000000001,2024-02,Feb,2024,2,Electronics,USB-C Hub,46.28,-156.55
187907572,126225,39450273,185.57,4,2024-03-06,2024-03-08,Cancelled,Debit Card,742.28,2024-03,Mar,2024,3,Electronics,Bluetooth Speaker,22.88,650.76
664258474,207473,55298556,265.87,5,2024-10-19,2024-10-26,Returned,PayPal,1329.35,2024-10,Oct,2024,10,Clothing,Graphic Tee,66.43,997.1999999999998
579691987,770487,68353204,47.43,2,2024-08-07,2024-08-11,Delivered,Apple Pay,94.86,2024-08,Aug,2024,8,Electronics,Wireless Headphones,27.87,39.12
667121569,126225,61343880,65.88,4,2024-06-15,2024-06-18,Delivered,PayPal,263.52,2024-06,Jun,2024,6,Electronics,Bluetooth Speaker,22.88,172.0
855663125,246316,22517517,80.88,1,2023-05-09,2023-05-10,Delivered,PayPal,80.88,2023-05,May,2023,5,Clothing,Running Jacket,48.71,32.169999999999995
488463544,207473,39854548,53.02,5,2024-01-26,2024-01-27,Delivered,Google Pay,265.1,2024-01,Jan,2024,1,Clothing,Graphic Tee,66.43,-67.05000000000001
183862154,770487,32097220,49.53,1,2023-12-31,2024-01-01,Delivered,Apple Pay,49.53,2023-12,Dec,2023,12,Electronics,Wireless Headphones,27.87,21.66
705771555,356787,52133044,182.51,2,2024-06-25,2024-07-01,Delivered,Google Pay,365.02,2024-06,Jun,2024,6,Electronics,Mechanical Keyboard,38.72,287.58
220483278,356787,41039390,282.57,1,2023-01-03,2023-01-08,Processing,Google Pay,282.57,2023-01,Jan,2023,1,Electronics,Mechanical Keyboard,38.72,243.85
166312199,877572,67403166,170.23,2,2024-12-23,2024-12-26,Delivered,PayPal,340.46,2024-12,Dec,2024,12,Electronics,USB-C Hub,46.28,247.89999999999998
989889367,770487,88979095,169.7,1,2023-08-17,2023-08-22,Delivered,PayPal,169.7,2023-08,Aug,2023,8,Electronics,Wireless Headphones,27.87,141.82999999999998
688033900,877572,82772208,49.35,2,2024-11-17,2024-11-23,Delivered,PayPal,98.7,2024-11,Nov,2024,11,Electronics,USB-C Hub,46.28,6.140000000000001
642762599,126225,29777514,41.25,3,2023-08-01,2023-08-07,Delivered,Apple Pay,123.75,2023-08,Aug,2023,8,Electronics,Bluetooth Speaker,22.88,55.11
317064188,876646,13895645,242.28,4,2024-12-10,2024-12-16,Returned,Google Pay,969.12,2024-12,Dec,2024,12,Clothing,Cargo Shorts,8.69,934.36
714933740,126225,48163378,175.02,3,2024-12-25,2024-12-27,Shipped,Google Pay,525.0600000000001,2024-12,Dec,2024,12,Electronics,Bluetooth Speaker,22.88,456.4200000000001
676234459,770487,75575808,137.05,3,2024-11-09,2024-11-13,Delivered,Apple Pay,411.15000000000003,2024-11,Nov,2024,11,Electronics,Wireless Headphones,27.87,327.54
260902774,770487,15197528,102.37,2,2023-08-01,2023-08-08,Delivered,Google Pay,204.74,2023-08,Aug,2023,8,Electronics,Wireless Headphones,27.87,149.0
276670424,671858,84411983,56.97,5,2023-02-18,2023-02-20,Processing,PayPal,284.85,2023-02,Feb,2023,2,Home & Kitchen,Air Fryer,110.01,-265.20000000000005
452313624,216739,31361812,262.91,2,2023-12-11,2023-12-17,Delivered,Debit Card,525.82,2023-12,Dec,2023,12,Electronics,Smart Watch,36.99,451.84000000000003
658712474,126225,35487660,77.78,2,2024-09-30,2024-10-07,Delivered,Debit Card,155.56,2024-09,Sep,2024,9,Electronics,Bluetooth Speaker,22.88,109.80000000000001
574422684,356787,96728778,264.56,2,2023-08-09,2023-08-11,Delivered,Debit Card,529.12,2023-08,Aug,2023,8,Electronics,Mechanical Keyboard,38.72,451.68
224811770,877572,89920257,210.74,4,2023-03-11,2023-03-17,Returned,Apple Pay,842.96,2023-03,Mar,2023,3,Electronics,USB-C Hub,46.28,657.84
830461452,356787,70897765,133.78,4,2024-03-24,2024-03-31,Processing,Google Pay,535.12,2024-03,Mar,2024,3,Electronics,Mechanical Keyboard,38.72,380.24
320548167,356787,54058573,26.42,3,2023-09-13,2023-09-19,Cancelled,PayPal,79.26,2023-09,Sep,2023,9,Electronics,Mechanical Keyboard,38.72,-36.89999999999999
869784803,216739,28024248,233.17,4,2024-08-18,2024-08-23,Delivered,Debit Card,932.68,2024-08,Aug,2024,8,Electronics,Smart Watch,36.99,784.7199999999999
726150048,216739,98550256,95.83,1,2023-05-11,2023-05-16,Returned,Google Pay,95.83,2023-05,May,2023,5,Electronics,Smart Watch,36.99,58.839999999999996
624875038,671858,41068214,141.71,2,2023-01-17,2023-01-18,Delivered,Debit Card,283.42,2023-01,Jan,2023,1,Home & Kitchen,Air Fryer,110.01,63.400000000000006
197647841,126225,63551839,264.81,4,2024-03-25,2024-04-01,Returned,PayPal,1059.24,2024-03,Mar,2024,3,Electronics,Bluetooth Speaker,22.88,967.72
648011361,809570,48349783,276.02,4,2023-04-15,2023-04-22,Delivered,PayPal,1104.08,2023-04,Apr,2023,4,Clothing,Hoodie,111.42,658.3999999999999
578333394,216739,25015458,114.32,5,2023-02-21,2023-02-25,Delivered,Google Pay,571.5999999999999,2023-02,Feb,2023,2,Electronics,Smart Watch,36.99,386.64999999999986
968326513,191161,49823450,192.38,3,2024-11-24,2024-11-28,Processing,Credit Card,577.14,2024-11,Nov,2024,11,Home & Kitchen,Coffee Maker,50.5,425.64
159738492,770487,26247735,121.72,5,2024-12-05,2024-12-08,Delivered,PayPal,608.6,2024-12,Dec,2024,12,Electronics,Wireless Headphones,27.87,469.25
586869229,719176,80138498,150.78,2,2023-05-31,2023-06-02,Shipped,Google Pay,301.56,2023-05,May,2023,5,Home & Kitchen,Cast Iron Pan,90.67,120.22
241674152,671858,88339168,34.51,1,2023-04-13,2023-04-15,Delivered,Google Pay,34.51,2023-04,Apr,2023,4,Home & Kitchen,Air Fryer,110.01,-75.5
651095672,246316,75228535,110.52,5,2023-08-30,2023-09-05,Shipped,Google Pay,552.6,2023-08,Aug,2023,8,Clothing,Running Jacket,48.71,309.05
546058739,770487,39557077,24.34,4,2024-04-10,2024-04-17,Delivered,Credit Card,97.36,2024-04,Apr,2024,4,Electronics,Wireless Headphones,27.87,-14.120000000000005
590483627,671858,11049999,112.22,5,2024-09-04,2024-09-06,Processing,Google Pay,561.1,2024-09,Sep,2024,9,Home & Kitchen,Air Fryer,110.01,11.049999999999955
705495031,388389,43046464,223.2,1,2024-09-04,2024-09-07,Shipped,Credit Card,223.2,2024-09,Sep,2024,9,Electronics,Laptop Stand,88.92,134.27999999999997
161994392,877572,69295515,73.88,4,2023-09-18,2023-09-20,Delivered,Debit Card,295.52,2023-09,Sep,2023,9,Electronics,USB-C Hub,46.28,110.39999999999998
700003920,126225,98834863,118.94,4,2023-05-28,2023-05-29,Cancelled,PayPal,475.76,2023-05,May,2023,5,Electronics,Bluetooth Speaker,22.88,384.24
596474925,809570,59737181,256.49,2,2024-10-23,2024-10-27,Delivered,Credit Card,512.98,2024-10,Oct,2024,10,Clothing,Hoodie,111.42,290.14
822378827,876646,63121477,95.37,4,2023-07-27,2023-07-30,Returned,Credit Card,381.48,2023-07,Jul,2023,7,Clothing,Cargo Shorts,8.69,346.72
966418765,388389,13637575,183.76,3,2024-05-26,2024-05-31,Delivered,PayPal,551.28,2024-05,May,2024,5,Electronics,Laptop Stand,88.92,284.52
430894547,216739,70897765,208.09,5,2024-01-19,2024-01-24,Cancelled,PayPal,1040.45,2024-01,Jan,2024,1,Electronics,Smart Watch,36.99,855.5
876616079,216739,35921441,207.73,4,2023-07-14,2023-07-21,Delivered,Google Pay,830.92,2023-07,Jul,2023,7,Electronics,Smart Watch,36.99,682.9599999999999
123375849,876646,79182797,200.79,2,2024-03-13,2024-03-19,Processing,PayPal,401.58,2024-03,Mar,2024,3,Clothing,Cargo Shorts,8.69,384.2
525146690,216739,43183955,102.47,2,2024-05-24,2024-05-28,Delivered,PayPal,204.94,2024-05,May,2024,5,Electronics,Smart Watch,36.99,130.95999999999998
373221357,877572,14216175,167.38,2,2024-02-13,2024-02-16,Returned,Google Pay,334.76,2024-02,Feb,2024,2,Electronics,USB-C Hub,46.28,242.2
976659977,126225,51870192,181.82,1,2023-06-11,2023-06-13,Delivered,PayPal,181.82,2023-06,Jun,2023,6,Electronics,Bluetooth Speaker,22.88,158.94
103237836,719176,49092160,22.18,5,2024-02-25,2024-02-27,Delivered,PayPal,110.9,2024-02,Feb,2024,2,Home & Kitchen,Cast Iron Pan,90.67,-342.45000000000005
900801470,671858,23676961,136.4,4,2024-02-16,2024-02-18,Cancelled,Debit Card,545.6,2024-02,Feb,2024,2,Home & Kitchen,Air Fryer,110.01,105.56
333969748,809570,72372114,231.53,2,2023-10-31,2023-11-06,Delivered,Apple Pay,463.06,2023-10,Oct,2023,10,Clothing,Hoodie,111.42,240.22
720956992,126225,86483924,197.42,5,2024-06-10,2024-06-11,Delivered,Credit Card,987.0999999999999,2024-06,Jun,2024,6,Electronics,Bluetooth Speaker,22.88,872.6999999999999
178414859,770487,97775215,230.47,1,2024-11-01,2024-11-06,Delivered,PayPal,230.47,2024-11,Nov,2024,11,Electronics,Wireless Headphones,27.87,202.6
148629555,207473,80993218,55.53,1,2024-12-22,2024-12-29,Delivered,Debit Card,55.53,2024-12,Dec,2024,12,Clothing,Graphic Tee,66.43,-10.900000000000006
554941605,216739,19121552,227.25,5,2023-03-20,2023-03-23,Cancelled,Credit Card,1136.25,2023-03,Mar,2023,3,Electronics,Smart Watch,36.99,951.3
469935052,216739,71265269,165.37,4,2024-07-10,2024-07-14,Delivered,Credit Card,661.48,2024-07,Jul,2024,7,Electronics,Smart Watch,36.99,513.52
852032540,216739,18135295,86.01,5,2024-06-27,2024-06-30,Delivered,Apple Pay,430.05,2024-06,Jun,2024,6,Electronics,Smart Watch,36.99,245.1
168461684,388389,91823275,252.67,1,2023-05-17,2023-05-24,Delivered,Apple Pay,252.67,2023-05,May,2023,5,Electronics,Laptop Stand,88.92,163.75
681069884,126225,68496914,195.09,4,2024-05-24,2024-05-28,Delivered,PayPal,780.36,2024-05,May,2024,5,Electronics,Bluetooth Speaker,22.88,688.84
164698991,877572,90014570,284.25,4,2024-02-16,2024-02-19,Cancelled,PayPal,1137.0,2024-02,Feb,2024,2,Electronics,USB-C Hub,46.28,951.88
174108740,671858,11698142,47.49,3,2024-03-21,2024-03-27,Cancelled,Debit Card,142.47,2024-03,Mar,2024,3,Home & Kitchen,Air Fryer,110.01,-187.56000000000003
606882594,216739,34744872,51.99,1,2024-03-22,2024-03-29,Delivered,Debit Card,51.99,2024-03,Mar,2024,3,Electronics,Smart Watch,36.99,15.0
134075063,770487,27232410,187.39,5,2023-10-19,2023-10-21,Delivered,Credit Card,936.9499999999999,2023-10,Oct,2023,10,Electronics,Wireless Headphones,27.87,797.5999999999999
408261300,388389,27129912,259.93,1,2024-08-04,2024-08-11,Delivered,Apple Pay,259.93,2024-08,Aug,2024,8,Electronics,Laptop Stand,88.92,171.01
539017530,191161,49823450,186.72,5,2024-02-21,2024-02-26,Delivered,Google Pay,933.6,2024-02,Feb,2024,2,Home & Kitchen,Coffee Maker,50.5,681.1
293253475,876646,75876924,212.5,1,2023-06-14,2023-06-19,Cancelled,Google Pay,212.5,2023-06,Jun,2023,6,Clothing,Cargo Shorts,8.69,203.81
925677464,877572,29806690,223.87,2,2024-02-24,2024-02-25,Cancelled,Credit Card,447.74,2024-02,Feb,2024,2,Electronics,USB-C Hub,46.28,355.18
245415636,216739,86320155,107.62,5,2023-06-15,2023-06-20,Shipped,Debit Card,538.1,2023-06,Jun,2023,6,Electronics,Smart Watch,36.99,353.15
922301213,126225,34406132,244.78,3,2023-02-17,2023-02-20,Delivered,Google Pay,734.34,2023-02,Feb,2023,2,Electronics,Bluetooth Speaker,22.88,665.7
788832222,770487,93638503,56.92,4,2024-07-20,2024-07-26,Returned,Google Pay,227.68,2024-07,Jul,2024,7,Electronics,Wireless Headphones,27.87,116.2
883068639,126225,91321540,27.29,4,2024-09-18,2024-09-19,Processing,Apple Pay,109.16,2024-09,Sep,2024,9,Electronics,Bluetooth Speaker,22.88,17.64
793509240,126225,98641164,258.75,2,2024-03-22,2024-03-24,Returned,Google Pay,517.5,2024-03,Mar,2024,3,Electronics,Bluetooth Speaker,22.88,471.74
551360199,877572,51154241,246.21,4,2023-07-28,2023-07-30,Cancelled,Credit Card,984.84,2023-07,Jul,2023,7,Electronics,USB-C Hub,46.28,799.72
502074351,770487,34406132,227.5,4,2024-07-09,2024-07-16,Delivered,Apple Pay,910.0,2024-07,Jul,2024,7,Electronics,Wireless Headphones,27.87,798.52
510684364,877572,93394260,41.5,1,2023-11-09,2023-11-16,Delivered,Debit Card,41.5,2023-11,Nov,2023,11,Electronics,USB-C Hub,46.28,-4.780000000000001
581613078,809570,87736262,217.89,2,2023-07-25,2023-07-27,Delivered,Google Pay,435.78,2023-07,Jul,2023,7,Clothing,Hoodie,111.42,212.93999999999997
505333621,191161,80993218,143.71,5,2023-12-24,2023-12-26,Cancelled,Credit Card,718.5500000000001,2023-12,Dec,2023,12,Home & Kitchen,Coffee Maker,50.5,466.05000000000007
503346325,872246,11646234,127.75,4,2024-12-18,2024-12-19,Shipped,Apple Pay,511.0,2024-12,Dec,2024,12,Clothing,Denim Jeans,29.09,394.64
186167773,216739,29806690,117.36,5,2024-10-06,2024-10-12,Delivered,Credit Card,586.8,2024-10,Oct,2024,10,Electronics,Smart Watch,36.99,401.8499999999999
833076128,809570,73123515,258.32,3,2024-06-19,2024-06-20,Delivered,Credit Card,774.96,2024-06,Jun,2024,6,Clothing,Hoodie,111.42,440.70000000000005
810594320,877572,42862209,276.27,1,2023-04-30,2023-05-04,Delivered,Google Pay,276.27,2023-04,Apr,2023,4,Electronics,USB-C Hub,46.28,229.98999999999998
679069250,334053,60885459,166.89,3,2024-10-20,2024-10-22,Delivered,Apple Pay,500.66999999999996,2024-10,Oct,2024,10,Electronics,Webcam HD,13.0,461.66999999999996
242796714,126225,93926371,123.32,3,2023-06-04,2023-06-10,Cancelled,Apple Pay,369.96,2023-06,Jun,2023,6,Electronics,Bluetooth Speaker,22.88,301.32
801726890,216739,74893936,250.53,2,2023-12-29,2024-01-03,Delivered,Apple Pay,501.06,2023-12,Dec,2023,12,Electronics,Smart Watch,36.99,427.08
473415078,216739,44188276,184.67,4,2023-11-30,2023-12-02,Cancelled,Credit Card,738.68,2023-11,Nov,2023,11,Electronics,Smart Watch,36.99,590.7199999999999
227381397,671858,45810056,259.87,1,2023-05-20,2023-05-25,Shipped,PayPal,259.87,2023-05,May,2023,5,Home & Kitchen,Air Fryer,110.01,149.86
291634595,809570,64830300,132.67,3,2024-09-24,2024-09-28,Delivered,Apple Pay,398.01,2024-09,Sep,2024,9,Clothing,Hoodie,111.42,63.75
676876906,207473,62274692,11.11,5,2023-01-23,2023-01-28,Shipped,PayPal,55.55,2023-01,Jan,2023,1,Clothing,Graphic Tee,66.43,-276.6
522043490,809570,27558317,208.81,5,2024-07-26,2024-07-29,Delivered,Apple Pay,1044.05,2024-07,Jul,2024,7,Clothing,Hoodie,111.42,486.94999999999993
667840357,216739,97302916,97.65,4,2024-05-31,2024-06-07,Shipped,Debit Card,390.6,2024-05,May,2024,5,Electronics,Smart Watch,36.99,242.64000000000001
236737888,388389,13637575,69.8,5,2024-10-07,2024-10-10,Processing,Google Pay,349.0,2024-10,Oct,2024,10,Electronics,Laptop Stand,88.92,-95.60000000000002
881531720,216739,13326769,18.1,3,2024-08-21,2024-08-26,Delivered,Credit Card,54.300000000000004,2024-08,Aug,2024,8,Electronics,Smart Watch,36.99,-56.669999999999995
339111798,671858,59529086,243.79,1,2024-10-17,2024-10-22,Delivered,Debit Card,243.79,2024-10,Oct,2024,10,Home & Kitchen,Air Fryer,110.01,133.77999999999997
996382881,216739,12614124,50.46,4,2023-06-17,2023-06-21,Delivered,Apple Pay,201.84,2023-06,Jun,2023,6,Electronics,Smart Watch,36.99,53.879999999999995
103729417,770487,50056581,88.45,3,2024-07-11,2024-07-13,Delivered,Google Pay,265.35,2024-07,Jul,2024,7,Electronics,Wireless Headphones,27.87,181.74
911941471,216739,11540956,176.2,2,2024-07-23,2024-07-28,Returned,Credit Card,352.4,2024-07,Jul,2024,7,Electronics,Smart Watch,36.99,278.41999999999996
124411864,356787,56138336,78.71,5,2024-07-07,2024-07-12,Cancelled,Apple Pay,393.54999999999995,2024-07,Jul,2024,7,Electronics,Mechanical Keyboard,38.72,199.94999999999996
420364823,388389,49910061,110.8,2,2023-04-19,2023-04-24,Delivered,Debit Card,221.6,2023-04,Apr,2023,4,Electronics,Laptop Stand,88.92,43.75999999999999
597146648,719176,99245317,10.17,1,2023-01-14,2023-01-15,Cancelled,PayPal,10.17,2023-01,Jan,2023,1,Home & Kitchen,Cast Iron Pan,90.67,-80.5
823164961,877572,57553014,235.77,3,2024-08-29,2024-09-05,Cancelled,Debit Card,707.3100000000001,2024-08,Aug,2024,8,Electronics,USB-C Hub,46.28,568.47
872121274,770487,26726926,38.15,3,2024-02-01,2024-02-04,Returned,Google Pay,114.44999999999999,2024-02,Feb,2024,2,Electronics,Wireless Headphones,27.87,30.83999999999999
684593732,877572,16990811,270.18,3,2024-11-11,2024-11-18,Shipped,Apple Pay,810.54,2024-11,Nov,2024,11,Electronics,USB-C Hub,46.28,671.6999999999999
555404004,877572,63782042,44.3,4,2023-01-20,2023-01-26,Delivered,Apple Pay,177.2,2023-01,Jan,2023,1,Electronics,USB-C Hub,46.28,-7.920000000000016
671159367,719176,51273847,192.99,2,2023-02-01,2023-02-02,Shipped,PayPal,385.98,2023-02,Feb,2023,2,Home & Kitchen,Cast Iron Pan,90.67,204.64000000000001
507245006,719176,73791320,276.48,3,2023-08-25,2023-08-28,Delivered,Debit Card,829.44,2023-08,Aug,2023,8,Home & Kitchen,Cast Iron Pan,90.67,557.4300000000001
984076542,207473,81498611,89.53,3,2024-02-07,2024-02-11,Shipped,Google Pay,268.59000000000003,2024-02,Feb,2024,2,Clothing,Graphic Tee,66.43,69.30000000000001
346599912,719176,86384014,282.59,4,2023-06-18,2023-06-21,Delivered,Debit Card,1130.36,2023-06,Jun,2023,6,Home & Kitchen,Cast Iron Pan,90.67,767.6799999999998
365764028,126225,82232344,262.94,2,2024-09-03,2024-09-07,Delivered,Apple Pay,525.88,2024-09,Sep,2024,9,Electronics,Bluetooth Speaker,22.88,480.12
594592624,216739,20117988,106.21,2,2024-09-15,2024-09-16,Cancelled,PayPal,212.42,2024-09,Sep,2024,9,Electronics,Smart Watch,36.99,138.44
471686188,246316,31687165,149.31,4,2024-05-25,2024-05-28,Delivered,Google Pay,597.24,2024-05,May,2024,5,Clothing,Running Jacket,48.71,402.4
266560311,388389,25480907,74.61,4,2024-01-17,2024-01-22,Delivered,Debit Card,298.44,2024-01,Jan,2024,1,Electronics,Laptop Stand,88.92,-57.24000000000001
395976645,216739,45496015,100.63,4,2024-07-01,2024-07-03,Returned,Credit Card,402.52,2024-07,Jul,2024,7,Electronics,Smart Watch,36.99,254.55999999999997
302379343,126225,31172421,213.43,5,2023-04-15,2023-04-17,Delivered,Credit Card,1067.15,2023-04,Apr,2023,4,Electronics,Bluetooth Speaker,22.88,952.7500000000001
878488534,216739,42655866,279.84,1,2023-07-09,2023-07-10,Cancelled,Apple Pay,279.84,2023-07,Jul,2023,7,Electronics,Smart Watch,36.99,242.84999999999997
921938559,877572,84597009,291.26,4,2023-05-27,2023-06-02,Delivered,Apple Pay,1165.04,2023-05,May,2023,5,Electronics,USB-C Hub,46.28,979.92
221166014,216739,42949803,103.08,3,2023-12-21,2023-12-26,Processing,PayPal,309.24,2023-12,Dec,2023,12,Electronics,Smart Watch,36.99,198.27
134593072,126225,34941004,110.41,3,2024-11-28,2024-12-05,Delivered,Apple Pay,331.23,2024-11,Nov,2024,11,Electronics,Bluetooth Speaker,22.88,262.59000000000003
969170578,216739,33966966,188.32,4,2024-05-15,2024-05-18,Delivered,Credit Card,753.28,2024-05,May,2024,5,Electronics,Smart Watch,36.99,605.3199999999999
808881871,356787,53936531,115.34,5,2024-10-14,2024-10-15,Delivered,PayPal,576.7,2024-10,Oct,2024,10,Electronics,Mechanical Keyboard,38.72,383.1
550156166,246316,59555330,231.75,2,2024-04-27,2024-04-29,Delivered,Debit Card,463.5,2024-04,Apr,2024,4,Clothing,Running Jacket,48.71,366.08
760268760,388389,53936531,251.64,4,2023-10-30,2023-10-31,Delivered,PayPal,1006.56,2023-10,Oct,2023,10,Electronics,Laptop Stand,88.92,650.8799999999999
922543647,877572,71367643,255.74,5,2023-09-24,2023-09-27,Delivered,Credit Card,1278.7,2023-09,Sep,2023,9,Electronics,USB-C Hub,46.28,1047.3
116799547,770487,92097999,163.65,4,2023-07-19,2023-07-20,Delivered,Credit Card,654.6,2023-07,Jul,2023,7,Electronics,Wireless Headphones,27.87,543.12
358413465,216739,39372360,147.58,5,2023-02-08,2023-02-13,Delivered,Google Pay,737.9000000000001,2023-02,Feb,2023,2,Electronics,Smart Watch,36.99,552.95
321278458,216739,72535301,66.92,3,2024-07-10,2024-07-14,Returned,Google Pay,200.76,2024-07,Jul,2024,7,Electronics,Smart Watch,36.99,89.78999999999999
172253060,770487,35921441,139.09,3,2023-07-05,2023-07-06,Shipped,PayPal,417.27,2023-07,Jul,2023,7,Electronics,Wireless Headphones,27.87,333.65999999999997
208337018,191161,33966966,245.52,5,2023-08-20,2023-08-24,Delivered,Credit Card,1227.6000000000001,2023-08,Aug,2023,8,Home & Kitchen,Coffee Maker,50.5,975.1000000000001
737742679,872246,97705310,208.8,2,2023-12-31,2024-01-04,Delivered,PayPal,417.6,2023-12,Dec,2023,12,Clothing,Denim Jeans,29.09,359.42
136052248,770487,65857931,225.26,2,2024-05-05,2024-05-09,Processing,Apple Pay,450.52,2024-05,May,2024,5,Electronics,Wireless Headphones,27.87,394.78
579362443,207473,39920292,245.94,2,2023-08-18,2023-08-20,Processing,Google Pay,491.88,2023-08,Aug,2023,8,Clothing,Graphic Tee,66.43,359.02
741866641,877572,76344695,291.77,3,2024-03-16,2024-03-19,Delivered,Google Pay,875.31,2024-03,Mar,2024,3,Electronics,USB-C Hub,46.28,736.4699999999999
821579885,207473,90388981,42.52,5,2024-12-07,2024-12-08,Processing,Google Pay,212.60000000000002,2024-12,Dec,2024,12,Clothing,Graphic Tee,66.43,-119.55000000000001
855147872,356787,20200074,272.71,3,2023-01-18,2023-01-23,Delivered,Credit Card,818.1299999999999,2023-01,Jan,2023,1,Electronics,Mechanical Keyboard,38.72,701.9699999999999
152265802,877572,73519947,272.32,2,2024-06-18,2024-06-21,Cancelled,PayPal,544.64,2024-06,Jun,2024,6,Electronics,USB-C Hub,46.28,452.08
362781292,126225,47437115,220.01,5,2024-11-17,2024-11-22,Delivered,Apple Pay,1100.05,2024-11,Nov,2024,11,Electronics,Bluetooth Speaker,22.88,985.65
895149930,126225,99245317,194.17,5,2024-05-17,2024-05-20,Delivered,Google Pay,970.8499999999999,2024-05,May,2024,5,Electronics,Bluetooth Speaker,22.88,856.4499999999999
147498828,126225,70467027,181.77,2,2023-04-24,2023-05-01,Delivered,Credit Card,363.54,2023-04,Apr,2023,4,Electronics,Bluetooth Speaker,22.88,317.78000000000003
531929128,246316,48349783,201.49,1,2024-07-05,2024-07-10,Returned,Debit Card,201.49,2024-07,Jul,2024,7,Clothing,Running Jacket,48.71,152.78
571332733,388389,80166708,273.11,4,2024-10-16,2024-10-21,Delivered,Apple Pay,1092.44,2024-10,Oct,2024,10,Electronics,Laptop Stand,88.92,736.76
351619881,770487,91823275,96.77,3,2024-08-17,2024-08-22,Delivered,Credit Card,290.31,2024-08,Aug,2024,8,Electronics,Wireless Headphones,27.87,206.7
679562681,216739,24305904,263.41,5,2024-05-23,2024-05-30,Shipped,Google Pay,1317.0500000000002,2024-05,May,2024,5,Electronics,Smart Watch,36.99,1132.1000000000001
333291033,216739,90014570,163.16,3,2023-01-31,2023-02-02,Returned,Apple Pay,489.48,2023-01,Jan,2023,1,Electronics,Smart Watch,36.99,378.51
910015485,191161,19553585,81.26,4,2023-03-25,2023-03-30,Returned,Google Pay,325.04,2023-03,Mar,2023,3,Home & Kitchen,Coffee Maker,50.5,123.04000000000002
933291969,126225,36619372,16.56,5,2023-01-12,2023-01-19,Cancelled,Google Pay,82.8,2023-01,Jan,2023,1,Electronics,Bluetooth Speaker,22.88,-31.599999999999994
160606325,809570,72682989,177.35,3,2024-03-31,2024-04-04,Delivered,Debit Card,532.05,2024-03,Mar,2024,3,Clothing,Hoodie,111.42,197.78999999999996
250469429,872246,98054615,74.08,3,2024-08-22,2024-08-24,Delivered,PayPal,222.24,2024-08,Aug,2024,8,Clothing,Denim Jeans,29.09,134.97000000000003
641054044,876646,91823275,219.34,1,2023-01-22,2023-01-29,Returned,PayPal,219.34,2023-01,Jan,2023,1,Clothing,Cargo Shorts,8.69,210.65
410594268,877572,78137358,176.94,5,2023-05-05,2023-05-06,Delivered,Credit Card,884.7,2023-05,May,2023,5,Electronics,USB-C Hub,46.28,653.3000000000001
351429015,877572,55298556,176.31,4,2023-05-09,2023-05-16,Delivered,Debit Card,705.24,2023-05,May,2023,5,Electronics,USB-C Hub,46.28,520.12
975943821,809570,36445607,219.81,1,2023-05-05,2023-05-07,Processing,Credit Card,219.81,2023-05,May,2023,5,Clothing,Hoodie,111.42,108.39
885460919,876646,47346970,155.65,1,2023-04-14,2023-04-21,Delivered,PayPal,155.65,2023-04,Apr,2023,4,Clothing,Cargo Shorts,8.69,146.96
718593766,216739,31367172,143.69,4,2023-08-06,2023-08-12,Delivered,PayPal,574.76,2023-08,Aug,2023,8,Electronics,Smart Watch,36.99,426.79999999999995
442420233,719176,71028710,119.93,4,2024-05-23,2024-05-25,Delivered,Apple Pay,479.72,2024-05,May,2024,5,Home & Kitchen,Cast Iron Pan,90.67,117.04000000000002
720058859,126225,32151928,174.81,2,2024-09-05,2024-09-09,Delivered,Debit Card,349.62,2024-09,Sep,2024,9,Electronics,Bluetooth Speaker,22.88,303.86
742009209,671858,26948946,106.81,3,2023-01-08,2023-01-14,Returned,Apple Pay,320.43,2023-01,Jan,2023,1,Home & Kitchen,Air Fryer,110.01,-9.600000000000023
929506584,126225,70407340,34.91,3,2024-11-12,2024-11-14,Returned,Apple Pay,104.72999999999999,2024-11,Nov,2024,11,Electronics,Bluetooth Speaker,22.88,36.08999999999999
822125631,877572,31980274,110.54,1,2023-07-10,2023-07-13,Delivered,Apple Pay,110.54,2023-07,Jul,2023,7,Electronics,USB-C Hub,46.28,64.26
978731508,770487,51098277,157.33,2,2023-05-18,2023-05-25,Shipped,Apple Pay,314.66,2023-05,May,2023,5,Electronics,Wireless Headphones,27.87,258.92
444311548,126225,18181586,132.32,4,2024-07-11,2024-07-16,Shipped,Credit Card,529.28,2024-07,Jul,2024,7,Electronics,Bluetooth Speaker,22.88,437.76
354373770,356787,65259205,33.83,3,2023-07-01,2023-07-06,Delivered,Credit Card,101.49,2023-07,Jul,2023,7,Electronics,Mechanical Keyboard,38.72,-14.670000000000002
424017094,191161,19774839,269.05,5,2023-03-20,2023-03-21,Cancelled,Apple Pay,1345.25,2023-03,Mar,2023,3,Home & Kitchen,Coffee Maker,50.5,1092.75
253824712,356787,93370583,262.93,3,2023-12-09,2023-12-14,Shipped,PayPal,788.79,2023-12,Dec,2023,12,Electronics,Mechanical Keyboard,38.72,672.63
808897689,770487,20117988,204.08,5,2023-02-08,2023-02-10,Delivered,Debit Card,1020.4000000000001,2023-02,Feb,2023,2,Electronics,Wireless Headphones,27.87,881.0500000000001
659689063,246316,68353204,151.11,2,2023-09-28,2023-09-30,Shipped,Debit Card,302.22,2023-09,Sep,2023,9,Clothing,Running Jacket,48.71,204.8
337342839,719176,57553014,85.15,3,2023-09-27,2023-10-03,Shipped,Credit Card,255.45000000000002,2023-09,Sep,2023,9,Home & Kitchen,Cast Iron Pan,90.67,-16.559999999999974
544056890,872246,23903144,240.32,1,2024-08-29,2024-09-01,Processing,Apple Pay,240.32,2024-08,Aug,2024,8,Clothing,Denim Jeans,29.09,211.23
422660441,207473,61536717,85.43,5,2024-05-22,2024-05-26,Cancelled,Credit Card,427.15000000000003,2024-05,May,2024,5,Clothing,Graphic Tee,66.43,95.0
395444277,126225,68461818,231.92,3,2024-06-05,2024-06-09,Returned,PayPal,695.76,2024-06,Jun,2024,6,Electronics,Bluetooth Speaker,22.88,627.12
165452764,216739,46553958,227.09,4,2023-12-03,2023-12-08,Delivered,Apple Pay,908.36,2023-12,Dec,2023,12,Electronics,Smart Watch,36.99,760.4
697771523,216739,27566185,290.66,5,2023-01-22,2023-01-28,Processing,Credit Card,1453.3000000000002,2023-01,Jan,2023,1,Electronics,Smart Watch,36.99,1268.3500000000001
735297732,877572,84158663,98.46,2,2023-02-05,2023-02-07,Processing,Google Pay,196.92,2023-02,Feb,2023,2,Electronics,USB-C Hub,46.28,104.35999999999999
889427990,671858,43273328,69.6,4,2024-06-03,2024-06-07,Shipped,PayPal,278.4,2024-06,Jun,2024,6,Home & Kitchen,Air Fryer,110.01,-161.64000000000004
288047830,216739,19233013,230.67,4,2024-02-19,2024-02-22,Delivered,PayPal,922.68,2024-02,Feb,2024,2,Electronics,Smart Watch,36.99,774.7199999999999
772155012,770487,68450095,274.8,3,2023-01-13,2023-01-18,Delivered,Google Pay,824.4000000000001,2023-01,Jan,2023,1,Electronics,Wireless Headphones,27.87,740.7900000000001
828802398,191161,76354180,168.03,4,2023-01-24,2023-01-26,Delivered,PayPal,672.12,2023-01,Jan,2023,1,Home & Kitchen,Coffee Maker,50.5,470.12
558703133,388389,20570592,200.0,2,2023-09-26,2023-09-27,Returned,Debit Card,400.0,2023-09,Sep,2023,9,Electronics,Laptop Stand,88.92,222.16
696840109,770487,87446468,140.55,2,2024-10-30,2024-11-02,Delivered,PayPal,281.1,2024-10,Oct,2024,10,Electronics,Wireless Headphones,27.87,225.36
632168774,770487,36998038,153.47,5,2024-12-25,2024-12-31,Returned,PayPal,767.35,2024-12,Dec,2024,12,Electronics,Wireless Headphones,27.87,628.0
150341410,216739,52091325,299.36,2,2023-10-05,2023-10-08,Returned,Google Pay,598.72,2023-10,Oct,2023,10,Electronics,Smart Watch,36.99,524.74
469812603,877572,55728776,38.64,2,2024-09-22,2024-09-25,Delivered,PayPal,77.28,2024-09,Sep,2024,9,Electronics,USB-C Hub,46.28,-15.280000000000001
790755362,872246,10076758,223.25,4,2024-08-24,2024-08-30,Delivered,Apple Pay,893.0,2024-08,Aug,2024,8,Clothing,Denim Jeans,29.09,776.64
820848547,388389,60372847,63.16,3,2024-02-21,2024-02-23,Delivered,Apple Pay,189.48,2024-02,Feb,2024,2,Electronics,Laptop Stand,88.92,-77.28
509261668,216739,98231132,86.84,2,2023-10-24,2023-10-25,Delivered,Apple Pay,173.68,2023-10,Oct,2023,10,Electronics,Smart Watch,36.99,99.7
943751263,770487,42138745,120.94,4,2023-07-17,2023-07-20,Delivered,Apple Pay,483.76,2023-07,Jul,2023,7,Electronics,Wireless Headphones,27.87,372.28
663137920,770487,84593961,140.1,2,2024-07-13,2024-07-17,Delivered,Debit Card,280.2,2024-07,Jul,2024,7,Electronics,Wireless Headphones,27.87,224.45999999999998
442238518,126225,98742485,269.04,4,2023-08-31,2023-09-04,Cancelled,Debit Card,1076.16,2023-08,Aug,2023,8,Electronics,Bluetooth Speaker,22.88,984.6400000000001
847655456,216739,27566185,179.17,1,2024-02-24,2024-02-29,Delivered,Apple Pay,179.17,2024-02,Feb,2024,2,Electronics,Smart Watch,36.99,142.17999999999998
547025173,246316,53507489,153.52,2,2023-03-03,2023-03-04,Delivered,Google Pay,307.04,2023-03,Mar,2023,3,Clothing,Running Jacket,48.71,209.62
538364955,877572,59597086,35.94,1,2024-09-22,2024-09-26,Cancelled,Apple Pay,35.94,2024-09,Sep,2024,9,Electronics,USB-C Hub,46.28,-10.340000000000003
260221190,770487,93370583,120.39,1,2024-07-07,2024-07-14,Cancelled,Google Pay,120.39,2024-07,Jul,2024,7,Electronics,Wireless Headphones,27.87,92.52
422002819,246316,22489409,51.33,1,2024-02-04,2024-02-08,Delivered,PayPal,51.33,2024-02,Feb,2024,2,Clothing,Running Jacket,48.71,2.6199999999999974
504221050,356787,87049595,128.17,1,2023-10-14,2023-10-20,Shipped,Credit Card,128.17,2023-10,Oct,2023,10,Electronics,Mechanical Keyboard,38.72,89.44999999999999
297438548,770487,38716269,84.47,2,2023-01-07,2023-01-11,Shipped,Credit Card,168.94,2023-01,Jan,2023,1,Electronics,Wireless Headphones,27.87,113.19999999999999
910048118,126225,42194159,258.47,2,2023-11-05,2023-11-08,Delivered,PayPal,516.94,2023-11,Nov,2023,11,Electronics,Bluetooth Speaker,22.88,471.18000000000006
677596076,877572,78139880,62.5,5,2023-05-28,2023-05-31,Delivered,Credit Card,312.5,2023-05,May,2023,5,Electronics,USB-C Hub,46.28,81.1
608436962,126225,84285882,88.75,4,2023-01-18,2023-01-23,Returned,Apple Pay,355.0,2023-01,Jan,2023,1,Electronics,Bluetooth Speaker,22.88,263.48
358737619,770487,82160068,131.98,3,2024-11-21,2024-11-23,Delivered,Credit Card,395.93999999999994,2024-11,Nov,2024,11,Electronics,Wireless Headphones,27.87,312.3299999999999
341961866,877572,30244148,198.94,5,2024-02-23,2024-02-24,Returned,PayPal,994.7,2024-02,Feb,2024,2,Electronics,USB-C Hub,46.28,763.3000000000001
422913264,876646,35848226,284.92,3,2023-05-18,2023-05-21,Processing,Google Pay,854.76,2023-05,May,2023,5,Clothing,Cargo Shorts,8.69,828.6899999999999
859754807,770487,11980765,176.73,1,2023-04-19,2023-04-20,Delivered,Google Pay,176.73,2023-04,Apr,2023,4,Electronics,Wireless Headphones,27.87,148.85999999999999
254996504,207473,86644106,134.65,4,2023-06-24,2023-07-01,Returned,PayPal,538.6,2023-06,Jun,2023,6,Clothing,Graphic Tee,66.43,272.88
965195567,876646,66581473,148.89,4,2024-02-28,2024-03-02,Returned,Google Pay,595.56,2024-02,Feb,2024,2,Clothing,Cargo Shorts,8.69,560.8
597169479,809570,19233013,299.74,1,2024-04-19,2024-04-23,Processing,Google Pay,299.74,2024-04,Apr,2024,4,Clothing,Hoodie,111.42,188.32
161873231,126225,60185867,76.9,5,2024-06-07,2024-06-13,Delivered,Google Pay,384.5,2024-06,Jun,2024,6,Electronics,Bluetooth Speaker,22.88,270.1
703857319,216739,10791358,255.44,2,2023-10-26,2023-10-31,Delivered,Apple Pay,510.88,2023-10,Oct,2023,10,Electronics,Smart Watch,36.99,436.9
543109075,877572,87669750,232.87,2,2024-06-25,2024-07-02,Shipped,Google Pay,465.74,2024-06,Jun,2024,6,Electronics,USB-C Hub,46.28,373.18
547221915,876646,96637649,90.78,3,2023-11-30,2023-12-02,Processing,Apple Pay,272.34000000000003,2023-11,Nov,2023,11,Clothing,Cargo Shorts,8.69,246.27000000000004
698382096,388389,20570592,44.0,5,2024-05-31,2024-06-02,Processing,Apple Pay,220.0,2024-05,May,2024,5,Electronics,Laptop Stand,88.92,-224.60000000000002
669074377,216739,66775103,29.11,2,2023-01-10,2023-01-12,Delivered,Apple Pay,58.22,2023-01,Jan,2023,1,Electronics,Smart Watch,36.99,-15.760000000000005
243980993,809570,66775103,271.76,1,2023-01-15,2023-01-18,Delivered,Debit Card,271.76,2023-01,Jan,2023,1,Clothing,Hoodie,111.42,160.33999999999997
517061783,770487,14164775,82.1,3,2024-06-15,2024-06-19,Cancelled,Apple Pay,246.29999999999998,2024-06,Jun,2024,6,Electronics,Wireless Headphones,27.87,162.69
360767346,770487,74893936,159.68,5,2023-01-05,2023-01-06,Returned,Google Pay,798.4000000000001,2023-01,Jan,2023,1,Electronics,Wireless Headphones,27.87,659.0500000000001
373799489,770487,36726767,178.09,1,2023-01-03,2023-01-04,Shipped,Google Pay,178.09,2023-01,Jan,2023,1,Electronics,Wireless Headphones,27.87,150.22
318331154,671858,30776478,208.79,2,2023-08-29,2023-08-31,Shipped,Google Pay,417.58,2023-08,Aug,2023,8,Home & Kitchen,Air Fryer,110.01,197.55999999999997
454617185,809570,47945817,143.34,5,2024-08-14,2024-08-20,Delivered,Apple Pay,716.7,2024-08,Aug,2024,8,Clothing,Hoodie,111.42,159.60000000000002
794395127,770487,25898299,167.55,1,2023-12-11,2023-12-14,Returned,Google Pay,167.55,2023-12,Dec,2023,12,Electronics,Wireless Headphones,27.87,139.68
184901228,334053,31687165,21.77,1,2024-02-02,2024-02-04,Processing,Google Pay,21.77,2024-02,Feb,2024,2,Electronics,Webcam HD,13.0,8.77
582954920,216739,95132217,268.18,2,2024-03-20,2024-03-21,Shipped,Credit Card,536.36,2024-03,Mar,2024,3,Electronics,Smart Watch,36.99,462.38
498441427,770487,47463522,185.19,3,2023-04-05,2023-04-11,Cancelled,PayPal,555.5699999999999,2023-04,Apr,2023,4,Electronics,Wireless Headphones,27.87,471.9599999999999
199282456,356787,42194159,99.61,1,2024-08-10,2024-08-17,Delivered,PayPal,99.61,2024-08,Aug,2024,8,Electronics,Mechanical Keyboard,38.72,60.89
675134276,671858,45351479,68.99,2,2023-03-12,2023-03-15,Delivered,Apple Pay,137.98,2023-03,Mar,2023,3,Home & Kitchen,Air Fryer,110.01,-82.04000000000002
878016905,126225,50392808,183.19,3,2024-08-11,2024-08-16,Processing,PayPal,549.5699999999999,2024-08,Aug,2024,8,Electronics,Bluetooth Speaker,22.88,480.92999999999995
990568217,191161,52587010,25.55,1,2023-06-01,2023-06-07,Processing,Debit Card,25.55,2023-06,Jun,2023,6,Home & Kitchen,Coffee Maker,50.5,-24.95
304528085,388389,63782042,50.38,5,2023-01-17,2023-01-24,Delivered,Google Pay,251.9,2023-01,Jan,2023,1,Electronics,Laptop Stand,88.92,-192.70000000000002
155337035,126225,70152969,139.54,3,2023-08-16,2023-08-21,Delivered,Debit Card,418.62,2023-08,Aug,2023,8,Electronics,Bluetooth Speaker,22.88,349.98
388258432,770487,71028710,267.29,4,2023-12-21,2023-12-26,Delivered,PayPal,1069.16,2023-12,Dec,2023,12,Electronics,Wireless Headphones,27.87,957.6800000000001
504981031,216739,50308572,129.35,2,2024-10-14,2024-10-16,Delivered,PayPal,258.7,2024-10,Oct,2024,10,Electronics,Smart Watch,36.99,184.71999999999997
823349713,126225,75151231,37.45,5,2023-06-13,2023-06-18,Delivered,Google Pay,187.25,2023-06,Jun,2023,6,Electronics,Bluetooth Speaker,22.88,72.85000000000001
749580994,770487,80415568,192.21,3,2024-03-04,2024-03-05,Delivered,Google Pay,576.63,2024-03,Mar,2024,3,Electronics,Wireless Headphones,27.87,493.02
747382621,877572,35714784,144.74,2,2023-02-02,2023-02-03,Delivered,Credit Card,289.48,2023-02,Feb,2023,2,Electronics,USB-C Hub,46.28,196.92000000000002
142463863,388389,60185867,47.05,2,2023-02-25,2023-02-26,Processing,Debit Card,94.1,2023-02,Feb,2023,2,Electronics,Laptop Stand,88.92,-83.74000000000001
178151583,770487,19943140,295.24,2,2023-06-29,2023-07-01,Processing,Apple Pay,590.48,2023-06,Jun,2023,6,Electronics,Wireless Headphones,27.87,534.74
302038796,216739,53507489,284.48,3,2024-11-01,2024-11-04,Delivered,Apple Pay,853.44,2024-11,Nov,2024,11,Electronics,Smart Watch,36.99,742.47
963987020,876646,23318904,287.15,3,2023-11-29,2023-12-01,Delivered,Apple Pay,861.4499999999999,2023-11,Nov,2023,11,Clothing,Cargo Shorts,8.69,835.3799999999999
917865301,126225,22489409,293.75,4,2023-07-01,2023-07-03,Delivered,PayPal,1175.0,2023-07,Jul,2023,7,Electronics,Bluetooth Speaker,22.88,1083.48
730913181,334053,31682744,35.54,2,2023-04-20,2023-04-25,Delivered,PayPal,71.08,2023-04,Apr,2023,4,Electronics,Webcam HD,13.0,45.08
877716824,246316,99682738,99.64,2,2023-07-29,2023-08-04,Delivered,Debit Card,199.28,2023-07,Jul,2023,7,Clothing,Running Jacket,48.71,101.86
820964511,356787,42747037,299.75,5,2023-03-27,2023-03-31,Delivered,Debit Card,1498.75,2023-03,Mar,2023,3,Electronics,Mechanical Keyboard,38.72,1305.15
700061135,356787,18083974,249.54,2,2024-11-26,2024-11-28,Shipped,Apple Pay,499.08,2024-11,Nov,2024,11,Electronics,Mechanical Keyboard,38.72,421.64
333019716,770487,61536717,122.34,3,2024-12-21,2024-12-28,Cancelled,Apple Pay,367.02,2024-12,Dec,2024,12,Electronics,Wireless Headphones,27.87,283.40999999999997
614745610,126225,51373735,264.99,4,2023-03-20,2023-03-25,Returned,Google Pay,1059.96,2023-03,Mar,2023,3,Electronics,Bluetooth Speaker,22.88,968.44
324292944,246316,88183110,147.25,1,2024-09-30,2024-10-03,Cancelled,Debit Card,147.25,2024-09,Sep,2024,9,Clothing,Running Jacket,48.71,98.53999999999999
457517705,216739,99508850,129.7,1,2023-01-16,2023-01-17,Returned,Google Pay,129.7,2023-01,Jan,2023,1,Electronics,Smart Watch,36.99,92.70999999999998
425545658,388389,37760841,46.4,3,2023-11-05,2023-11-07,Returned,PayPal,139.2,2023-11,Nov,2023,11,Electronics,Laptop Stand,88.92,-127.56
116464447,770487,56930359,228.62,5,2024-03-05,2024-03-11,Delivered,Credit Card,1143.1,2024-03,Mar,2024,3,Electronics,Wireless Headphones,27.87,1003.7499999999999
327426863,877572,15917225,227.84,2,2024-09-11,2024-09-17,Delivered,PayPal,455.68,2024-09,Sep,2024,9,Electronics,USB-C Hub,46.28,363.12
304036387,207473,93926371,210.37,3,2024-02-14,2024-02-20,Cancelled,Credit Card,631.11,2024-02,Feb,2024,2,Clothing,Graphic Tee,66.43,431.82
896152940,877572,70939053,169.62,5,2023-07-20,2023-07-25,Delivered,Apple Pay,848.1,2023-07,Jul,2023,7,Electronics,USB-C Hub,46.28,616.7
225967304,877572,24366125,107.83,5,2023-11-11,2023-11-13,Returned,PayPal,539.15,2023-11,Nov,2023,11,Electronics,USB-C Hub,46.28,307.75
901955461,872246,68496914,28.77,5,2023-07-03,2023-07-09,Delivered,Google Pay,143.85,2023-07,Jul,2023,7,Clothing,Denim Jeans,29.09,-1.5999999999999943
909956465,671858,30513739,85.29,1,2024-02-19,2024-02-23,Delivered,Credit Card,85.29,2024-02,Feb,2024,2,Home & Kitchen,Air Fryer,110.01,-24.72
614237373,770487,93131979,246.39,3,2023-04-04,2023-04-06,Delivered,Debit Card,739.17,2023-04,Apr,2023,4,Electronics,Wireless Headphones,27.87,655.56
360482447,809570,19510312,260.32,1,2023-07-10,2023-07-12,Cancelled,Apple Pay,260.32,2023-07,Jul,2023,7,Clothing,Hoodie,111.42,148.89999999999998
846923032,877572,96028436,51.25,5,2023-09-03,2023-09-07,Shipped,Credit Card,256.25,2023-09,Sep,2023,9,Electronics,USB-C Hub,46.28,24.849999999999994
748971205,770487,26989677,182.45,5,2023-07-26,2023-07-27,Returned,Google Pay,912.25,2023-07,Jul,2023,7,Electronics,Wireless Headphones,27.87,772.9
855665764,207473,32162965,244.19,1,2023-03-24,2023-03-25,Delivered,Debit Card,244.19,2023-03,Mar,2023,3,Clothing,Graphic Tee,66.43,177.76
319594317,388389,18620650,41.0,4,2023-04-30,2023-05-02,Cancelled,Credit Card,164.0,2023-04,Apr,2023,4,Electronics,Laptop Stand,88.92,-191.68
525880424,207473,20075036,130.32,1,2024-10-29,2024-11-03,Cancelled,Apple Pay,130.32,2024-10,Oct,2024,10,Clothing,Graphic Tee,66.43,63.889999999999986
356979659,719176,33328859,217.42,1,2023-12-30,2024-01-05,Cancelled,Google Pay,217.42,2023-12,Dec,2023,12,Home & Kitchen,Cast Iron Pan,90.67,126.74999999999999
692790631,126225,55679506,161.92,3,2024-04-22,2024-04-29,Delivered,Credit Card,485.76,2024-04,Apr,2024,4,Electronics,Bluetooth Speaker,22.88,417.12
445331485,877572,61700055,163.72,1,2023-08-17,2023-08-20,Delivered,Apple Pay,163.72,2023-08,Aug,2023,8,Electronics,USB-C Hub,46.28,117.44
932701695,877572,28213276,49.89,4,2023-01-04,2023-01-08,Processing,Credit Card,199.56,2023-01,Jan,2023,1,Electronics,USB-C Hub,46.28,14.439999999999998
403932500,770487,94525678,17.96,5,2023-04-19,2023-04-23,Delivered,Google Pay,89.80000000000001,2023-04,Apr,2023,4,Electronics,Wireless Headphones,27.87,-49.54999999999998
508732434,246316,39219319,206.28,5,2023-05-13,2023-05-15,Cancelled,Apple Pay,1031.4,2023-05,May,2023,5,Clothing,Running Jacket,48.71,787.8500000000001
600632621,388389,19553585,67.4,3,2023-05-04,2023-05-09,Returned,Debit Card,202.20000000000002,2023-05,May,2023,5,Electronics,Laptop Stand,88.92,-64.55999999999997
673002461,770487,76354180,40.74,1,2024-07-27,2024-08-03,Delivered,PayPal,40.74,2024-07,Jul,2024,7,Electronics,Wireless Headphones,27.87,12.870000000000001
796559239,126225,19391725,291.37,1,2024-04-21,2024-04-28,Delivered,Debit Card,291.37,2024-04,Apr,2024,4,Electronics,Bluetooth Speaker,22.88,268.49
485752015,126225,42035886,264.13,2,2023-05-19,2023-05-21,Delivered,Credit Card,528.26,2023-05,May,2023,5,Electronics,Bluetooth Speaker,22.88,482.5
431165907,334053,91424737,231.38,5,2024-09-08,2024-09-14,Delivered,Apple Pay,1156.9,2024-09,Sep,2024,9,Electronics,Webcam HD,13.0,1091.9
380849661,877572,78137358,138.31,3,2024-02-03,2024-02-10,Delivered,Apple Pay,414.93,2024-02,Feb,2024,2,Electronics,USB-C Hub,46.28,276.09000000000003
486165467,207473,75569635,294.93,3,2024-08-14,2024-08-21,Cancelled,Debit Card,884.79,2024-08,Aug,2024,8,Clothing,Graphic Tee,66.43,685.5
650632566,770487,29777514,52.1,1,2023-11-02,2023-11-09,Delivered,Apple Pay,52.1,2023-11,Nov,2023,11,Electronics,Wireless Headphones,27.87,24.23
633947427,216739,53779528,198.14,3,2023-02-17,2023-02-24,Returned,Debit Card,594.42,2023-02,Feb,2023,2,Electronics,Smart Watch,36.99,483.44999999999993
600368062,388389,84270583,189.79,2,2024-12-12,2024-12-13,Processing,Debit Card,379.58,2024-12,Dec,2024,12,Electronics,Laptop Stand,88.92,201.73999999999998
205879779,388389,13326769,73.9,1,2024-05-30,2024-05-31,Delivered,Credit Card,73.9,2024-05,May,2024,5,Electronics,Laptop Stand,88.92,-15.019999999999996
962017778,876646,10965138,258.85,1,2023-01-16,2023-01-19,Delivered,Credit Card,258.85,2023-01,Jan,2023,1,Clothing,Cargo Shorts,8.69,250.16000000000003
875685667,356787,83542887,115.76,5,2024-05-02,2024-05-08,Shipped,PayPal,578.8000000000001,2024-05,May,2024,5,Electronics,Mechanical Keyboard,38.72,385.20000000000005
604111500,334053,77834855,261.63,5,2023-08-25,2023-08-31,Returned,PayPal,1308.15,2023-08,Aug,2023,8,Electronics,Webcam HD,13.0,1243.15
917792874,770487,73440831,14.94,1,2023-01-04,2023-01-07,Returned,PayPal,14.94,2023-01,Jan,2023,1,Electronics,Wireless Headphones,27.87,-12.930000000000001
443847870,719176,69302158,156.6,5,2023-06-09,2023-06-13,Returned,Apple Pay,783.0,2023-06,Jun,2023,6,Home & Kitchen,Cast Iron Pan,90.67,329.65
318106480,191161,96098221,170.01,3,2024-04-28,2024-04-30,Cancelled,Credit Card,510.03,2024-04,Apr,2024,4,Home & Kitchen,Coffee Maker,50.5,358.53
498041381,126225,94705205,105.55,1,2024-04-04,2024-04-08,Delivered,Debit Card,105.55,2024-04,Apr,2024,4,Electronics,Bluetooth Speaker,22.88,82.67
435997460,877572,55114543,115.05,2,2023-04-11,2023-04-14,Shipped,Credit Card,230.1,2023-04,Apr,2023,4,Electronics,USB-C Hub,46.28,137.54
544454140,671858,75793759,75.84,4,2024-04-17,2024-04-19,Delivered,Debit Card,303.36,2024-04,Apr,2024,4,Home & Kitchen,Air Fryer,110.01,-136.68
149086585,388389,71265269,91.24,4,2024-01-14,2024-01-21,Shipped,Debit Card,364.96,2024-01,Jan,2024,1,Electronics,Laptop Stand,88.92,9.279999999999973
704006325,877572,57553014,69.03,5,2023-01-28,2023-02-01,Shipped,Credit Card,345.15,2023-01,Jan,2023,1,Electronics,USB-C Hub,46.28,113.74999999999997
337591250,126225,38323322,164.14,2,2024-10-29,2024-11-02,Shipped,Credit Card,328.28,2024-10,Oct,2024,10,Electronics,Bluetooth Speaker,22.88,282.52
895913682,126225,56930359,14.61,2,2023-08-22,2023-08-27,Shipped,PayPal,29.22,2023-08,Aug,2023,8,Electronics,Bluetooth Speaker,22.88,-16.54
256683320,126225,75181765,143.11,2,2023-11-29,2023-12-05,Shipped,Credit Card,286.22,2023-11,Nov,2023,11,Electronics,Bluetooth Speaker,22.88,240.46000000000004
117415986,126225,90070438,227.99,5,2023-09-23,2023-09-30,Shipped,Debit Card,1139.95,2023-09,Sep,2023,9,Electronics,Bluetooth Speaker,22.88,1025.55
380004069,719176,26941092,97.06,1,2024-06-12,2024-06-19,Shipped,Apple Pay,97.06,2024-06,Jun,2024,6,Home & Kitchen,Cast Iron Pan,90.67,6.390000000000001
694113766,770487,67276174,208.12,2,2024-10-30,2024-11-03,Shipped,Credit Card,416.24,2024-10,Oct,2024,10,Electronics,Wireless Headphones,27.87,360.5
727099478,191161,23419256,220.71,4,2023-12-13,2023-12-15,Shipped,Apple Pay,882.84,2023-12,Dec,2023,12,Home & Kitchen,Coffee Maker,50.5,680.84
721849977,216739,31172421,219.38,4,2024-06-25,2024-06-29,Processing,Credit Card,877.52,2024-06,Jun,2024,6,Electronics,Smart Watch,36.99,729.56
873106931,334053,58436637,86.33,5,2023-01-31,2023-02-07,Shipped,Google Pay,431.65,2023-01,Jan,2023,1,Electronics,Webcam HD,13.0,366.65
548371040,770487,58436637,117.44,2,2023-12-09,2023-12-16,Delivered,Credit Card,234.88,2023-12,Dec,2023,12,Electronics,Wireless Headphones,27.87,179.14
416960306,356787,80415568,185.15,2,2024-06-21,2024-06-28,Shipped,Debit Card,370.3,2024-06,Jun,2024,6,Electronics,Mechanical Keyboard,38.72,292.86
263650505,207473,79008866,257.58,4,2023-12-02,2023-12-07,Delivered,Credit Card,1030.32,2023-12,Dec,2023,12,Clothing,Graphic Tee,66.43,764.5999999999999
310659326,126225,92043803,223.65,5,2024-04-06,2024-04-07,Processing,Apple Pay,1118.25,2024-04,Apr,2024,4,Electronics,Bluetooth Speaker,22.88,1003.85
454190155,246316,15957459,136.53,1,2023-09-18,2023-09-20,Processing,Credit Card,136.53,2023-09,Sep,2023,9,Clothing,Running Jacket,48.71,87.82
346980616,877572,44917589,255.06,4,2023-09-23,2023-09-25,Delivered,Apple Pay,1020.24,2023-09,Sep,2023,9,Electronics,USB-C Hub,46.28,835.12
507849850,876646,79967676,27.28,2,2023-07-31,2023-08-02,Delivered,Debit Card,54.56,2023-07,Jul,2023,7,Clothing,Cargo Shorts,8.69,37.18000000000001
711806831,770487,46468984,267.22,4,2024-01-15,2024-01-21,Processing,Credit Card,1068.88,2024-01,Jan,2024,1,Electronics,Wireless Headphones,27.87,957.4000000000001
994816400,216739,51837852,188.86,5,2023-10-29,2023-10-31,Delivered,Credit Card,944.3000000000001,2023-10,Oct,2023,10,Electronics,Smart Watch,36.99,759.35
363850592,877572,36619372,19.38,2,2024-07-20,2024-07-22,Delivered,Apple Pay,38.76,2024-07,Jul,2024,7,Electronics,USB-C Hub,46.28,-53.800000000000004
636120880,216739,85863473,226.58,5,2023-01-31,2023-02-02,Returned,Google Pay,1132.9,2023-01,Jan,2023,1,Electronics,Smart Watch,36.99,947.95
691247918,126225,66267415,87.89,1,2024-11-25,2024-11-29,Delivered,Apple Pay,87.89,2024-11,Nov,2024,11,Electronics,Bluetooth Speaker,22.88,65.01
802879944,770487,70407340,15.59,2,2024-04-20,2024-04-27,Returned,Credit Card,31.18,2024-04,Apr,2024,4,Electronics,Wireless Headphones,27.87,-24.560000000000002
835348453,334053,67276174,208.71,1,2023-02-10,2023-02-13,Delivered,Google Pay,208.71,2023-02,Feb,2023,2,Electronics,Webcam HD,13.0,195.71
462456889,877572,42111036,275.87,4,2023-07-07,2023-07-10,Processing,Debit Card,1103.48,2023-07,Jul,2023,7,Electronics,USB-C Hub,46.28,918.36
376302498,877572,52091325,236.92,4,2024-07-30,2024-08-02,Delivered,Google Pay,947.68,2024-07,Jul,2024,7,Electronics,USB-C Hub,46.28,762.56
919652226,770487,59512272,125.32,3,2023-02-03,2023-02-09,Delivered,Credit Card,375.96,2023-02,Feb,2023,2,Electronics,Wireless Headphones,27.87,292.34999999999997
982177625,126225,46023439,296.12,3,2024-09-19,2024-09-26,Delivered,Google Pay,888.36,2024-09,Sep,2024,9,Electronics,Bluetooth Speaker,22.88,819.72
624652904,877572,11049999,213.2,4,2023-05-11,2023-05-15,Delivered,Google Pay,852.8,2023-05,May,2023,5,Electronics,USB-C Hub,46.28,667.68
876914430,770487,72409658,199.13,3,2023-08-16,2023-08-19,Returned,Google Pay,597.39,2023-08,Aug,2023,8,Electronics,Wireless Headphones,27.87,513.78
789014168,191161,69476001,131.73,4,2024-03-16,2024-03-22,Cancelled,PayPal,526.92,2024-03,Mar,2024,3,Home & Kitchen,Coffee Maker,50.5,324.91999999999996
894133105,216739,30452412,113.2,2,2024-10-21,2024-10-24,Processing,Apple Pay,226.4,2024-10,Oct,2024,10,Electronics,Smart Watch,36.99,152.42000000000002
626772995,388389,60867083,16.77,1,2024-08-23,2024-08-26,Processing,Google Pay,16.77,2024-08,Aug,2024,8,Electronics,Laptop Stand,88.92,-72.15
594811370,770487,61536717,228.52,1,2024-05-22,2024-05-25,Delivered,Credit Card,228.52,2024-05,May,2024,5,Electronics,Wireless Headphones,27.87,200.65
280639501,770487,91321540,23.46,2,2023-06-25,2023-06-30,Returned,Credit Card,46.92,2023-06,Jun,2023,6,Electronics,Wireless Headphones,27.87,-8.82
886808192,126225,47816686,91.04,5,2024-09-26,2024-09-27,Processing,Credit Card,455.20000000000005,2024-09,Sep,2024,9,Electronics,Bluetooth Speaker,22.88,340.80000000000007
953598460,216739,82269803,69.81,1,2023-07-17,2023-07-19,Delivered,Debit Card,69.81,2023-07,Jul,2023,7,Electronics,Smart Watch,36.99,32.82
478146284,216739,86384014,106.09,1,2024-10-29,2024-11-05,Delivered,Google Pay,106.09,2024-10,Oct,2024,10,Electronics,Smart Watch,36.99,69.1
281747678,719176,91363974,240.89,1,2023-10-18,2023-10-21,Delivered,Apple Pay,240.89,2023-10,Oct,2023,10,Home & Kitchen,Cast Iron Pan,90.67,150.21999999999997
250279322,207473,42016960,211.58,2,2024-07-27,2024-07-30,Processing,Debit Card,423.16,2024-07,Jul,2024,7,Clothing,Graphic Tee,66.43,290.3
873430762,671858,52169044,256.43,4,2023-06-16,2023-06-19,Delivered,Google Pay,1025.72,2023-06,Jun,2023,6,Home & Kitchen,Air Fryer,110.01,585.6800000000001
686849648,770487,79782527,224.71,2,2024-07-31,2024-08-06,Delivered,Debit Card,449.42,2024-07,Jul,2024,7,Electronics,Wireless Headphones,27.87,393.68
624325659,191161,59555330,56.88,5,2023-10-04,2023-10-05,Delivered,Apple Pay,284.40000000000003,2023-10,Oct,2023,10,Home & Kitchen,Coffee Maker,50.5,31.900000000000034
297619784,877572,35921441,188.28,1,2024-09-18,2024-09-23,Delivered,Debit Card,188.28,2024-09,Sep,2024,9,Electronics,USB-C Hub,46.28,142.0
682115008,877572,22534217,149.52,3,2023-07-22,2023-07-23,Processing,PayPal,448.56000000000006,2023-07,Jul,2023,7,Electronics,USB-C Hub,46.28,309.72
789137659,770487,91424737,234.7,3,2023-07-06,2023-07-11,Cancelled,Credit Card,704.0999999999999,2023-07,Jul,2023,7,Electronics,Wireless Headphones,27.87,620.4899999999999
163063063,877572,35511941,38.35,2,2024-09-29,2024-10-06,Delivered,Apple Pay,76.7,2024-09,Sep,2024,9,Electronics,USB-C Hub,46.28,-15.86
662581035,216739,98447167,77.3,4,2024-05-08,2024-05-11,Delivered,Apple Pay,309.2,2024-05,May,2024,5,Electronics,Smart Watch,36.99,161.23999999999998
136317983,191161,30509175,203.65,5,2023-11-23,2023-11-25,Cancelled,Apple Pay,1018.25,2023-11,Nov,2023,11,Home & Kitchen,Coffee Maker,50.5,765.75
179811669,216739,17318358,133.45,4,2023-01-27,2023-02-01,Returned,Debit Card,533.8,2023-01,Jan,2023,1,Electronics,Smart Watch,36.99,385.8399999999999
978316418,216739,51098277,101.46,2,2024-06-29,2024-07-02,Delivered,Credit Card,202.92,2024-06,Jun,2024,6,Electronics,Smart Watch,36.99,128.94
817490982,770487,70597444,76.77,3,2023-12-29,2024-01-04,Delivered,Credit Card,230.31,2023-12,Dec,2023,12,Electronics,Wireless Headphones,27.87,146.7
152091933,216739,18770247,178.74,1,2023-05-23,2023-05-24,Delivered,Debit Card,178.74,2023-05,May,2023,5,Electronics,Smart Watch,36.99,141.75
920702588,809570,85751409,276.01,4,2024-03-28,2024-04-01,Cancelled,Debit Card,1104.04,2024-03,Mar,2024,3,Clothing,Hoodie,111.42,658.3599999999999
106854580,388389,83863413,224.95,2,2024-01-19,2024-01-25,Delivered,Credit Card,449.9,2024-01,Jan,2024,1,Electronics,Laptop Stand,88.92,272.05999999999995
542802779,872246,11646234,241.38,3,2023-09-18,2023-09-24,Cancelled,Google Pay,724.14,2023-09,Sep,2023,9,Clothing,Denim Jeans,29.09,636.87
247630403,216739,91378577,233.77,4,2023-01-08,2023-01-11,Shipped,Credit Card,935.08,2023-01,Jan,2023,1,Electronics,Smart Watch,36.99,787.12
777210736,334053,67698610,288.87,2,2024-08-11,2024-08-13,Returned,Debit Card,577.74,2024-08,Aug,2024,8,Electronics,Webcam HD,13.0,551.74
348499712,207473,25353091,37.62,5,2024-03-16,2024-03-19,Delivered,Debit Card,188.1,2024-03,Mar,2024,3,Clothing,Graphic Tee,66.43,-144.05000000000004
172980019,356787,56970882,288.4,3,2024-11-12,2024-11-15,Delivered,Google Pay,865.1999999999999,2024-11,Nov,2024,11,Electronics,Mechanical Keyboard,38.72,749.04
859317542,356787,50308572,65.7,5,2024-06-23,2024-06-28,Delivered,PayPal,328.5,2024-06,Jun,2024,6,Electronics,Mechanical Keyboard,38.72,134.9
262166848,876646,54410148,238.67,1,2023-05-19,2023-05-23,Cancelled,Google Pay,238.67,2023-05,May,2023,5,Clothing,Cargo Shorts,8.69,229.98
109815572,216739,42655866,58.79,3,2024-08-21,2024-08-28,Delivered,PayPal,176.37,2024-08,Aug,2024,8,Electronics,Smart Watch,36.99,65.4
334848459,877572,78159587,60.05,3,2024-07-22,2024-07-24,Delivered,Credit Card,180.14999999999998,2024-07,Jul,2024,7,Electronics,USB-C Hub,46.28,41.309999999999974
643026584,877572,78159587,59.9,4,2023-11-04,2023-11-08,Delivered,Google Pay,239.6,2023-11,Nov,2023,11,Electronics,USB-C Hub,46.28,54.47999999999999
589636644,216739,64549859,256.8,2,2023-01-14,2023-01-15,Returned,Debit Card,513.6,2023-01,Jan,2023,1,Electronics,Smart Watch,36.99,439.62
500721199,877572,75151231,176.28,5,2023-10-22,2023-10-27,Delivered,Credit Card,881.4,2023-10,Oct,2023,10,Electronics,USB-C Hub,46.28,650.0
164907817,207473,36096655,251.12,4,2024-02-08,2024-02-10,Delivered,Debit Card,1004.48,2024-02,Feb,2024,2,Clothing,Graphic Tee,66.43,738.76
763395529,126225,35511941,114.77,2,2023-02-23,2023-02-28,Delivered,Credit Card,229.54,2023-02,Feb,2023,2,Electronics,Bluetooth Speaker,22.88,183.78
784755860,246316,75575808,217.97,5,2023-02-10,2023-02-11,Delivered,Credit Card,1089.85,2023-02,Feb,2023,2,Clothing,Running Jacket,48.71,846.3
815922437,876646,60372847,117.5,2,2023-08-13,2023-08-15,Processing,Google Pay,235.0,2023-08,Aug,2023,8,Clothing,Cargo Shorts,8.69,217.62
761982621,126225,41473195,285.38,2,2023-04-06,2023-04-07,Shipped,Credit Card,570.76,2023-04,Apr,2023,4,Electronics,Bluetooth Speaker,22.88,525.0
618836510,770487,53936531,150.89,1,2023-05-28,2023-06-01,Delivered,Apple Pay,150.89,2023-05,May,2023,5,Electronics,Wireless Headphones,27.87,123.01999999999998
807901168,388389,47111151,253.75,4,2024-03-04,2024-03-11,Shipped,Debit Card,1015.0,2024-03,Mar,2024,3,Electronics,Laptop Stand,88.92,659.3199999999999
623829662,126225,70897765,104.4,4,2023-01-16,2023-01-21,Delivered,Debit Card,417.6,2023-01,Jan,2023,1,Electronics,Bluetooth Speaker,22.88,326.08000000000004
116891857,388389,77750178,52.51,2,2024-03-11,2024-03-17,Cancelled,Credit Card,105.02,2024-03,Mar,2024,3,Electronics,Laptop Stand,88.92,-72.82000000000001
107099962,877572,96637649,13.59,5,2024-02-25,2024-02-26,Delivered,PayPal,67.95,2024-02,Feb,2024,2,Electronics,USB-C Hub,46.28,-163.45
671458801,877572,31367172,217.46,4,2023-05-21,2023-05-23,Delivered,PayPal,869.84,2023-05,May,2023,5,Electronics,USB-C Hub,46.28,684.72
692322761,719176,81979055,61.81,4,2023-07-21,2023-07-25,Cancelled,Apple Pay,247.24,2023-07,Jul,2023,7,Home & Kitchen,Cast Iron Pan,90.67,-115.44
541671360,877572,37888820,259.0,2,2023-02-02,2023-02-06,Returned,PayPal,518.0,2023-02,Feb,2023,2,Electronics,USB-C Hub,46.28,425.44
112724887,770487,15354599,30.13,3,2024-03-14,2024-03-21,Returned,PayPal,90.39,2024-03,Mar,2024,3,Electronics,Wireless Headphones,27.87,6.780000000000001
117959560,216739,89920257,252.4,4,2023-01-21,2023-01-22,Processing,Google Pay,1009.6,2023-01,Jan,2023,1,Electronics,Smart Watch,36.99,861.64
668457864,126225,81690398,265.83,3,2023-07-07,2023-07-08,Processing,Debit Card,797.49,2023-07,Jul,2023,7,Electronics,Bluetooth Speaker,22.88,728.85
875448533,126225,17901903,73.51,3,2024-05-23,2024-05-25,Shipped,PayPal,220.53000000000003,2024-05,May,2024,5,Electronics,Bluetooth Speaker,22.88,151.89000000000004
395000621,877572,51870192,175.37,1,2023-09-19,2023-09-23,Delivered,PayPal,175.37,2023-09,Sep,2023,9,Electronics,USB-C Hub,46.28,129.09
675244407,126225,67556566,254.19,2,2023-08-19,2023-08-23,Shipped,Google Pay,508.38,2023-08,Aug,2023,8,Electronics,Bluetooth Speaker,22.88,462.62
407829477,877572,19121552,135.81,3,2023-07-22,2023-07-27,Delivered,Credit Card,407.43,2023-07,Jul,2023,7,Electronics,USB-C Hub,46.28,268.59000000000003
118406723,770487,84437458,107.78,3,2024-05-27,2024-06-03,Shipped,PayPal,323.34000000000003,2024-05,May,2024,5,Electronics,Wireless Headphones,27.87,239.73000000000002
639250352,126225,84252420,181.08,1,2023-11-25,2023-12-02,Returned,Credit Card,181.08,2023-11,Nov,2023,11,Electronics,Bluetooth Speaker,22.88,158.20000000000002
973120912,207473,64707061,85.93,4,2024-06-30,2024-07-01,Delivered,PayPal,343.72,2024-06,Jun,2024,6,Clothing,Graphic Tee,66.43,78.0
849320474,246316,44675473,37.21,2,2024-02-25,2024-03-02,Shipped,Google Pay,74.42,2024-02,Feb,2024,2,Clothing,Running Jacket,48.71,-23.0
823737375,719176,51373735,24.85,4,2023-08-06,2023-08-10,Delivered,Google Pay,99.4,2023-08,Aug,2023,8,Home & Kitchen,Cast Iron Pan,90.67,-263.28
562324458,671858,75876924,84.35,4,2023-12-26,2023-12-30,Returned,Apple Pay,337.4,2023-12,Dec,2023,12,Home & Kitchen,Air Fryer,110.01,-102.64000000000004
965615974,126225,69295515,170.49,1,2023-08-28,2023-09-01,Delivered,PayPal,170.49,2023-08,Aug,2023,8,Electronics,Bluetooth Speaker,22.88,147.61
292486308,719176,13637575,160.07,5,2024-01-17,2024-01-24,Processing,Credit Card,800.3499999999999,2024-01,Jan,2024,1,Home & Kitchen,Cast Iron Pan,90.67,346.9999999999999
214908010,877572,50569669,254.5,1,2023-06-20,2023-06-25,Returned,Google Pay,254.5,2023-06,Jun,2023,6,Electronics,USB-C Hub,46.28,208.22
203416251,877572,73900135,15.92,2,2024-07-29,2024-08-02,Delivered,Apple Pay,31.84,2024-07,Jul,2024,7,Electronics,USB-C Hub,46.28,-60.72
663054538,671858,58718453,76.08,2,2023-12-12,2023-12-13,Shipped,PayPal,152.16,2023-12,Dec,2023,12,Home & Kitchen,Air Fryer,110.01,-67.86000000000001
259877461,719176,32151928,17.83,4,2023-09-09,2023-09-11,Cancelled,Apple Pay,71.32,2023-09,Sep,2023,9,Home & Kitchen,Cast Iron Pan,90.67,-291.36
358738317,877572,41039390,267.41,1,2024-12-18,2024-12-25,Processing,Debit Card,267.41,2024-12,Dec,2024,12,Electronics,USB-C Hub,46.28,221.13000000000002
306085476,126225,63640499,147.85,5,2024-02-25,2024-03-03,Cancelled,PayPal,739.25,2024-02,Feb,2024,2,Electronics,Bluetooth Speaker,22.88,624.85
765484610,770487,41068214,157.33,5,2024-06-08,2024-06-12,Shipped,PayPal,786.6500000000001,2024-06,Jun,2024,6,Electronics,Wireless Headphones,27.87,647.3000000000001
665277813,877572,45630292,244.41,1,2024-11-23,2024-11-28,Shipped,Apple Pay,244.41,2024-11,Nov,2024,11,Electronics,USB-C Hub,46.28,198.13
371031968,877572,93370583,245.82,5,2023-11-08,2023-11-14,Cancelled,Google Pay,1229.1,2023-11,Nov,2023,11,Electronics,USB-C Hub,46.28,997.6999999999999
975329786,191161,98641164,16.97,3,2024-05-08,2024-05-12,Returned,PayPal,50.91,2024-05,May,2024,5,Home & Kitchen,Coffee Maker,50.5,-100.59
480578233,126225,87669750,250.24,4,2023-05-22,2023-05-24,Delivered,PayPal,1000.96,2023-05,May,2023,5,Electronics,Bluetooth Speaker,22.88,909.44
387037751,809570,29806690,32.54,4,2024-12-17,2024-12-24,Cancelled,Apple Pay,130.16,2024-12,Dec,2024,12,Clothing,Hoodie,111.42,-315.52
953556386,770487,85563727,27.74,1,2023-07-11,2023-07-18,Shipped,Debit Card,27.74,2023-07,Jul,2023,7,Electronics,Wireless Headphones,27.87,-0.13000000000000256
526164289,207473,26194158,65.57,5,2023-01-16,2023-01-20,Processing,Debit Card,327.84999999999997,2023-01,Jan,2023,1,Clothing,Graphic Tee,66.43,-4.300000000000068
184846271,671858,46023439,298.6,5,2023-03-24,2023-03-30,Delivered,Apple Pay,1493.0,2023-03,Mar,2023,3,Home & Kitchen,Air Fryer,110.01,942.9499999999999
500561082,216739,61536717,290.06,2,2024-12-20,2024-12-23,Returned,Debit Card,580.12,2024-12,Dec,2024,12,Electronics,Smart Watch,36.99,506.14
535968611,770487,60885459,250.82,5,2024-03-09,2024-03-16,Delivered,Debit Card,1254.1,2024-03,Mar,2024,3,Electronics,Wireless Headphones,27.87,1114.75
592845076,334053,82772208,218.2,5,2023-01-31,2023-02-02,Processing,Debit Card,1091.0,2023-01,Jan,2023,1,Electronics,Webcam HD,13.0,1026.0
706666479,216739,45059710,296.96,5,2023-11-06,2023-11-12,Cancelled,Credit Card,1484.8,2023-11,Nov,2023,11,Electronics,Smart Watch,36.99,1299.85
361142486,877572,73709724,183.65,1,2023-01-28,2023-02-01,Processing,PayPal,183.65,2023-01,Jan,2023,1,Electronics,USB-C Hub,46.28,137.37
848651792,191161,44999379,84.94,5,2023-01-03,2023-01-06,Processing,Debit Card,424.7,2023-01,Jan,2023,1,Home & Kitchen,Coffee Maker,50.5,172.2
342512383,126225,42655866,25.74,2,2023-09-09,2023-09-16,Returned,Credit Card,51.48,2023-09,Sep,2023,9,Electronics,Bluetooth Speaker,22.88,5.719999999999999
422095317,246316,55540424,155.57,1,2024-02-29,2024-03-04,Shipped,Apple Pay,155.57,2024-02,Feb,2024,2,Clothing,Running Jacket,48.71,106.85999999999999
834484102,216739,52352128,266.07,5,2023-04-27,2023-04-30,Processing,Credit Card,1330.35,2023-04,Apr,2023,4,Electronics,Smart Watch,36.99,1145.3999999999999
989124880,126225,48668783,200.86,5,2024-08-17,2024-08-23,Delivered,PayPal,1004.3000000000001,2024-08,Aug,2024,8,Electronics,Bluetooth Speaker,22.88,889.9000000000001
186561759,877572,19553585,148.02,5,2023-02-17,2023-02-18,Delivered,Apple Pay,740.1,2023-02,Feb,2023,2,Electronics,USB-C Hub,46.28,508.70000000000005
801943382,877572,83793389,158.81,5,2023-07-28,2023-07-29,Delivered,Google Pay,794.05,2023-07,Jul,2023,7,Electronics,USB-C Hub,46.28,562.65
797818850,809570,40158366,126.6,5,2024-04-10,2024-04-12,Delivered,Google Pay,633.0,2024-04,Apr,2024,4,Clothing,Hoodie,111.42,75.89999999999998
915599098,334053,96691619,96.74,5,2023-10-31,2023-11-07,Delivered,Credit Card,483.7,2023-10,Oct,2023,10,Electronics,Webcam HD,13.0,418.7
134020981,809570,94120751,157.21,5,2023-05-31,2023-06-05,Delivered,Google Pay,786.0500000000001,2023-05,May,2023,5,Clothing,Hoodie,111.42,228.95000000000005
200395400,126225,82498004,35.75,4,2024-10-08,2024-10-11,Processing,Credit Card,143.0,2024-10,Oct,2024,10,Electronics,Bluetooth Speaker,22.88,51.480000000000004
535164258,334053,47111151,183.94,4,2023-04-26,2023-05-02,Returned,Credit Card,735.76,2023-04,Apr,2023,4,Electronics,Webcam HD,13.0,683.76
507231644,126225,36726767,14.5,1,2024-02-06,2024-02-08,Processing,Debit Card,14.5,2024-02,Feb,2024,2,Electronics,Bluetooth Speaker,22.88,-8.379999999999999
504982743,770487,75041510,229.64,2,2023-02-28,2023-03-06,Shipped,Debit Card,459.28,2023-02,Feb,2023,2,Electronics,Wireless Headphones,27.87,403.53999999999996
693458652,809570,25015458,73.31,5,2023-10-15,2023-10-18,Shipped,Debit Card,366.55,2023-10,Oct,2023,10,Clothing,Hoodie,111.42,-190.55
611106584,877572,24972279,13.17,3,2023-03-25,2023-03-27,Returned,Debit Card,39.51,2023-03,Mar,2023,3,Electronics,USB-C Hub,46.28,-99.33000000000001
160252954,126225,42787299,15.37,1,2024-02-22,2024-02-27,Delivered,Debit Card,15.37,2024-02,Feb,2024,2,Electronics,Bluetooth Speaker,22.88,-7.51
783703040,770487,21003626,175.25,4,2024-07-18,2024-07-21,Returned,Credit Card,701.0,2024-07,Jul,2024,7,Electronics,Wireless Headphones,27.87,589.52
110147040,877572,42255732,48.23,3,2024-04-04,2024-04-05,Delivered,Apple Pay,144.69,2024-04,Apr,2024,4,Electronics,USB-C Hub,46.28,5.849999999999994
854674236,126225,19289546,74.46,4,2023-12-27,2023-12-30,Delivered,Google Pay,297.84,2023-12,Dec,2023,12,Electronics,Bluetooth Speaker,22.88,206.32
284021712,877572,27084279,14.71,2,2023-10-13,2023-10-19,Returned,Apple Pay,29.42,2023-10,Oct,2023,10,Electronics,USB-C Hub,46.28,-63.14
188783547,191161,72732043,44.46,5,2024-07-13,2024-07-15,Shipped,Apple Pay,222.3,2024-07,Jul,2024,7,Home & Kitchen,Coffee Maker,50.5,-30.19999999999999
636718857,877572,58942697,129.21,2,2024-12-30,2025-01-03,Delivered,Debit Card,258.42,2024-12,Dec,2024,12,Electronics,USB-C Hub,46.28,165.86
565906941,877572,41473195,191.22,5,2024-09-10,2024-09-17,Shipped,PayPal,956.1,2024-09,Sep,2024,9,Electronics,USB-C Hub,46.28,724.7
792463878,126225,23676961,246.8,2,2023-11-14,2023-11-19,Delivered,Credit Card,493.6,2023-11,Nov,2023,11,Electronics,Bluetooth Speaker,22.88,447.84000000000003
942217648,877572,66267415,173.46,2,2023-06-19,2023-06-23,Delivered,Apple Pay,346.92,2023-06,Jun,2023,6,Electronics,USB-C Hub,46.28,254.36
455699119,877572,51746937,61.3,3,2024-08-20,2024-08-24,Shipped,Google Pay,183.89999999999998,2024-08,Aug,2024,8,Electronics,USB-C Hub,46.28,45.059999999999974
707583925,207473,58612055,54.74,5,2024-11-04,2024-11-11,Returned,Google Pay,273.7,2024-11,Nov,2024,11,Clothing,Graphic Tee,66.43,-58.450000000000045
202393989,877572,93115778,144.55,4,2024-07-23,2024-07-28,Shipped,Google Pay,578.2,2024-07,Jul,2024,7,Electronics,USB-C Hub,46.28,393.08000000000004
667106600,877572,45351479,81.64,5,2023-11-05,2023-11-06,Delivered,Credit Card,408.2,2023-11,Nov,2023,11,Electronics,USB-C Hub,46.28,176.79999999999998
145689604,872246,47135391,81.63,3,2024-09-14,2024-09-21,Delivered,Google Pay,244.89,2024-09,Sep,2024,9,Clothing,Denim Jeans,29.09,157.62
346709900,872246,10359129,54.87,2,2024-09-05,2024-09-06,Shipped,Credit Card,109.74,2024-09,Sep,2024,9,Clothing,Denim Jeans,29.09,51.559999999999995
327007332,770487,31810617,199.18,4,2023-11-01,2023-11-02,Shipped,Debit Card,796.72,2023-11,Nov,2023,11,Electronics,Wireless Headphones,27.87,685.24
843338269,191161,50987442,98.43,2,2023-03-10,2023-03-17,Returned,Credit Card,196.86,2023-03,Mar,2023,3,Home & Kitchen,Coffee Maker,50.5,95.86000000000001
708579840,770487,48250360,14.83,5,2023-11-04,2023-11-05,Returned,Google Pay,74.15,2023-11,Nov,2023,11,Electronics,Wireless Headphones,27.87,-65.19999999999999
610564546,877572,22517517,187.73,4,2023-02-03,2023-02-08,Cancelled,PayPal,750.92,2023-02,Feb,2023,2,Electronics,USB-C Hub,46.28,565.8
391086098,191161,43308443,237.9,2,2023-06-13,2023-06-19,Delivered,Credit Card,475.8,2023-06,Jun,2023,6,Home & Kitchen,Coffee Maker,50.5,374.8
149995533,356787,87049595,26.12,2,2024-10-26,2024-10-28,Delivered,PayPal,52.24,2024-10,Oct,2024,10,Electronics,Mechanical Keyboard,38.72,-25.199999999999996
179830621,877572,67062156,283.29,1,2024-03-14,2024-03-19,Processing,PayPal,283.29,2024-03,Mar,2024,3,Electronics,USB-C Hub,46.28,237.01000000000002
834899763,872246,54988206,282.64,5,2023-05-09,2023-05-14,Returned,Credit Card,1413.1999999999998,2023-05,May,2023,5,Clothing,Denim Jeans,29.09,1267.7499999999998
401048226,809570,66431351,48.19,1,2024-02-16,2024-02-21,Delivered,Apple Pay,48.19,2024-02,Feb,2024,2,Clothing,Hoodie,111.42,-63.230000000000004
683074772,770487,31361812,128.61,5,2024-09-22,2024-09-26,Shipped,Google Pay,643.0500000000001,2024-09,Sep,2024,9,Electronics,Wireless Headphones,27.87,503.70000000000005
705064109,356787,35487660,196.16,3,2024-10-29,2024-11-04,Returned,Credit Card,588.48,2024-10,Oct,2024,10,Electronics,Mechanical Keyboard,38.72,472.32000000000005
806639422,126225,10791358,216.13,3,2023-09-21,2023-09-22,Delivered,Credit Card,648.39,2023-09,Sep,2023,9,Electronics,Bluetooth Speaker,22.88,579.75
135328023,126225,40150759,25.02,4,2023-04-10,2023-04-11,Shipped,Debit Card,100.08,2023-04,Apr,2023,4,Electronics,Bluetooth Speaker,22.88,8.560000000000002
292580427,877572,58884978,131.51,5,2023-03-05,2023-03-07,Returned,Debit Card,657.55,2023-03,Mar,2023,3,Electronics,USB-C Hub,46.28,426.15
437675369,126225,42730796,219.44,5,2024-08-20,2024-08-25,Delivered,Google Pay,1097.2,2024-08,Aug,2024,8,Electronics,Bluetooth Speaker,22.88,982.8000000000001
116812751,877572,21496211,222.2,3,2023-07-14,2023-07-17,Returned,PayPal,666.5999999999999,2023-07,Jul,2023,7,Electronics,USB-C Hub,46.28,527.7599999999999
322434334,388389,93303777,10.01,3,2024-07-17,2024-07-22,Shipped,Apple Pay,30.03,2024-07,Jul,2024,7,Electronics,Laptop Stand,88.92,-236.73
730325223,770487,47346970,47.3,2,2024-03-01,2024-03-08,Delivered,Credit Card,94.6,2024-03,Mar,2024,3,Electronics,Wireless Headphones,27.87,38.85999999999999
254824511,719176,55657579,146.42,3,2024-12-09,2024-12-16,Delivered,Google Pay,439.26,2024-12,Dec,2024,12,Home & Kitchen,Cast Iron Pan,90.67,167.25
907727084,216739,76344695,171.63,3,2023-02-04,2023-02-10,Delivered,Apple Pay,514.89,2023-02,Feb,2023,2,Electronics,Smart Watch,36.99,403.91999999999996
981209973,216739,73123515,32.74,3,2024-08-30,2024-09-02,Shipped,Debit Card,98.22,2024-08,Aug,2024,8,Electronics,Smart Watch,36.99,-12.75
865268035,770487,25353091,10.41,3,2023-12-29,2024-01-03,Processing,Credit Card,31.23,2023-12,Dec,2023,12,Electronics,Wireless Headphones,27.87,-52.379999999999995
981437228,876646,73481353,141.04,3,2023-11-25,2023-12-02,Cancelled,Google Pay,423.12,2023-11,Nov,2023,11,Clothing,Cargo Shorts,8.69,397.05
527667092,334053,22388090,43.91,4,2024-09-08,2024-09-14,Delivered,Apple Pay,175.64,2024-09,Sep,2024,9,Electronics,Webcam HD,13.0,123.63999999999999
182611003,191161,45575298,180.46,1,2023-10-19,2023-10-20,Cancelled,PayPal,180.46,2023-10,Oct,2023,10,Home & Kitchen,Coffee Maker,50.5,129.96
421346113,356787,70211891,295.56,2,2024-07-06,2024-07-09,Processing,Google Pay,591.12,2024-07,Jul,2024,7,Electronics,Mechanical Keyboard,38.72,513.6800000000001
274429624,770487,34850391,120.95,2,2023-08-03,2023-08-08,Returned,Credit Card,241.9,2023-08,Aug,2023,8,Electronics,Wireless Headphones,27.87,186.16
705545509,877572,97260863,208.49,3,2024-07-21,2024-07-25,Cancelled,Credit Card,625.47,2024-07,Jul,2024,7,Electronics,USB-C Hub,46.28,486.63
358205053,809570,82399599,123.6,2,2023-01-13,2023-01-15,Processing,PayPal,247.2,2023-01,Jan,2023,1,Clothing,Hoodie,111.42,24.359999999999985
708485104,216739,67698610,136.82,5,2023-10-17,2023-10-23,Delivered,Debit Card,684.0999999999999,2023-10,Oct,2023,10,Electronics,Smart Watch,36.99,499.14999999999986
996199211,877572,22517517,280.43,5,2023-07-24,2023-07-25,Shipped,PayPal,1402.15,2023-07,Jul,2023,7,Electronics,USB-C Hub,46.28,1170.75
517853724,388389,75181765,231.0,4,2024-06-03,2024-06-04,Shipped,Credit Card,924.0,2024-06,Jun,2024,6,Electronics,Laptop Stand,88.92,568.3199999999999
826960759,872246,68450095,297.79,1,2024-07-25,2024-07-29,Processing,Debit Card,297.79,2024-07,Jul,2024,7,Clothing,Denim Jeans,29.09,268.70000000000005
680424495,770487,34744872,212.78,1,2023-05-01,2023-05-06,Processing,PayPal,212.78,2023-05,May,2023,5,Electronics,Wireless Headphones,27.87,184.91
456192204,770487,71367643,274.03,4,2024-11-28,2024-12-05,Shipped,Credit Card,1096.12,2024-11,Nov,2024,11,Electronics,Wireless Headphones,27.87,984.6399999999999
512151733,126225,30452412,23.63,2,2023-12-13,2023-12-18,Returned,Apple Pay,47.26,2023-12,Dec,2023,12,Electronics,Bluetooth Speaker,22.88,1.5
911329267,770487,55540424,126.94,3,2024-08-31,2024-09-06,Shipped,Debit Card,380.82,2024-08,Aug,2024,8,Electronics,Wireless Headphones,27.87,297.21
894295332,216739,58612055,12.02,4,2024-04-26,2024-05-02,Delivered,PayPal,48.08,2024-04,Apr,2024,4,Electronics,Smart Watch,36.99,-99.88000000000001
250270803,877572,17195288,26.43,5,2024-12-15,2024-12-22,Cancelled,Debit Card,132.15,2024-12,Dec,2024,12,Electronics,USB-C Hub,46.28,-99.25
948790854,719176,27566185,227.7,3,2023-03-23,2023-03-27,Shipped,Credit Card,683.0999999999999,2023-03,Mar,2023,3,Home & Kitchen,Cast Iron Pan,90.67,411.0899999999999
840141559,191161,25521714,88.96,4,2023-09-07,2023-09-12,Returned,Apple Pay,355.84,2023-09,Sep,2023,9,Home & Kitchen,Coffee Maker,50.5,153.83999999999997
877564713,877572,89795010,213.9,5,2023-09-12,2023-09-15,Shipped,Credit Card,1069.5,2023-09,Sep,2023,9,Electronics,USB-C Hub,46.28,838.1
184211091,770487,38688676,224.55,3,2024-01-29,2024-01-30,Delivered,Debit Card,673.6500000000001,2024-01,Jan,2024,1,Electronics,Wireless Headphones,27.87,590.0400000000001
637722224,356787,26941092,72.65,4,2024-04-04,2024-04-05,Processing,Apple Pay,290.6,2024-04,Apr,2024,4,Electronics,Mechanical Keyboard,38.72,135.72000000000003
900427880,770487,32775593,124.9,2,2023-08-31,2023-09-01,Shipped,Credit Card,249.8,2023-08,Aug,2023,8,Electronics,Wireless Headphones,27.87,194.06
471363809,770487,75575808,87.12,1,2024-10-10,2024-10-14,Processing,Google Pay,87.12,2024-10,Oct,2024,10,Electronics,Wireless Headphones,27.87,59.25
157656107,216739,15512205,44.29,2,2023-02-14,2023-02-19,Delivered,Debit Card,88.58,2023-02,Feb,2023,2,Electronics,Smart Watch,36.99,14.599999999999994
204889313,126225,64547971,86.05,2,2023-01-24,2023-01-29,Cancelled,Debit Card,172.1,2023-01,Jan,2023,1,Electronics,Bluetooth Speaker,22.88,126.34
569319938,671858,20896797,145.56,5,2024-01-15,2024-01-20,Delivered,Debit Card,727.8,2024-01,Jan,2024,1,Home & Kitchen,Air Fryer,110.01,177.7499999999999
349262723,216739,73509974,190.74,5,2023-02-12,2023-02-13,Shipped,Credit Card,953.7,2023-02,Feb,2023,2,Electronics,Smart Watch,36.99,768.75
181623972,126225,41473195,284.77,3,2023-12-24,2023-12-31,Cancelled,PayPal,854.31,2023-12,Dec,2023,12,Electronics,Bluetooth Speaker,22.88,785.67
465708674,388389,53622663,22.7,3,2024-08-27,2024-08-29,Cancelled,Google Pay,68.1,2024-08,Aug,2024,8,Electronics,Laptop Stand,88.92,-198.66
749794986,126225,45630292,36.25,5,2023-08-19,2023-08-24,Delivered,Google Pay,181.25,2023-08,Aug,2023,8,Electronics,Bluetooth Speaker,22.88,66.85000000000001
925713533,216739,55799273,192.47,5,2024-02-03,2024-02-06,Delivered,PayPal,962.35,2024-02,Feb,2024,2,Electronics,Smart Watch,36.99,777.4
759132774,719176,23796726,294.29,2,2023-12-05,2023-12-09,Returned,Debit Card,588.58,2023-12,Dec,2023,12,Home & Kitchen,Cast Iron Pan,90.67,407.24
739529933,207473,99245317,153.05,4,2023-06-02,2023-06-03,Delivered,PayPal,612.2,2023-06,Jun,2023,6,Clothing,Graphic Tee,66.43,346.48
525956648,876646,45351479,128.42,4,2023-08-29,2023-09-05,Returned,Debit Card,513.68,2023-08,Aug,2023,8,Clothing,Cargo Shorts,8.69,478.91999999999996
930598266,388389,75579548,95.93,2,2024-04-03,2024-04-04,Returned,Apple Pay,191.86,2024-04,Apr,2024,4,Electronics,Laptop Stand,88.92,14.02000000000001
450444259,719176,24282218,112.45,1,2023-05-15,2023-05-17,Delivered,Google Pay,112.45,2023-05,May,2023,5,Home & Kitchen,Cast Iron Pan,90.67,21.78
131810311,126225,50264926,29.67,2,2024-11-28,2024-11-29,Cancelled,Credit Card,59.34,2024-11,Nov,2024,11,Electronics,Bluetooth Speaker,22.88,13.580000000000005
780884334,334053,42614537,25.64,5,2023-11-20,2023-11-24,Shipped,Google Pay,128.2,2023-11,Nov,2023,11,Electronics,Webcam HD,13.0,63.19999999999999
393482659,216739,27558317,70.65,5,2023-11-06,2023-11-07,Delivered,PayPal,353.25,2023-11,Nov,2023,11,Electronics,Smart Watch,36.99,168.29999999999998
941328406,246316,36998038,290.89,3,2024-12-27,2024-12-31,Delivered,Credit Card,872.67,2024-12,Dec,2024,12,Clothing,Running Jacket,48.71,726.54
583774585,809570,34084236,25.77,4,2024-04-23,2024-04-28,Delivered,Google Pay,103.08,2024-04,Apr,2024,4,Clothing,Hoodie,111.42,-342.6
626781451,719176,31079846,194.79,5,2024-10-20,2024-10-25,Shipped,Apple Pay,973.9499999999999,2024-10,Oct,2024,10,Home & Kitchen,Cast Iron Pan,90.67,520.5999999999999
344961731,876646,74119726,72.28,3,2024-02-19,2024-02-24,Shipped,Credit Card,216.84,2024-02,Feb,2024,2,Clothing,Cargo Shorts,8.69,190.77
482049366,126225,69118721,86.5,5,2024-09-13,2024-09-17,Shipped,Apple Pay,432.5,2024-09,Sep,2024,9,Electronics,Bluetooth Speaker,22.88,318.1
693819730,872246,86384014,24.25,2,2024-12-04,2024-12-08,Delivered,Apple Pay,48.5,2024-12,Dec,2024,12,Clothing,Denim Jeans,29.09,-9.68
503111666,191161,21432787,86.94,1,2023-04-01,2023-04-06,Returned,Credit Card,86.94,2023-04,Apr,2023,4,Home & Kitchen,Coffee Maker,50.5,36.44
563693201,770487,71705170,151.76,2,2024-01-04,2024-01-08,Delivered,Debit Card,303.52,2024-01,Jan,2024,1,Electronics,Wireless Headphones,27.87,247.77999999999997
299434489,876646,26989677,237.97,2,2024-05-05,2024-05-07,Delivered,Google Pay,475.94,2024-05,May,2024,5,Clothing,Cargo Shorts,8.69,458.56
829816799,191161,69302158,261.88,2,2023-02-10,2023-02-12,Delivered,Debit Card,523.76,2023-02,Feb,2023,2,Home & Kitchen,Coffee Maker,50.5,422.76
729078621,877572,69038700,259.24,2,2024-01-21,2024-01-26,Delivered,Debit Card,518.48,2024-01,Jan,2024,1,Electronics,USB-C Hub,46.28,425.92
809391059,246316,46553958,56.23,5,2024-09-28,2024-10-04,Returned,PayPal,281.15,2024-09,Sep,2024,9,Clothing,Running Jacket,48.71,37.599999999999966
508099975,216739,91178885,16.28,1,2024-12-03,2024-12-05,Delivered,Credit Card,16.28,2024-12,Dec,2024,12,Electronics,Smart Watch,36.99,-20.71
192013357,216739,52462441,241.52,5,2023-08-22,2023-08-29,Delivered,PayPal,1207.6000000000001,2023-08,Aug,2023,8,Electronics,Smart Watch,36.99,1022.6500000000001
929108437,126225,66240084,185.34,5,2024-11-06,2024-11-07,Delivered,Google Pay,926.7,2024-11,Nov,2024,11,Electronics,Bluetooth Speaker,22.88,812.3000000000001
764233758,770487,37760841,103.1,1,2023-12-06,2023-12-13,Delivered,PayPal,103.1,2023-12,Dec,2023,12,Electronics,Wireless Headphones,27.87,75.22999999999999
417161302,877572,51837852,136.55,5,2024-03-29,2024-04-01,Processing,Credit Card,682.75,2024-03,Mar,2024,3,Electronics,USB-C Hub,46.28,451.35
956905222,877572,50603163,11.09,4,2023-05-08,2023-05-09,Returned,PayPal,44.36,2023-05,May,2023,5,Electronics,USB-C Hub,46.28,-140.76
364623437,216739,66267415,220.15,2,2024-03-18,2024-03-24,Delivered,Apple Pay,440.3,2024-03,Mar,2024,3,Electronics,Smart Watch,36.99,366.32
865694462,246316,31172421,130.1,5,2023-07-28,2023-07-29,Cancelled,Credit Card,650.5,2023-07,Jul,2023,7,Clothing,Running Jacket,48.71,406.95
178927201,334053,45810056,278.39,4,2024-05-04,2024-05-05,Delivered,Debit Card,1113.56,2024-05,May,2024,5,Electronics,Webcam HD,13.0,1061.56
188087644,216739,10054484,188.16,2,2023-02-05,2023-02-08,Processing,Google Pay,376.32,2023-02,Feb,2023,2,Electronics,Smart Watch,36.99,302.34
387732777,126225,41944441,147.14,3,2023-02-08,2023-02-14,Cancelled,Credit Card,441.41999999999996,2023-02,Feb,2023,2,Electronics,Bluetooth Speaker,22.88,372.78
265593497,126225,88183110,197.91,4,2023-01-19,2023-01-25,Shipped,PayPal,791.64,2023-01,Jan,2023,1,Electronics,Bluetooth Speaker,22.88,700.12
508021882,877572,63640499,175.05,1,2023-05-22,2023-05-25,Returned,Apple Pay,175.05,2023-05,May,2023,5,Electronics,USB-C Hub,46.28,128.77
864157523,770487,77834855,65.35,5,2024-12-24,2024-12-28,Cancelled,PayPal,326.75,2024-12,Dec,2024,12,Electronics,Wireless Headphones,27.87,187.4
941695782,809570,51663795,221.38,3,2023-09-26,2023-09-30,Processing,Apple Pay,664.14,2023-09,Sep,2023,9,Clothing,Hoodie,111.42,329.88
780645895,877572,64549859,40.29,2,2024-08-23,2024-08-25,Processing,Google Pay,80.58,2024-08,Aug,2024,8,Electronics,USB-C Hub,46.28,-11.980000000000004
265653546,809570,60372847,90.55,5,2024-07-08,2024-07-14,Returned,Credit Card,452.75,2024-07,Jul,2024,7,Clothing,Hoodie,111.42,-104.35000000000002
894198823,388389,75884623,19.96,5,2024-06-02,2024-06-06,Delivered,PayPal,99.80000000000001,2024-06,Jun,2024,6,Electronics,Laptop Stand,88.92,-344.8
518353415,770487,66379329,201.92,2,2024-12-20,2024-12-27,Returned,Apple Pay,403.84,2024-12,Dec,2024,12,Electronics,Wireless Headphones,27.87,348.09999999999997
440030663,671858,99913412,48.21,2,2023-08-10,2023-08-12,Processing,PayPal,96.42,2023-08,Aug,2023,8,Home & Kitchen,Air Fryer,110.01,-123.60000000000001
487298927,216739,67854710,168.93,5,2023-06-10,2023-06-16,Returned,Credit Card,844.6500000000001,2023-06,Jun,2023,6,Electronics,Smart Watch,36.99,659.7
214408183,809570,65177213,93.6,3,2023-12-04,2023-12-09,Delivered,PayPal,280.79999999999995,2023-12,Dec,2023,12,Clothing,Hoodie,111.42,-53.460000000000036
198269319,770487,93131979,136.7,2,2024-12-02,2024-12-06,Delivered,Debit Card,273.4,2024-12,Dec,2024,12,Electronics,Wireless Headphones,27.87,217.65999999999997
105578324,191161,71028710,282.31,3,2024-12-21,2024-12-24,Delivered,Debit Card,846.9300000000001,2024-12,Dec,2024,12,Home & Kitchen,Coffee Maker,50.5,695.4300000000001
430999662,877572,50987442,152.58,5,2024-05-31,2024-06-06,Returned,Google Pay,762.9000000000001,2024-05,May,2024,5,Electronics,USB-C Hub,46.28,531.5000000000001
577531502,216739,93370583,196.45,4,2024-04-06,2024-04-11,Delivered,PayPal,785.8,2024-04,Apr,2024,4,Electronics,Smart Watch,36.99,637.8399999999999
486458467,809570,33763566,161.42,4,2023-03-11,2023-03-15,Cancelled,Credit Card,645.68,2023-03,Mar,2023,3,Clothing,Hoodie,111.42,199.99999999999994
917489574,126225,63238057,126.23,4,2024-10-19,2024-10-22,Cancelled,Google Pay,504.92,2024-10,Oct,2024,10,Electronics,Bluetooth Speaker,22.88,413.40000000000003
389659515,207473,84158663,228.37,3,2024-02-05,2024-02-06,Processing,Apple Pay,685.11,2024-02,Feb,2024,2,Clothing,Graphic Tee,66.43,485.82
209770151,809570,59555330,241.06,2,2024-08-03,2024-08-10,Cancelled,Google Pay,482.12,2024-08,Aug,2024,8,Clothing,Hoodie,111.42,259.28
242278314,877572,70505620,68.38,1,2024-03-31,2024-04-02,Delivered,Google Pay,68.38,2024-03,Mar,2024,3,Electronics,USB-C Hub,46.28,22.099999999999994
193734690,770487,32097220,121.41,2,2024-03-03,2024-03-04,Delivered,Credit Card,242.82,2024-03,Mar,2024,3,Electronics,Wireless Headphones,27.87,187.07999999999998
301210399,126225,25898299,156.89,3,2024-04-05,2024-04-11,Delivered,Apple Pay,470.66999999999996,2024-04,Apr,2024,4,Electronics,Bluetooth Speaker,22.88,402.03
562760731,809570,94951883,227.96,3,2023-11-27,2023-11-30,Shipped,PayPal,683.88,2023-11,Nov,2023,11,Clothing,Hoodie,111.42,349.62
581942228,216739,89864260,134.97,1,2023-09-18,2023-09-22,Delivered,Credit Card,134.97,2023-09,Sep,2023,9,Electronics,Smart Watch,36.99,97.97999999999999
698058121,334053,91363974,244.69,5,2024-06-17,2024-06-24,Returned,Debit Card,1223.45,2024-06,Jun,2024,6,Electronics,Webcam HD,13.0,1158.45
695647539,388389,99038359,120.95,3,2023-03-15,2023-03-19,Delivered,Credit Card,362.85,2023-03,Mar,2023,3,Electronics,Laptop Stand,88.92,96.09000000000003
650229169,126225,15197528,233.24,5,2023-09-24,2023-09-25,Processing,Apple Pay,1166.2,2023-09,Sep,2023,9,Electronics,Bluetooth Speaker,22.88,1051.8
538134097,216739,19736572,127.89,5,2023-07-26,2023-07-31,Shipped,Credit Card,639.45,2023-07,Jul,2023,7,Electronics,Smart Watch,36.99,454.5
210909937,872246,47463522,22.14,1,2024-04-26,2024-05-03,Shipped,Credit Card,22.14,2024-04,Apr,2024,4,Clothing,Denim Jeans,29.09,-6.949999999999999
128198506,877572,27232410,244.86,3,2024-09-29,2024-10-02,Delivered,Debit Card,734.58,2024-09,Sep,2024,9,Electronics,USB-C Hub,46.28,595.74
196227496,872246,68800797,241.21,3,2023-06-27,2023-06-28,Cancelled,Credit Card,723.63,2023-06,Jun,2023,6,Clothing,Denim Jeans,29.09,636.36
480012570,872246,47346970,295.09,3,2023-08-17,2023-08-18,Cancelled,Credit Card,885.27,2023-08,Aug,2023,8,Clothing,Denim Jeans,29.09,798.0
695088987,770487,90585882,29.19,5,2024-03-19,2024-03-25,Shipped,Google Pay,145.95000000000002,2024-03,Mar,2024,3,Electronics,Wireless Headphones,27.87,6.600000000000023
199926988,246316,63238057,253.79,3,2024-05-13,2024-05-15,Delivered,Google Pay,761.37,2024-05,May,2024,5,Clothing,Running Jacket,48.71,615.24
740942859,126225,69345683,162.71,3,2024-09-16,2024-09-19,Delivered,Credit Card,488.13,2024-09,Sep,2024,9,Electronics,Bluetooth Speaker,22.88,419.49
742144634,877572,23318904,96.74,5,2024-12-08,2024-12-12,Delivered,Google Pay,483.7,2024-12,Dec,2024,12,Electronics,USB-C Hub,46.28,252.29999999999998
942284665,356787,47080140,82.84,1,2023-08-17,2023-08-22,Delivered,Google Pay,82.84,2023-08,Aug,2023,8,Electronics,Mechanical Keyboard,38.72,44.120000000000005
448354409,191161,14164775,200.77,4,2023-02-16,2023-02-18,Delivered,Debit Card,803.08,2023-02,Feb,2023,2,Home & Kitchen,Coffee Maker,50.5,601.08
513646070,876646,88183110,262.84,1,2023-05-31,2023-06-06,Returned,Debit Card,262.84,2023-05,May,2023,5,Clothing,Cargo Shorts,8.69,254.14999999999998
113250637,216739,90070438,187.04,1,2024-06-17,2024-06-20,Shipped,Debit Card,187.04,2024-06,Jun,2024,6,Electronics,Smart Watch,36.99,150.04999999999998
413368711,770487,84437458,225.78,4,2023-04-09,2023-04-14,Shipped,PayPal,903.12,2023-04,Apr,2023,4,Electronics,Wireless Headphones,27.87,791.64
544325176,872246,64813568,287.13,1,2024-09-16,2024-09-19,Cancelled,PayPal,287.13,2024-09,Sep,2024,9,Clothing,Denim Jeans,29.09,258.04
516396603,216739,24305904,161.57,2,2023-10-01,2023-10-07,Delivered,Credit Card,323.14,2023-10,Oct,2023,10,Electronics,Smart Watch,36.99,249.15999999999997
936626463,872246,87446468,185.84,5,2023-05-13,2023-05-20,Returned,Apple Pay,929.2,2023-05,May,2023,5,Clothing,Denim Jeans,29.09,783.75
190945411,876646,58942697,131.87,2,2023-04-19,2023-04-24,Cancelled,Debit Card,263.74,2023-04,Apr,2023,4,Clothing,Cargo Shorts,8.69,246.36
878295151,126225,79519112,196.41,5,2023-02-01,2023-02-07,Shipped,Google Pay,982.05,2023-02,Feb,2023,2,Electronics,Bluetooth Speaker,22.88,867.65
700797791,877572,63640499,279.14,2,2024-05-07,2024-05-10,Delivered,Apple Pay,558.28,2024-05,May,2024,5,Electronics,USB-C Hub,46.28,465.71999999999997
360642799,877572,91424737,254.58,2,2024-02-17,2024-02-19,Cancelled,Credit Card,509.16,2024-02,Feb,2024,2,Electronics,USB-C Hub,46.28,416.6
714137833,770487,20814950,53.37,2,2024-07-07,2024-07-12,Shipped,PayPal,106.74,2024-07,Jul,2024,7,Electronics,Wireless Headphones,27.87,50.99999999999999
659531734,126225,65625330,182.17,1,2024-09-29,2024-10-04,Shipped,Debit Card,182.17,2024-09,Sep,2024,9,Electronics,Bluetooth Speaker,22.88,159.29
282088279,216739,82909480,44.51,5,2024-10-31,2024-11-04,Processing,Google Pay,222.54999999999998,2024-10,Oct,2024,10,Electronics,Smart Watch,36.99,37.599999999999966
835852444,770487,19196777,206.99,5,2023-08-22,2023-08-26,Delivered,Credit Card,1034.95,2023-08,Aug,2023,8,Electronics,Wireless Headphones,27.87,895.6
508807900,876646,31009452,248.93,5,2024-03-14,2024-03-17,Cancelled,Apple Pay,1244.65,2024-03,Mar,2024,3,Clothing,Cargo Shorts,8.69,1201.2
282001119,770487,93394260,145.13,4,2023-10-15,2023-10-22,Processing,PayPal,580.52,2023-10,Oct,2023,10,Electronics,Wireless Headphones,27.87,469.03999999999996
249078381,877572,63640499,101.01,5,2024-05-23,2024-05-26,Processing,Credit Card,505.05,2024-05,May,2024,5,Electronics,USB-C Hub,46.28,273.65
388749542,191161,97260863,208.78,4,2024-07-07,2024-07-12,Cancelled,Debit Card,835.12,2024-07,Jul,2024,7,Home & Kitchen,Coffee Maker,50.5,633.12
423337234,246316,99152472,102.91,5,2024-08-20,2024-08-21,Delivered,Google Pay,514.55,2024-08,Aug,2024,8,Clothing,Running Jacket,48.71,270.99999999999994
388199600,877572,17634247,169.47,5,2024-02-19,2024-02-26,Delivered,Google Pay,847.35,2024-02,Feb,2024,2,Electronics,USB-C Hub,46.28,615.95
629487801,872246,85563727,259.75,1,2024-06-21,2024-06-22,Cancelled,Apple Pay,259.75,2024-06,Jun,2024,6,Clothing,Denim Jeans,29.09,230.66
256696327,216739,77908907,41.53,1,2024-02-13,2024-02-19,Cancelled,Google Pay,41.53,2024-02,Feb,2024,2,Electronics,Smart Watch,36.99,4.539999999999999
167932588,770487,68326160,264.75,5,2023-04-01,2023-04-06,Delivered,Debit Card,1323.75,2023-04,Apr,2023,4,Electronics,Wireless Headphones,27.87,1184.4
279537578,719176,12601580,122.21,1,2024-06-19,2024-06-25,Processing,Debit Card,122.21,2024-06,Jun,2024,6,Home & Kitchen,Cast Iron Pan,90.67,31.539999999999992
566730092,191161,42255732,275.46,4,2024-05-15,2024-05-16,Cancelled,Google Pay,1101.84,2024-05,May,2024,5,Home & Kitchen,Coffee Maker,50.5,899.8399999999999
396311802,770487,73791320,48.26,4,2024-04-10,2024-04-15,Returned,Debit Card,193.04,2024-04,Apr,2024,4,Electronics,Wireless Headphones,27.87,81.55999999999999
552155193,207473,72409658,269.1,2,2024-07-20,2024-07-25,Delivered,Google Pay,538.2,2024-07,Jul,2024,7,Clothing,Graphic Tee,66.43,405.34000000000003
421856529,809570,72363359,186.16,4,2024-11-08,2024-11-11,Delivered,Debit Card,744.64,2024-11,Nov,2024,11,Clothing,Hoodie,111.42,298.96
619939412,877572,10791358,158.19,4,2023-12-02,2023-12-06,Returned,Google Pay,632.76,2023-12,Dec,2023,12,Electronics,USB-C Hub,46.28,447.64
940381893,671858,11049999,112.74,4,2023-07-15,2023-07-18,Delivered,Apple Pay,450.96,2023-07,Jul,2023,7,Home & Kitchen,Air Fryer,110.01,10.919999999999959
182593686,770487,70465583,243.55,2,2023-06-24,2023-07-01,Delivered,PayPal,487.1,2023-06,Jun,2023,6,Electronics,Wireless Headphones,27.87,431.36
487754927,770487,34850391,206.06,1,2023-11-22,2023-11-26,Delivered,Debit Card,206.06,2023-11,Nov,2023,11,Electronics,Wireless Headphones,27.87,178.19
370260533,877572,42949803,264.37,2,2024-09-09,2024-09-15,Processing,PayPal,528.74,2024-09,Sep,2024,9,Electronics,USB-C Hub,46.28,436.18
364774064,876646,11297845,116.61,5,2023-02-15,2023-02-18,Processing,Debit Card,583.05,2023-02,Feb,2023,2,Clothing,Cargo Shorts,8.69,539.5999999999999
874059895,216739,13176186,267.44,1,2023-03-07,2023-03-10,Cancelled,Credit Card,267.44,2023-03,Mar,2023,3,Electronics,Smart Watch,36.99,230.45
771124810,216739,84514489,24.26,4,2023-11-27,2023-12-04,Processing,Apple Pay,97.04,2023-11,Nov,2023,11,Electronics,Smart Watch,36.99,-50.92
632363811,877572,45507920,31.64,1,2024-06-30,2024-07-05,Processing,Apple Pay,31.64,2024-06,Jun,2024,6,Electronics,USB-C Hub,46.28,-14.64
737594763,719176,42949803,25.49,2,2024-04-02,2024-04-07,Delivered,PayPal,50.98,2024-04,Apr,2024,4,Home & Kitchen,Cast Iron Pan,90.67,-130.36
762143074,671858,83227889,158.58,3,2024-01-01,2024-01-05,Shipped,Apple Pay,475.74,2024-01,Jan,2024,1,Home & Kitchen,Air Fryer,110.01,145.70999999999998
309968304,207473,31682744,233.91,4,2023-08-26,2023-09-02,Delivered,Credit Card,935.64,2023-08,Aug,2023,8,Clothing,Graphic Tee,66.43,669.92
591625191,216739,32321899,149.12,4,2024-09-19,2024-09-22,Processing,Debit Card,596.48,2024-09,Sep,2024,9,Electronics,Smart Watch,36.99,448.52
214860711,877572,49682169,275.92,5,2024-04-08,2024-04-14,Cancelled,Debit Card,1379.6000000000001,2024-04,Apr,2024,4,Electronics,USB-C Hub,46.28,1148.2
245480775,809570,65177213,288.89,2,2024-06-05,2024-06-09,Cancelled,Credit Card,577.78,2024-06,Jun,2024,6,Clothing,Hoodie,111.42,354.93999999999994
427124037,126225,38754377,116.79,3,2023-12-06,2023-12-11,Cancelled,Debit Card,350.37,2023-12,Dec,2023,12,Electronics,Bluetooth Speaker,22.88,281.73
107266407,216739,24508349,257.81,3,2023-04-03,2023-04-07,Delivered,Google Pay,773.4300000000001,2023-04,Apr,2023,4,Electronics,Smart Watch,36.99,662.46
524871030,356787,54769200,179.08,4,2024-07-04,2024-07-06,Delivered,Apple Pay,716.32,2024-07,Jul,2024,7,Electronics,Mechanical Keyboard,38.72,561.44
456715514,126225,91424737,83.83,2,2024-04-27,2024-05-03,Cancelled,Credit Card,167.66,2024-04,Apr,2024,4,Electronics,Bluetooth Speaker,22.88,121.9
765926290,356787,51870192,92.19,1,2024-01-01,2024-01-06,Cancelled,Apple Pay,92.19,2024-01,Jan,2024,1,Electronics,Mechanical Keyboard,38.72,53.47
507903732,388389,92666356,28.45,1,2023-04-28,2023-05-02,Delivered,Credit Card,28.45,2023-04,Apr,2023,4,Electronics,Laptop Stand,88.92,-60.47
963370520,126225,94705205,37.26,5,2024-06-09,2024-06-15,Processing,Credit Card,186.29999999999998,2024-06,Jun,2024,6,Electronics,Bluetooth Speaker,22.88,71.89999999999999
453842723,809570,93303777,238.43,3,2023-04-12,2023-04-14,Returned,PayPal,715.29,2023-04,Apr,2023,4,Clothing,Hoodie,111.42,381.03
572685761,809570,26989677,181.32,5,2023-03-01,2023-03-07,Delivered,Apple Pay,906.5999999999999,2023-03,Mar,2023,3,Clothing,Hoodie,111.42,349.4999999999999
459420281,671858,82394227,245.0,2,2023-05-12,2023-05-17,Processing,Apple Pay,490.0,2023-05,May,2023,5,Home & Kitchen,Air Fryer,110.01,269.98
562370643,388389,37326368,280.92,2,2023-07-26,2023-08-02,Shipped,PayPal,561.84,2023-07,Jul,2023,7,Electronics,Laptop Stand,88.92,384.0
975610118,719176,60372847,121.49,2,2024-10-23,2024-10-28,Delivered,Google Pay,242.98,2024-10,Oct,2024,10,Home & Kitchen,Cast Iron Pan,90.67,61.639999999999986
984264226,877572,43183955,183.93,4,2024-04-15,2024-04-16,Shipped,Apple Pay,735.72,2024-04,Apr,2024,4,Electronics,USB-C Hub,46.28,550.6
799045497,334053,25374874,226.51,2,2023-05-23,2023-05-26,Delivered,Debit Card,453.02,2023-05,May,2023,5,Electronics,Webcam HD,13.0,427.02
738224541,671858,12614124,256.21,2,2023-05-18,2023-05-25,Delivered,Debit Card,512.42,2023-05,May,2023,5,Home & Kitchen,Air Fryer,110.01,292.4
246162540,388389,97260863,270.89,2,2023-02-10,2023-02-11,Cancelled,Apple Pay,541.78,2023-02,Feb,2023,2,Electronics,Laptop Stand,88.92,363.93999999999994
422589929,334053,42747037,188.98,1,2024-05-14,2024-05-17,Delivered,Apple Pay,188.98,2024-05,May,2024,5,Electronics,Webcam HD,13.0,175.98
444311586,191161,40885476,194.33,3,2023-12-02,2023-12-04,Returned,Apple Pay,582.99,2023-12,Dec,2023,12,Home & Kitchen,Coffee Maker,50.5,431.49
747693166,770487,53258988,81.13,3,2023-06-18,2023-06-20,Delivered,Apple Pay,243.39,2023-06,Jun,2023,6,Electronics,Wireless Headphones,27.87,159.77999999999997
846564420,388389,51511484,50.62,4,2024-03-20,2024-03-23,Returned,Credit Card,202.48,2024-03,Mar,2024,3,Electronics,Laptop Stand,88.92,-153.20000000000002
315662642,216739,43704923,47.18,2,2024-05-16,2024-05-23,Delivered,Google Pay,94.36,2024-05,May,2024,5,Electronics,Smart Watch,36.99,20.379999999999995
614332794,207473,99038359,269.14,3,2024-10-20,2024-10-24,Delivered,Google Pay,807.42,2024-10,Oct,2024,10,Clothing,Graphic Tee,66.43,608.1299999999999
437351729,216739,88393811,118.92,3,2024-12-02,2024-12-06,Returned,Credit Card,356.76,2024-12,Dec,2024,12,Electronics,Smart Watch,36.99,245.79
290736564,388389,82394227,290.93,5,2023-08-10,2023-08-17,Delivered,Credit Card,1454.65,2023-08,Aug,2023,8,Electronics,Laptop Stand,88.92,1010.0500000000001
527606494,126225,56397338,221.29,2,2023-12-18,2023-12-19,Returned,PayPal,442.58,2023-12,Dec,2023,12,Electronics,Bluetooth Speaker,22.88,396.82
442671456,126225,43189803,50.79,5,2024-02-13,2024-02-17,Processing,Debit Card,253.95,2024-02,Feb,2024,2,Electronics,Bluetooth Speaker,22.88,139.55
412940071,877572,45520201,29.16,3,2023-09-04,2023-09-06,Delivered,Apple Pay,87.48,2023-09,Sep,2023,9,Electronics,USB-C Hub,46.28,-51.36
889065340,876646,79008866,149.83,5,2024-01-18,2024-01-24,Returned,Debit Card,749.1500000000001,2024-01,Jan,2024,1,Clothing,Cargo Shorts,8.69,705.7
846205223,770487,84045292,180.61,5,2024-12-14,2024-12-21,Processing,Apple Pay,903.0500000000001,2024-12,Dec,2024,12,Electronics,Wireless Headphones,27.87,763.7
779573843,207473,56843172,263.7,1,2023-03-07,2023-03-09,Delivered,Credit Card,263.7,2023-03,Mar,2023,3,Clothing,Graphic Tee,66.43,197.26999999999998
627215082,216739,89920257,136.27,1,2024-05-22,2024-05-28,Processing,Debit Card,136.27,2024-05,May,2024,5,Electronics,Smart Watch,36.99,99.28
718345671,770487,92613013,27.32,5,2024-05-29,2024-05-30,Shipped,Debit Card,136.6,2024-05,May,2024,5,Electronics,Wireless Headphones,27.87,-2.75
939638591,770487,13704481,82.54,4,2023-04-05,2023-04-06,Shipped,Google Pay,330.16,2023-04,Apr,2023,4,Electronics,Wireless Headphones,27.87,218.68
360301107,770487,78139880,169.06,5,2024-05-12,2024-05-19,Shipped,Credit Card,845.3,2024-05,May,2024,5,Electronics,Wireless Headphones,27.87,705.9499999999999
449917685,770487,36726767,102.81,3,2024-10-08,2024-10-13,Delivered,PayPal,308.43,2024-10,Oct,2024,10,Electronics,Wireless Headphones,27.87,224.82
503786306,671858,66792612,168.89,1,2024-02-21,2024-02-27,Delivered,Apple Pay,168.89,2024-02,Feb,2024,2,Home & Kitchen,Air Fryer,110.01,58.87999999999998
400969989,191161,96637649,219.22,3,2023-09-08,2023-09-15,Delivered,Debit Card,657.66,2023-09,Sep,2023,9,Home & Kitchen,Coffee Maker,50.5,506.15999999999997
976704309,876646,45351479,25.3,2,2024-02-18,2024-02-19,Delivered,Debit Card,50.6,2024-02,Feb,2024,2,Clothing,Cargo Shorts,8.69,33.22
943817764,872246,52101056,283.28,1,2024-10-24,2024-10-30,Cancelled,PayPal,283.28,2024-10,Oct,2024,10,Clothing,Denim Jeans,29.09,254.18999999999997
521910884,719176,78159587,37.71,3,2023-10-23,2023-10-29,Returned,Debit Card,113.13,2023-10,Oct,2023,10,Home & Kitchen,Cast Iron Pan,90.67,-158.88
491932454,770487,72535301,101.35,3,2023-02-07,2023-02-08,Delivered,Google Pay,304.04999999999995,2023-02,Feb,2023,2,Electronics,Wireless Headphones,27.87,220.43999999999994
222286118,770487,22534217,69.67,5,2024-03-10,2024-03-12,Delivered,Debit Card,348.35,2024-03,Mar,2024,3,Electronics,Wireless Headphones,27.87,209.00000000000003
705429879,126225,15354599,297.44,2,2023-02-08,2023-02-09,Returned,Google Pay,594.88,2023-02,Feb,2023,2,Electronics,Bluetooth Speaker,22.88,549.12
314533665,216739,73791320,50.54,1,2024-01-17,2024-01-21,Delivered,Google Pay,50.54,2024-01,Jan,2024,1,Electronics,Smart Watch,36.99,13.549999999999997
735898931,770487,43374088,164.9,2,2023-08-01,2023-08-04,Delivered,Google Pay,329.8,2023-08,Aug,2023,8,Electronics,Wireless Headphones,27.87,274.06
685864775,216739,53779528,119.85,1,2023-07-05,2023-07-10,Returned,Debit Card,119.85,2023-07,Jul,2023,7,Electronics,Smart Watch,36.99,82.85999999999999
293195372,126225,52101056,92.15,2,2024-02-26,2024-03-03,Delivered,PayPal,184.3,2024-02,Feb,2024,2,Electronics,Bluetooth Speaker,22.88,138.54000000000002
831983367,126225,45810056,138.38,1,2023-11-02,2023-11-07,Delivered,PayPal,138.38,2023-11,Nov,2023,11,Electronics,Bluetooth Speaker,22.88,115.5
924223452,207473,79519112,60.41,1,2023-07-17,2023-07-20,Cancelled,Google Pay,60.41,2023-07,Jul,2023,7,Clothing,Graphic Tee,66.43,-6.02000000000001
690664472,877572,55679506,191.27,2,2024-11-17,2024-11-21,Delivered,Google Pay,382.54,2024-11,Nov,2024,11,Electronics,USB-C Hub,46.28,289.98
128900946,872246,51511484,146.84,2,2023-07-01,2023-07-06,Delivered,Apple Pay,293.68,2023-07,Jul,2023,7,Clothing,Denim Jeans,29.09,235.5
880839406,191161,56397338,299.2,4,2024-12-05,2024-12-07,Delivered,PayPal,1196.8,2024-12,Dec,2024,12,Home & Kitchen,Coffee Maker,50.5,994.8
595663087,207473,83227889,270.19,2,2024-05-14,2024-05-21,Delivered,Debit Card,540.38,2024-05,May,2024,5,Clothing,Graphic Tee,66.43,407.52
860603328,191161,68800797,130.77,1,2024-09-26,2024-09-30,Delivered,Apple Pay,130.77,2024-09,Sep,2024,9,Home & Kitchen,Coffee Maker,50.5,80.27000000000001
325108249,671858,68812137,256.2,3,2023-09-13,2023-09-17,Delivered,PayPal,768.5999999999999,2023-09,Sep,2023,9,Home & Kitchen,Air Fryer,110.01,438.5699999999999
570787423,719176,84158663,218.7,2,2024-02-08,2024-02-12,Delivered,Debit Card,437.4,2024-02,Feb,2024,2,Home & Kitchen,Cast Iron Pan,90.67,256.05999999999995
956508307,872246,47983442,46.9,5,2024-12-17,2024-12-21,Processing,PayPal,234.5,2024-12,Dec,2024,12,Clothing,Denim Jeans,29.09,89.05000000000001
412814503,126225,11250299,297.06,4,2024-12-25,2025-01-01,Processing,Debit Card,1188.24,2024-12,Dec,2024,12,Electronics,Bluetooth Speaker,22.88,1096.72
992582047,877572,54349361,142.71,4,2023-06-10,2023-06-16,Delivered,Google Pay,570.84,2023-06,Jun,2023,6,Electronics,USB-C Hub,46.28,385.72
843926219,126225,27778019,129.13,3,2024-11-06,2024-11-09,Processing,Apple Pay,387.39,2024-11,Nov,2024,11,Electronics,Bluetooth Speaker,22.88,318.75
174258554,877572,82394227,39.36,5,2024-02-27,2024-03-05,Delivered,PayPal,196.8,2024-02,Feb,2024,2,Electronics,USB-C Hub,46.28,-34.599999999999994
979357576,207473,47080140,186.43,5,2023-08-31,2023-09-05,Returned,Credit Card,932.1500000000001,2023-08,Aug,2023,8,Clothing,Graphic Tee,66.43,600.0
954330018,216739,51154241,39.43,5,2024-05-27,2024-05-28,Cancelled,Debit Card,197.15,2024-05,May,2024,5,Electronics,Smart Watch,36.99,12.199999999999989
953673740,876646,90388981,154.15,2,2023-09-08,2023-09-09,Shipped,Debit Card,308.3,2023-09,Sep,2023,9,Clothing,Cargo Shorts,8.69,290.92
539312437,216739,19553585,89.41,5,2023-01-05,2023-01-06,Shipped,Apple Pay,447.04999999999995,2023-01,Jan,2023,1,Electronics,Smart Watch,36.99,262.0999999999999
822604249,872246,95758349,122.1,3,2024-07-23,2024-07-25,Processing,Debit Card,366.29999999999995,2024-07,Jul,2024,7,Clothing,Denim Jeans,29.09,279.03
636122747,770487,64543049,66.96,3,2024-02-12,2024-02-19,Returned,Apple Pay,200.88,2024-02,Feb,2024,2,Electronics,Wireless Headphones,27.87,117.27
249442440,126225,62401521,193.51,4,2024-08-15,2024-08-22,Returned,PayPal,774.04,2024-08,Aug,2024,8,Electronics,Bluetooth Speaker,22.88,682.52
780039397,356787,85563727,41.57,2,2023-07-15,2023-07-20,Cancelled,Google Pay,83.14,2023-07,Jul,2023,7,Electronics,Mechanical Keyboard,38.72,5.700000000000003
425164079,191161,53622663,72.41,5,2023-11-04,2023-11-05,Delivered,Google Pay,362.04999999999995,2023-11,Nov,2023,11,Home & Kitchen,Coffee Maker,50.5,109.54999999999995
359868249,191161,67110154,196.18,4,2023-04-23,2023-04-25,Cancelled,PayPal,784.72,2023-04,Apr,2023,4,Home & Kitchen,Coffee Maker,50.5,582.72
371314895,207473,70505620,296.97,1,2024-02-24,2024-02-28,Shipped,Google Pay,296.97,2024-02,Feb,2024,2,Clothing,Graphic Tee,66.43,230.54000000000002
807233980,216739,68186525,40.4,4,2023-04-24,2023-04-25,Delivered,Debit Card,161.6,2023-04,Apr,2023,4,Electronics,Smart Watch,36.99,13.639999999999986
265510032,356787,87669750,126.38,2,2023-01-29,2023-01-30,Processing,Google Pay,252.76,2023-01,Jan,2023,1,Electronics,Mechanical Keyboard,38.72,175.32
867979226,388389,58718453,75.65,3,2023-03-25,2023-03-27,Delivered,Debit Card,226.95000000000002,2023-03,Mar,2023,3,Electronics,Laptop Stand,88.92,-39.809999999999974
554330180,246316,76354180,242.02,3,2024-05-08,2024-05-14,Processing,Credit Card,726.0600000000001,2024-05,May,2024,5,Clothing,Running Jacket,48.71,579.9300000000001
947264726,126225,38754377,260.83,4,2023-03-05,2023-03-06,Processing,Debit Card,1043.32,2023-03,Mar,2023,3,Electronics,Bluetooth Speaker,22.88,951.8
504790811,126225,97260863,126.12,3,2023-04-04,2023-04-05,Processing,Google Pay,378.36,2023-04,Apr,2023,4,Electronics,Bluetooth Speaker,22.88,309.72
179419456,809570,48668783,256.03,2,2023-01-26,2023-01-27,Delivered,Debit Card,512.06,2023-01,Jan,2023,1,Clothing,Hoodie,111.42,289.2199999999999
582181718,872246,36096655,127.21,5,2024-03-03,2024-03-04,Delivered,Credit Card,636.05,2024-03,Mar,2024,3,Clothing,Denim Jeans,29.09,490.59999999999997
742026586,719176,20570592,51.86,2,2023-09-10,2023-09-13,Delivered,Google Pay,103.72,2023-09,Sep,2023,9,Home & Kitchen,Cast Iron Pan,90.67,-77.62
614574336,719176,45630292,85.72,2,2023-11-06,2023-11-11,Delivered,Debit Card,171.44,2023-11,Nov,2023,11,Home & Kitchen,Cast Iron Pan,90.67,-9.900000000000006
725179752,877572,68800797,173.98,1,2024-12-13,2024-12-17,Shipped,Google Pay,173.98,2024-12,Dec,2024,12,Electronics,USB-C Hub,46.28,127.69999999999999
530361198,877572,97225156,238.28,1,2023-03-23,2023-03-26,Returned,Credit Card,238.28,2023-03,Mar,2023,3,Electronics,USB-C Hub,46.28,192.0
673772626,671858,71510041,214.56,5,2023-05-19,2023-05-26,Cancelled,PayPal,1072.8,2023-05,May,2023,5,Home & Kitchen,Air Fryer,110.01,522.7499999999999
643971182,719176,24282218,272.79,1,2023-05-19,2023-05-22,Delivered,Google Pay,272.79,2023-05,May,2023,5,Home & Kitchen,Cast Iron Pan,90.67,182.12
842716738,872246,38754377,44.57,5,2023-10-24,2023-10-25,Shipped,PayPal,222.85,2023-10,Oct,2023,10,Clothing,Denim Jeans,29.09,77.4
549146950,877572,11898961,279.53,2,2023-03-18,2023-03-25,Shipped,Apple Pay,559.06,2023-03,Mar,2023,3,Electronics,USB-C Hub,46.28,466.49999999999994
683734594,191161,10791358,259.44,2,2024-01-25,2024-01-28,Processing,Credit Card,518.88,2024-01,Jan,2024,1,Home & Kitchen,Coffee Maker,50.5,417.88
139476288,877572,19046318,154.79,5,2023-02-08,2023-02-14,Delivered,Apple Pay,773.9499999999999,2023-02,Feb,2023,2,Electronics,USB-C Hub,46.28,542.55
949030118,216739,93303777,196.0,1,2023-06-23,2023-06-25,Delivered,PayPal,196.0,2023-06,Jun,2023,6,Electronics,Smart Watch,36.99,159.01
486041850,216739,19510312,106.12,4,2023-12-10,2023-12-12,Processing,Apple Pay,424.48,2023-12,Dec,2023,12,Electronics,Smart Watch,36.99,276.52
853374076,770487,29777514,246.09,3,2024-07-15,2024-07-18,Delivered,PayPal,738.27,2024-07,Jul,2024,7,Electronics,Wireless Headphones,27.87,654.66
972197233,126225,83300637,10.57,3,2023-11-16,2023-11-17,Delivered,Apple Pay,31.71,2023-11,Nov,2023,11,Electronics,Bluetooth Speaker,22.88,-36.93
676498415,876646,23769080,167.4,5,2024-04-22,2024-04-27,Delivered,Google Pay,837.0,2024-04,Apr,2024,4,Clothing,Cargo Shorts,8.69,793.55
737609304,872246,50308572,185.3,5,2024-03-12,2024-03-16,Processing,Google Pay,926.5,2024-03,Mar,2024,3,Clothing,Denim Jeans,29.09,781.05
785240944,877572,75579548,181.34,3,2024-01-14,2024-01-15,Shipped,Apple Pay,544.02,2024-01,Jan,2024,1,Electronics,USB-C Hub,46.28,405.17999999999995
191248659,356787,22534217,115.57,5,2023-08-02,2023-08-05,Delivered,Debit Card,577.8499999999999,2023-08,Aug,2023,8,Electronics,Mechanical Keyboard,38.72,384.2499999999999
217434526,191161,31361812,35.05,2,2024-10-15,2024-10-21,Shipped,Apple Pay,70.1,2024-10,Oct,2024,10,Home & Kitchen,Coffee Maker,50.5,-30.900000000000006
925658123,126225,99508850,17.5,4,2024-02-19,2024-02-22,Returned,Credit Card,70.0,2024-02,Feb,2024,2,Electronics,Bluetooth Speaker,22.88,-21.519999999999996
366535973,770487,19510312,299.68,3,2023-10-29,2023-11-05,Delivered,Debit Card,899.04,2023-10,Oct,2023,10,Electronics,Wireless Headphones,27.87,815.43
806094391,770487,10054484,287.15,4,2024-06-05,2024-06-11,Returned,Debit Card,1148.6,2024-06,Jun,2024,6,Electronics,Wireless Headphones,27.87,1037.12
813709631,877572,93893865,10.98,4,2023-04-16,2023-04-17,Shipped,Google Pay,43.92,2023-04,Apr,2023,4,Electronics,USB-C Hub,46.28,-141.2
481187819,126225,42194159,49.31,2,2023-04-13,2023-04-17,Delivered,Apple Pay,98.62,2023-04,Apr,2023,4,Electronics,Bluetooth Speaker,22.88,52.86000000000001
278604592,770487,47385696,239.89,2,2023-12-26,2024-01-02,Delivered,Debit Card,479.78,2023-12,Dec,2023,12,Electronics,Wireless Headphones,27.87,424.03999999999996
794710793,126225,15334035,54.95,1,2023-06-29,2023-07-04,Processing,PayPal,54.95,2023-06,Jun,2023,6,Electronics,Bluetooth Speaker,22.88,32.07000000000001
757857890,216739,16749089,299.97,5,2023-07-17,2023-07-20,Processing,PayPal,1499.8500000000001,2023-07,Jul,2023,7,Electronics,Smart Watch,36.99,1314.9
147563208,770487,86149359,141.18,1,2024-07-21,2024-07-24,Delivered,PayPal,141.18,2024-07,Jul,2024,7,Electronics,Wireless Headphones,27.87,113.31
704753177,719176,26948946,110.63,1,2023-04-29,2023-05-01,Returned,PayPal,110.63,2023-04,Apr,2023,4,Home & Kitchen,Cast Iron Pan,90.67,19.959999999999994
792596980,877572,71070189,196.5,5,2023-06-18,2023-06-25,Delivered,Credit Card,982.5,2023-06,Jun,2023,6,Electronics,USB-C Hub,46.28,751.1
827429909,671858,31810617,213.05,3,2023-05-01,2023-05-07,Shipped,Google Pay,639.1500000000001,2023-05,May,2023,5,Home & Kitchen,Air Fryer,110.01,309.12000000000006
794435663,770487,46468984,18.46,5,2024-06-20,2024-06-22,Delivered,Credit Card,92.30000000000001,2024-06,Jun,2024,6,Electronics,Wireless Headphones,27.87,-47.04999999999998
529086280,770487,57553014,273.9,3,2024-09-28,2024-10-01,Delivered,PayPal,821.6999999999999,2024-09,Sep,2024,9,Electronics,Wireless Headphones,27.87,738.0899999999999
908186980,216739,42194159,231.0,1,2023-05-10,2023-05-17,Cancelled,PayPal,231.0,2023-05,May,2023,5,Electronics,Smart Watch,36.99,194.01
456049246,388389,42862209,222.49,2,2024-04-10,2024-04-13,Processing,Credit Card,444.98,2024-04,Apr,2024,4,Electronics,Laptop Stand,88.92,267.14
954946593,216739,30513739,229.23,4,2024-01-30,2024-02-01,Processing,Credit Card,916.92,2024-01,Jan,2024,1,Electronics,Smart Watch,36.99,768.9599999999999
562198122,809570,46468984,234.19,2,2024-07-25,2024-07-30,Delivered,Debit Card,468.38,2024-07,Jul,2024,7,Clothing,Hoodie,111.42,245.54
213757100,191161,94482772,280.03,2,2024-03-31,2024-04-03,Returned,Apple Pay,560.06,2024-03,Mar,2024,3,Home & Kitchen,Coffee Maker,50.5,459.05999999999995
111325589,207473,57130035,103.71,3,2023-12-06,2023-12-11,Shipped,PayPal,311.13,2023-12,Dec,2023,12,Clothing,Graphic Tee,66.43,111.83999999999997
205877984,207473,81690398,230.26,2,2023-01-22,2023-01-27,Processing,Credit Card,460.52,2023-01,Jan,2023,1,Clothing,Graphic Tee,66.43,327.65999999999997
377818215,191161,72350830,24.15,3,2024-08-03,2024-08-09,Delivered,Debit Card,72.44999999999999,2024-08,Aug,2024,8,Home & Kitchen,Coffee Maker,50.5,-79.05000000000001
338371847,872246,40094589,119.4,1,2024-03-15,2024-03-16,Shipped,PayPal,119.4,2024-03,Mar,2024,3,Clothing,Denim Jeans,29.09,90.31
648334433,334053,24366125,89.27,4,2024-04-08,2024-04-15,Delivered,Credit Card,357.08,2024-04,Apr,2024,4,Electronics,Webcam HD,13.0,305.08
901927335,877572,65625330,131.28,5,2023-04-06,2023-04-08,Delivered,PayPal,656.4,2023-04,Apr,2023,4,Electronics,USB-C Hub,46.28,425.0
657054862,207473,63551839,73.78,1,2023-05-24,2023-05-27,Processing,PayPal,73.78,2023-05,May,2023,5,Clothing,Graphic Tee,66.43,7.349999999999994
699140867,877572,94951883,56.6,5,2024-09-22,2024-09-27,Returned,Apple Pay,283.0,2024-09,Sep,2024,9,Electronics,USB-C Hub,46.28,51.599999999999994
723326773,877572,70939053,273.72,3,2024-05-25,2024-06-01,Returned,Credit Card,821.1600000000001,2024-05,May,2024,5,Electronics,USB-C Hub,46.28,682.32
838374035,216739,56020613,60.48,3,2023-05-25,2023-05-28,Processing,Credit Card,181.44,2023-05,May,2023,5,Electronics,Smart Watch,36.99,70.47
717654311,770487,47220099,99.26,3,2024-12-27,2024-12-29,Delivered,Debit Card,297.78000000000003,2024-12,Dec,2024,12,Electronics,Wireless Headphones,27.87,214.17000000000002
337331022,770487,33966966,101.43,3,2024-07-01,2024-07-04,Returned,Google Pay,304.29,2024-07,Jul,2024,7,Electronics,Wireless Headphones,27.87,220.68
578651079,216739,39600202,119.85,2,2024-07-30,2024-08-06,Delivered,Debit Card,239.7,2024-07,Jul,2024,7,Electronics,Smart Watch,36.99,165.71999999999997
501707828,356787,91178885,200.57,5,2023-08-07,2023-08-09,Returned,PayPal,1002.8499999999999,2023-08,Aug,2023,8,Electronics,Mechanical Keyboard,38.72,809.2499999999999
519977113,809570,50308572,256.0,3,2023-07-05,2023-07-07,Cancelled,Google Pay,768.0,2023-07,Jul,2023,7,Clothing,Hoodie,111.42,433.74
597210335,719176,34391257,23.36,1,2024-02-01,2024-02-03,Returned,Debit Card,23.36,2024-02,Feb,2024,2,Home & Kitchen,Cast Iron Pan,90.67,-67.31
929296154,207473,66267415,184.02,4,2024-12-07,2024-12-12,Delivered,Credit Card,736.08,2024-12,Dec,2024,12,Clothing,Graphic Tee,66.43,470.36
829667145,216739,68186525,47.99,3,2023-05-23,2023-05-30,Delivered,Apple Pay,143.97,2023-05,May,2023,5,Electronics,Smart Watch,36.99,33.0
731993655,246316,49092160,114.15,2,2023-07-01,2023-07-02,Processing,Debit Card,228.3,2023-07,Jul,2023,7,Clothing,Running Jacket,48.71,130.88
841351411,719176,30534124,258.94,1,2023-08-03,2023-08-07,Shipped,Debit Card,258.94,2023-08,Aug,2023,8,Home & Kitchen,Cast Iron Pan,90.67,168.26999999999998
637371044,126225,23318904,45.11,2,2023-02-03,2023-02-05,Processing,Debit Card,90.22,2023-02,Feb,2023,2,Electronics,Bluetooth Speaker,22.88,44.46
261861139,126225,49392920,23.06,1,2023-07-09,2023-07-11,Cancelled,Google Pay,23.06,2023-07,Jul,2023,7,Electronics,Bluetooth Speaker,22.88,0.17999999999999972
470405910,216739,35643159,118.35,2,2023-09-07,2023-09-09,Shipped,Google Pay,236.7,2023-09,Sep,2023,9,Electronics,Smart Watch,36.99,162.71999999999997
126373949,770487,82070937,16.28,5,2023-03-01,2023-03-07,Cancelled,PayPal,81.4,2023-03,Mar,2023,3,Electronics,Wireless Headphones,27.87,-57.94999999999999
618371508,216739,66267415,217.5,3,2023-12-15,2023-12-19,Cancelled,Apple Pay,652.5,2023-12,Dec,2023,12,Electronics,Smart Watch,36.99,541.53
212259020,216739,35748341,99.63,4,2023-12-29,2024-01-03,Processing,Google Pay,398.52,2023-12,Dec,2023,12,Electronics,Smart Watch,36.99,250.55999999999997
417217932,671858,84437458,240.23,3,2023-01-01,2023-01-04,Cancelled,Debit Card,720.6899999999999,2023-01,Jan,2023,1,Home & Kitchen,Air Fryer,110.01,390.6599999999999
546650213,126225,19510312,191.97,4,2024-01-30,2024-02-05,Returned,Google Pay,767.88,2024-01,Jan,2024,1,Electronics,Bluetooth Speaker,22.88,676.36
192185888,126225,64502486,222.83,2,2023-10-24,2023-10-28,Shipped,Credit Card,445.66,2023-10,Oct,2023,10,Electronics,Bluetooth Speaker,22.88,399.90000000000003
224628497,671858,89520597,112.29,5,2023-10-30,2023-11-06,Cancelled,Credit Card,561.45,2023-10,Oct,2023,10,Home & Kitchen,Air Fryer,110.01,11.399999999999977
992620629,877572,39600202,216.32,3,2024-03-14,2024-03-18,Delivered,PayPal,648.96,2024-03,Mar,2024,3,Electronics,USB-C Hub,46.28,510.12
883993370,126225,84514489,46.25,5,2024-03-04,2024-03-05,Delivered,Google Pay,231.25,2024-03,Mar,2024,3,Electronics,Bluetooth Speaker,22.88,116.85000000000001
252122560,216739,84514489,168.75,4,2023-11-25,2023-11-29,Cancelled,Credit Card,675.0,2023-11,Nov,2023,11,Electronics,Smart Watch,36.99,527.04
474015041,671858,60119651,81.3,1,2023-06-09,2023-06-11,Shipped,Apple Pay,81.3,2023-06,Jun,2023,6,Home & Kitchen,Air Fryer,110.01,-28.710000000000008
434889710,809570,52587010,192.46,4,2023-01-25,2023-01-29,Cancelled,Apple Pay,769.84,2023-01,Jan,2023,1,Clothing,Hoodie,111.42,324.16
468365044,216739,75319931,151.02,5,2023-07-23,2023-07-29,Delivered,Google Pay,755.1,2023-07,Jul,2023,7,Electronics,Smart Watch,36.99,570.15
588909690,216739,10054484,218.92,5,2024-10-13,2024-10-18,Delivered,Apple Pay,1094.6,2024-10,Oct,2024,10,Electronics,Smart Watch,36.99,909.6499999999999
942103498,877572,79008866,255.27,5,2023-03-27,2023-03-30,Delivered,Debit Card,1276.3500000000001,2023-03,Mar,2023,3,Electronics,USB-C Hub,46.28,1044.95
322122096,216739,95585469,273.41,5,2023-12-11,2023-12-18,Returned,Google Pay,1367.0500000000002,2023-12,Dec,2023,12,Electronics,Smart Watch,36.99,1182.1000000000001
659542785,207473,84593961,212.2,2,2023-09-07,2023-09-13,Delivered,PayPal,424.4,2023-09,Sep,2023,9,Clothing,Graphic Tee,66.43,291.53999999999996
618537844,877572,48508907,46.76,4,2024-09-19,2024-09-21,Returned,Google Pay,187.04,2024-09,Sep,2024,9,Electronics,USB-C Hub,46.28,1.9199999999999875
473984594,877572,42655866,242.41,4,2024-07-21,2024-07-23,Shipped,PayPal,969.64,2024-07,Jul,2024,7,Electronics,USB-C Hub,46.28,784.52
611275626,126225,77898694,21.95,1,2024-06-20,2024-06-22,Returned,PayPal,21.95,2024-06,Jun,2024,6,Electronics,Bluetooth Speaker,22.88,-0.9299999999999997
204821934,809570,69295515,213.09,4,2023-12-28,2023-12-30,Delivered,Debit Card,852.36,2023-12,Dec,2023,12,Clothing,Hoodie,111.42,406.68
570477095,334053,82909480,243.58,4,2024-01-13,2024-01-14,Delivered,PayPal,974.32,2024-01,Jan,2024,1,Electronics,Webcam HD,13.0,922.32
875235090,356787,82909480,285.54,3,2023-09-12,2023-09-16,Cancelled,Apple Pay,856.6200000000001,2023-09,Sep,2023,9,Electronics,Mechanical Keyboard,38.72,740.4600000000002
848143863,356787,53251559,293.44,3,2024-09-20,2024-09-24,Processing,Apple Pay,880.3199999999999,2024-09,Sep,2024,9,Electronics,Mechanical Keyboard,38.72,764.16
585811477,877572,52091325,246.09,5,2023-06-18,2023-06-21,Delivered,PayPal,1230.45,2023-06,Jun,2023,6,Electronics,USB-C Hub,46.28,999.0500000000001
442426442,126225,29777514,101.31,4,2024-10-02,2024-10-04,Processing,Debit Card,405.24,2024-10,Oct,2024,10,Electronics,Bluetooth Speaker,22.88,313.72
172127903,207473,87844239,259.03,2,2024-06-30,2024-07-03,Returned,Credit Card,518.06,2024-06,Jun,2024,6,Clothing,Graphic Tee,66.43,385.19999999999993
422406106,191161,83863413,216.17,2,2024-04-03,2024-04-07,Processing,Debit Card,432.34,2024-04,Apr,2024,4,Home & Kitchen,Coffee Maker,50.5,331.34
147978060,770487,68461818,235.5,3,2024-03-27,2024-04-01,Cancelled,PayPal,706.5,2024-03,Mar,2024,3,Electronics,Wireless Headphones,27.87,622.89
969930526,216739,63238057,136.75,3,2023-04-23,2023-04-26,Delivered,Debit Card,410.25,2023-04,Apr,2023,4,Electronics,Smart Watch,36.99,299.28
863193132,126225,13326769,169.52,1,2024-05-20,2024-05-24,Delivered,PayPal,169.52,2024-05,May,2024,5,Electronics,Bluetooth Speaker,22.88,146.64000000000001
223571865,246316,41473195,43.69,5,2023-05-21,2023-05-24,Delivered,Credit Card,218.45,2023-05,May,2023,5,Clothing,Running Jacket,48.71,-25.100000000000023
124250578,216739,73900135,48.84,3,2024-09-17,2024-09-22,Shipped,Google Pay,146.52,2024-09,Sep,2024,9,Electronics,Smart Watch,36.99,35.55000000000001
468377143,809570,62401521,138.96,2,2023-09-06,2023-09-08,Cancelled,Credit Card,277.92,2023-09,Sep,2023,9,Clothing,Hoodie,111.42,55.08000000000001
795752405,719176,49209916,28.56,4,2023-10-04,2023-10-07,Shipped,Apple Pay,114.24,2023-10,Oct,2023,10,Home & Kitchen,Cast Iron Pan,90.67,-248.44
217427280,671858,45351479,128.02,2,2024-02-09,2024-02-11,Cancelled,Debit Card,256.04,2024-02,Feb,2024,2,Home & Kitchen,Air Fryer,110.01,36.02000000000001
827072823,191161,21267237,11.25,1,2024-03-12,2024-03-14,Delivered,Debit Card,11.25,2024-03,Mar,2024,3,Home & Kitchen,Coffee Maker,50.5,-39.25
959047280,770487,32162965,94.72,3,2024-11-23,2024-11-28,Delivered,Apple Pay,284.15999999999997,2024-11,Nov,2024,11,Electronics,Wireless Headphones,27.87,200.54999999999995
276473863,216739,93370583,256.23,5,2023-08-06,2023-08-10,Shipped,Credit Card,1281.15,2023-08,Aug,2023,8,Electronics,Smart Watch,36.99,1096.2
895094534,671858,36054020,127.58,1,2024-07-07,2024-07-12,Cancelled,Debit Card,127.58,2024-07,Jul,2024,7,Home & Kitchen,Air Fryer,110.01,17.569999999999993
361899532,126225,84597009,185.9,3,2024-11-24,2024-11-27,Shipped,Google Pay,557.7,2024-11,Nov,2024,11,Electronics,Bluetooth Speaker,22.88,489.06000000000006
654044237,126225,76354180,217.4,1,2023-10-14,2023-10-19,Delivered,Debit Card,217.4,2023-10,Oct,2023,10,Electronics,Bluetooth Speaker,22.88,194.52
287317728,126225,31009452,279.84,3,2023-04-06,2023-04-11,Delivered,Credit Card,839.52,2023-04,Apr,2023,4,Electronics,Bluetooth Speaker,22.88,770.88
692609167,126225,65337219,147.8,5,2024-02-05,2024-02-06,Cancelled,Credit Card,739.0,2024-02,Feb,2024,2,Electronics,Bluetooth Speaker,22.88,624.6
271944408,872246,59597086,157.77,1,2024-06-20,2024-06-26,Delivered,PayPal,157.77,2024-06,Jun,2024,6,Clothing,Denim Jeans,29.09,128.68
455397438,126225,68800797,28.51,4,2023-10-06,2023-10-08,Shipped,Google Pay,114.04,2023-10,Oct,2023,10,Electronics,Bluetooth Speaker,22.88,22.52000000000001
701133236,216739,15134794,193.94,1,2023-07-15,2023-07-20,Delivered,Google Pay,193.94,2023-07,Jul,2023,7,Electronics,Smart Watch,36.99,156.95
557810637,126225,42111036,156.64,2,2023-11-24,2023-11-27,Delivered,Google Pay,313.28,2023-11,Nov,2023,11,Electronics,Bluetooth Speaker,22.88,267.52
596126873,877572,89442503,91.72,1,2023-11-22,2023-11-26,Shipped,Apple Pay,91.72,2023-11,Nov,2023,11,Electronics,USB-C Hub,46.28,45.44
348952994,770487,97302916,267.68,1,2023-02-08,2023-02-10,Shipped,Google Pay,267.68,2023-02,Feb,2023,2,Electronics,Wireless Headphones,27.87,239.81
956583753,872246,64549859,150.27,1,2024-12-21,2024-12-23,Shipped,Credit Card,150.27,2024-12,Dec,2024,12,Clothing,Denim Jeans,29.09,121.18
534916368,877572,10744212,42.71,5,2024-06-13,2024-06-17,Processing,Apple Pay,213.55,2024-06,Jun,2024,6,Electronics,USB-C Hub,46.28,-17.849999999999994
776199993,191161,81287314,223.38,5,2023-12-31,2024-01-05,Delivered,Debit Card,1116.9,2023-12,Dec,2023,12,Home & Kitchen,Coffee Maker,50.5,864.4000000000001
298053584,126225,65682626,103.04,1,2023-02-12,2023-02-18,Delivered,Google Pay,103.04,2023-02,Feb,2023,2,Electronics,Bluetooth Speaker,22.88,80.16000000000001
300131434,126225,99038359,29.41,3,2024-10-21,2024-10-26,Shipped,PayPal,88.23,2024-10,Oct,2024,10,Electronics,Bluetooth Speaker,22.88,19.590000000000003
787708952,246316,19209801,115.77,2,2024-01-14,2024-01-16,Delivered,Google Pay,231.54,2024-01,Jan,2024,1,Clothing,Running Jacket,48.71,134.12
805778992,809570,84087145,91.85,4,2024-06-05,2024-06-07,Shipped,Debit Card,367.4,2024-06,Jun,2024,6,Clothing,Hoodie,111.42,-78.28000000000003
564000836,216739,45507920,107.18,1,2024-12-18,2024-12-22,Delivered,PayPal,107.18,2024-12,Dec,2024,12,Electronics,Smart Watch,36.99,70.19
524753348,872246,24305904,150.6,2,2024-03-14,2024-03-19,Delivered,Debit Card,301.2,2024-03,Mar,2024,3,Clothing,Denim Jeans,29.09,243.01999999999998
131344962,126225,93370583,143.98,4,2023-06-11,2023-06-18,Returned,Apple Pay,575.92,2023-06,Jun,2023,6,Electronics,Bluetooth Speaker,22.88,484.4
891764728,334053,75575808,101.82,3,2023-08-16,2023-08-19,Returned,Credit Card,305.46,2023-08,Aug,2023,8,Electronics,Webcam HD,13.0,266.46
759392301,126225,24508349,290.79,1,2024-03-12,2024-03-13,Returned,Google Pay,290.79,2024-03,Mar,2024,3,Electronics,Bluetooth Speaker,22.88,267.91
311875497,246316,49392920,277.91,2,2024-07-02,2024-07-07,Cancelled,Credit Card,555.82,2024-07,Jul,2024,7,Clothing,Running Jacket,48.71,458.40000000000003
582727494,809570,80993218,217.35,2,2024-07-22,2024-07-29,Shipped,Apple Pay,434.7,2024-07,Jul,2024,7,Clothing,Hoodie,111.42,211.85999999999999
735873300,246316,50987442,264.85,5,2023-04-29,2023-04-30,Delivered,Debit Card,1324.25,2023-04,Apr,2023,4,Clothing,Running Jacket,48.71,1080.7
561228852,877572,70152969,67.53,5,2024-05-31,2024-06-04,Delivered,Credit Card,337.65,2024-05,May,2024,5,Electronics,USB-C Hub,46.28,106.24999999999997
517509245,246316,71070189,249.9,3,2023-03-16,2023-03-17,Delivered,Debit Card,749.7,2023-03,Mar,2023,3,Clothing,Running Jacket,48.71,603.57
104778194,388389,61053877,289.64,3,2023-08-10,2023-08-16,Cancelled,Apple Pay,868.92,2023-08,Aug,2023,8,Electronics,Laptop Stand,88.92,602.16
856704108,191161,59529086,37.23,5,2024-04-02,2024-04-06,Returned,Apple Pay,186.14999999999998,2024-04,Apr,2024,4,Home & Kitchen,Coffee Maker,50.5,-66.35000000000002
330635563,877572,96728778,215.83,4,2024-01-21,2024-01-24,Delivered,Apple Pay,863.32,2024-01,Jan,2024,1,Electronics,USB-C Hub,46.28,678.2
320959407,334053,29777514,186.09,4,2023-10-31,2023-11-01,Processing,Debit Card,744.36,2023-10,Oct,2023,10,Electronics,Webcam HD,13.0,692.36
398870482,126225,24282218,216.88,2,2023-01-18,2023-01-23,Delivered,PayPal,433.76,2023-01,Jan,2023,1,Electronics,Bluetooth Speaker,22.88,388.0
907803348,126225,50785405,115.7,4,2024-11-29,2024-12-05,Processing,Debit Card,462.8,2024-11,Nov,2024,11,Electronics,Bluetooth Speaker,22.88,371.28000000000003
855656265,770487,94187049,84.92,5,2023-03-19,2023-03-26,Cancelled,Credit Card,424.6,2023-03,Mar,2023,3,Electronics,Wireless Headphones,27.87,285.25
968366997,126225,54410148,132.18,1,2024-11-18,2024-11-20,Delivered,Apple Pay,132.18,2024-11,Nov,2024,11,Electronics,Bluetooth Speaker,22.88,109.30000000000001
954707142,671858,35714784,20.76,1,2023-03-26,2023-03-29,Delivered,Credit Card,20.76,2023-03,Mar,2023,3,Home & Kitchen,Air Fryer,110.01,-89.25
167177312,334053,30776478,18.9,1,2024-03-05,2024-03-06,Delivered,Apple Pay,18.9,2024-03,Mar,2024,3,Electronics,Webcam HD,13.0,5.899999999999999
719922596,356787,43887075,85.87,4,2023-08-02,2023-08-08,Delivered,Google Pay,343.48,2023-08,Aug,2023,8,Electronics,Mechanical Keyboard,38.72,188.60000000000002
209255425,246316,71510041,93.81,5,2023-08-14,2023-08-17,Cancelled,Debit Card,469.05,2023-08,Aug,2023,8,Clothing,Running Jacket,48.71,225.5
958459117,356787,82374753,41.25,5,2024-09-06,2024-09-08,Shipped,Apple Pay,206.25,2024-09,Sep,2024,9,Electronics,Mechanical Keyboard,38.72,12.650000000000006
676480186,126225,91424737,156.54,4,2023-09-06,2023-09-12,Cancelled,Apple Pay,626.16,2023-09,Sep,2023,9,Electronics,Bluetooth Speaker,22.88,534.64
300746596,216739,17849494,36.56,4,2023-01-24,2023-01-26,Cancelled,Debit Card,146.24,2023-01,Jan,2023,1,Electronics,Smart Watch,36.99,-1.7199999999999989
492767278,191161,98054615,235.81,2,2024-01-09,2024-01-11,Delivered,Apple Pay,471.62,2024-01,Jan,2024,1,Home & Kitchen,Coffee Maker,50.5,370.62
450023635,216739,18770247,47.27,1,2024-05-25,2024-05-31,Delivered,Credit Card,47.27,2024-05,May,2024,5,Electronics,Smart Watch,36.99,10.280000000000001
311606895,876646,40942292,16.02,4,2024-11-04,2024-11-06,Cancelled,Credit Card,64.08,2024-11,Nov,2024,11,Clothing,Cargo Shorts,8.69,29.32
591291025,877572,93926371,180.87,5,2023-11-24,2023-11-25,Returned,PayPal,904.35,2023-11,Nov,2023,11,Electronics,USB-C Hub,46.28,672.95
222358216,216739,82238741,286.75,2,2023-04-28,2023-05-02,Cancelled,Credit Card,573.5,2023-04,Apr,2023,4,Electronics,Smart Watch,36.99,499.52
381699808,719176,94482772,102.87,4,2023-07-22,2023-07-24,Returned,Debit Card,411.48,2023-07,Jul,2023,7,Home & Kitchen,Cast Iron Pan,90.67,48.80000000000001
820160169,334053,20075036,13.72,1,2023-07-25,2023-08-01,Delivered,Credit Card,13.72,2023-07,Jul,2023,7,Electronics,Webcam HD,13.0,0.7200000000000006
625579419,216739,40158366,161.09,1,2024-07-20,2024-07-24,Returned,PayPal,161.09,2024-07,Jul,2024,7,Electronics,Smart Watch,36.99,124.1
666629680,191161,26879290,196.66,2,2023-06-27,2023-07-02,Delivered,PayPal,393.32,2023-06,Jun,2023,6,Home & Kitchen,Coffee Maker,50.5,292.32
786237617,216739,91917334,190.26,2,2024-11-30,2024-12-01,Delivered,PayPal,380.52,2024-11,Nov,2024,11,Electronics,Smart Watch,36.99,306.53999999999996
436515102,877572,36096655,80.3,4,2024-03-10,2024-03-11,Shipped,Debit Card,321.2,2024-03,Mar,2024,3,Electronics,USB-C Hub,46.28,136.07999999999998
740992546,872246,31682744,245.11,2,2024-06-08,2024-06-15,Delivered,Apple Pay,490.22,2024-06,Jun,2024,6,Clothing,Denim Jeans,29.09,432.04
517298229,126225,98742485,294.59,4,2024-04-14,2024-04-20,Returned,Credit Card,1178.36,2024-04,Apr,2024,4,Electronics,Bluetooth Speaker,22.88,1086.84
756387421,216739,39557077,294.04,5,2023-04-01,2023-04-02,Delivered,Debit Card,1470.2,2023-04,Apr,2023,4,Electronics,Smart Watch,36.99,1285.25
521490916,770487,43446826,185.34,5,2024-05-24,2024-05-26,Processing,PayPal,926.7,2024-05,May,2024,5,Electronics,Wireless Headphones,27.87,787.35
730291513,770487,50987442,203.5,5,2023-11-12,2023-11-14,Delivered,Apple Pay,1017.5,2023-11,Nov,2023,11,Electronics,Wireless Headphones,27.87,878.15
222655758,334053,52133044,229.66,1,2024-10-25,2024-10-26,Shipped,Apple Pay,229.66,2024-10,Oct,2024,10,Electronics,Webcam HD,13.0,216.66
473581239,334053,22660194,148.82,2,2024-06-05,2024-06-09,Cancelled,Google Pay,297.64,2024-06,Jun,2024,6,Electronics,Webcam HD,13.0,271.64
477940931,872246,59597086,135.4,5,2024-02-23,2024-02-25,Cancelled,PayPal,677.0,2024-02,Feb,2024,2,Clothing,Denim Jeans,29.09,531.55
591624059,877572,41329612,143.36,4,2024-10-17,2024-10-19,Delivered,Google Pay,573.44,2024-10,Oct,2024,10,Electronics,USB-C Hub,46.28,388.32000000000005
762888128,877572,71265269,250.92,5,2024-03-30,2024-04-04,Delivered,Google Pay,1254.6,2024-03,Mar,2024,3,Electronics,USB-C Hub,46.28,1023.1999999999999
285250002,876646,69849511,34.82,4,2024-10-21,2024-10-25,Returned,PayPal,139.28,2024-10,Oct,2024,10,Clothing,Cargo Shorts,8.69,104.52000000000001
973744799,770487,41473195,179.27,3,2023-10-26,2023-10-31,Processing,Google Pay,537.8100000000001,2023-10,Oct,2023,10,Electronics,Wireless Headphones,27.87,454.20000000000005
823260532,126225,72372114,144.8,4,2024-05-03,2024-05-07,Delivered,Google Pay,579.2,2024-05,May,2024,5,Electronics,Bluetooth Speaker,22.88,487.68000000000006
858049231,191161,99913412,253.19,5,2023-01-26,2023-01-31,Delivered,Google Pay,1265.95,2023-01,Jan,2023,1,Home & Kitchen,Coffee Maker,50.5,1013.45
959652076,770487,48163378,234.22,1,2023-10-25,2023-10-26,Returned,Apple Pay,234.22,2023-10,Oct,2023,10,Electronics,Wireless Headphones,27.87,206.35
419378952,356787,50477742,30.28,2,2023-07-12,2023-07-17,Processing,PayPal,60.56,2023-07,Jul,2023,7,Electronics,Mechanical Keyboard,38.72,-16.879999999999995
759797724,770487,47346970,33.27,1,2024-06-29,2024-07-03,Returned,PayPal,33.27,2024-06,Jun,2024,6,Electronics,Wireless Headphones,27.87,5.400000000000002
733688460,872246,36998038,234.41,1,2024-10-29,2024-11-01,Cancelled,Google Pay,234.41,2024-10,Oct,2024,10,Clothing,Denim Jeans,29.09,205.32
191001735,216739,28213276,252.22,4,2024-04-02,2024-04-07,Delivered,Apple Pay,1008.88,2024-04,Apr,2024,4,Electronics,Smart Watch,36.99,860.92
821672704,770487,79340535,50.97,2,2023-01-18,2023-01-25,Delivered,Credit Card,101.94,2023-01,Jan,2023,1,Electronics,Wireless Headphones,27.87,46.199999999999996
243825321,216739,98834863,13.82,5,2023-12-15,2023-12-21,Shipped,Credit Card,69.1,2023-12,Dec,2023,12,Electronics,Smart Watch,36.99,-115.85000000000002
436280635,770487,22534217,184.2,2,2024-11-08,2024-11-14,Delivered,Debit Card,368.4,2024-11,Nov,2024,11,Electronics,Wireless Headphones,27.87,312.65999999999997
226552991,877572,13278320,248.03,5,2024-09-11,2024-09-13,Delivered,Apple Pay,1240.15,2024-09,Sep,2024,9,Electronics,USB-C Hub,46.28,1008.7500000000001
356165519,126225,77187530,66.7,2,2024-05-25,2024-05-31,Returned,PayPal,133.4,2024-05,May,2024,5,Electronics,Bluetooth Speaker,22.88,87.64000000000001
427899285,877572,96691619,50.27,5,2024-12-28,2025-01-01,Shipped,PayPal,251.35000000000002,2024-12,Dec,2024,12,Electronics,USB-C Hub,46.28,19.950000000000017
225572934,877572,65857931,298.29,3,2024-10-12,2024-10-15,Shipped,Credit Card,894.8700000000001,2024-10,Oct,2024,10,Electronics,USB-C Hub,46.28,756.0300000000001
296542559,671858,58942697,284.34,5,2023-11-09,2023-11-13,Delivered,Apple Pay,1421.6999999999998,2023-11,Nov,2023,11,Home & Kitchen,Air Fryer,110.01,871.6499999999997
500834337,809570,82238741,218.89,5,2023-09-19,2023-09-20,Shipped,Debit Card,1094.4499999999998,2023-09,Sep,2023,9,Clothing,Hoodie,111.42,537.3499999999998
844571822,356787,10475894,83.76,1,2024-01-17,2024-01-19,Delivered,Apple Pay,83.76,2024-01,Jan,2024,1,Electronics,Mechanical Keyboard,38.72,45.040000000000006
251782582,809570,43189803,248.58,3,2024-07-03,2024-07-09,Returned,Google Pay,745.74,2024-07,Jul,2024,7,Clothing,Hoodie,111.42,411.48
648494024,877572,14835614,238.09,5,2024-06-02,2024-06-04,Cancelled,Debit Card,1190.45,2024-06,Jun,2024,6,Electronics,USB-C Hub,46.28,959.0500000000001
517109257,809570,99152472,283.95,2,2024-11-01,2024-11-06,Returned,Apple Pay,567.9,2024-11,Nov,2024,11,Clothing,Hoodie,111.42,345.05999999999995
549080818,191161,26288475,96.91,3,2024-02-06,2024-02-13,Delivered,Debit Card,290.73,2024-02,Feb,2024,2,Home & Kitchen,Coffee Maker,50.5,139.23000000000002
740407346,770487,69038700,162.1,1,2024-04-29,2024-05-02,Processing,Google Pay,162.1,2024-04,Apr,2024,4,Electronics,Wireless Headphones,27.87,134.23
248033880,877572,41068214,73.34,3,2024-09-16,2024-09-21,Delivered,Debit Card,220.02,2024-09,Sep,2024,9,Electronics,USB-C Hub,46.28,81.18
717193289,191161,72350830,107.78,5,2024-09-03,2024-09-09,Delivered,PayPal,538.9,2024-09,Sep,2024,9,Home & Kitchen,Coffee Maker,50.5,286.4
512005439,770487,36786211,27.27,1,2023-11-23,2023-11-30,Processing,Debit Card,27.27,2023-11,Nov,2023,11,Electronics,Wireless Headphones,27.87,-0.6000000000000014
554234434,877572,81286543,142.78,3,2023-01-09,2023-01-10,Delivered,Google Pay,428.34000000000003,2023-01,Jan,2023,1,Electronics,USB-C Hub,46.28,289.5
299451515,770487,11898961,75.9,4,2024-04-23,2024-04-27,Delivered,Google Pay,303.6,2024-04,Apr,2024,4,Electronics,Wireless Headphones,27.87,192.12
622558165,126225,56138336,11.38,5,2024-10-05,2024-10-11,Delivered,Credit Card,56.900000000000006,2024-10,Oct,2024,10,Electronics,Bluetooth Speaker,22.88,-57.499999999999986
782364690,126225,18135295,206.2,1,2023-12-29,2023-12-30,Delivered,PayPal,206.2,2023-12,Dec,2023,12,Electronics,Bluetooth Speaker,22.88,183.32
677006598,770487,44392446,70.81,2,2023-04-07,2023-04-10,Delivered,Debit Card,141.62,2023-04,Apr,2023,4,Electronics,Wireless Headphones,27.87,85.88
844567935,719176,20099059,204.97,2,2024-12-01,2024-12-07,Returned,Debit Card,409.94,2024-12,Dec,2024,12,Home & Kitchen,Cast Iron Pan,90.67,228.6
792842747,671858,31079846,32.8,1,2023-12-05,2023-12-07,Delivered,Debit Card,32.8,2023-12,Dec,2023,12,Home & Kitchen,Air Fryer,110.01,-77.21000000000001
286009450,877572,63238057,298.18,2,2023-01-30,2023-02-02,Shipped,PayPal,596.36,2023-01,Jan,2023,1,Electronics,USB-C Hub,46.28,503.8
695832844,126225,25015458,135.89,4,2023-06-02,2023-06-07,Delivered,PayPal,543.56,2023-06,Jun,2023,6,Electronics,Bluetooth Speaker,22.88,452.03999999999996
279170491,216739,71968116,74.79,2,2024-01-08,2024-01-12,Processing,PayPal,149.58,2024-01,Jan,2024,1,Electronics,Smart Watch,36.99,75.60000000000001
625749126,770487,69302158,135.09,1,2024-10-09,2024-10-16,Returned,Google Pay,135.09,2024-10,Oct,2024,10,Electronics,Wireless Headphones,27.87,107.22
410133983,191161,14216175,104.0,1,2024-08-21,2024-08-23,Shipped,PayPal,104.0,2024-08,Aug,2024,8,Home & Kitchen,Coffee Maker,50.5,53.5
250642261,356787,35921441,209.69,1,2024-12-01,2024-12-03,Returned,Apple Pay,209.69,2024-12,Dec,2024,12,Electronics,Mechanical Keyboard,38.72,170.97
300895568,126225,40094589,142.12,2,2023-04-21,2023-04-25,Shipped,PayPal,284.24,2023-04,Apr,2023,4,Electronics,Bluetooth Speaker,22.88,238.48000000000002
437777716,216739,99788677,250.82,3,2024-11-14,2024-11-17,Shipped,Debit Card,752.46,2024-11,Nov,2024,11,Electronics,Smart Watch,36.99,641.49
584258607,671858,67854710,133.04,5,2023-06-27,2023-07-04,Delivered,Google Pay,665.1999999999999,2023-06,Jun,2023,6,Home & Kitchen,Air Fryer,110.01,115.14999999999986
765086407,216739,22489409,56.33,5,2024-03-28,2024-04-01,Processing,Credit Card,281.65,2024-03,Mar,2024,3,Electronics,Smart Watch,36.99,96.69999999999996
157564650,334053,79008866,135.12,1,2024-09-09,2024-09-16,Returned,Debit Card,135.12,2024-09,Sep,2024,9,Electronics,Webcam HD,13.0,122.12
485515372,719176,68571795,225.96,1,2023-03-17,2023-03-21,Delivered,PayPal,225.96,2023-03,Mar,2023,3,Home & Kitchen,Cast Iron Pan,90.67,135.29000000000002
110290140,770487,63782042,181.14,2,2024-09-22,2024-09-29,Returned,Debit Card,362.28,2024-09,Sep,2024,9,Electronics,Wireless Headphones,27.87,306.53999999999996
620344871,719176,19943140,75.98,1,2024-03-04,2024-03-08,Delivered,Debit Card,75.98,2024-03,Mar,2024,3,Home & Kitchen,Cast Iron Pan,90.67,-14.689999999999998
246603034,388389,41329612,163.86,1,2024-06-27,2024-07-02,Delivered,Google Pay,163.86,2024-06,Jun,2024,6,Electronics,Laptop Stand,88.92,74.94000000000001
309517616,356787,27758595,198.55,1,2024-11-04,2024-11-07,Delivered,PayPal,198.55,2024-11,Nov,2024,11,Electronics,Mechanical Keyboard,38.72,159.83
975331448,207473,54988206,23.39,2,2023-11-01,2023-11-04,Processing,Debit Card,46.78,2023-11,Nov,2023,11,Clothing,Graphic Tee,66.43,-86.08000000000001
512256916,671858,97705310,48.42,3,2023-09-10,2023-09-13,Returned,PayPal,145.26,2023-09,Sep,2023,9,Home & Kitchen,Air Fryer,110.01,-184.77000000000004
702994164,216739,33640702,41.95,3,2024-09-16,2024-09-17,Delivered,Google Pay,125.85000000000001,2024-09,Sep,2024,9,Electronics,Smart Watch,36.99,14.88000000000001
642709938,770487,13852048,269.63,5,2023-09-22,2023-09-24,Returned,Debit Card,1348.15,2023-09,Sep,2023,9,Electronics,Wireless Headphones,27.87,1208.8000000000002
801228319,877572,89520597,275.44,1,2024-01-17,2024-01-19,Delivered,Debit Card,275.44,2024-01,Jan,2024,1,Electronics,USB-C Hub,46.28,229.16
631469831,809570,66390708,206.67,1,2024-05-10,2024-05-11,Delivered,Credit Card,206.67,2024-05,May,2024,5,Clothing,Hoodie,111.42,95.24999999999999
539304662,770487,51154241,46.68,3,2024-04-23,2024-04-28,Returned,Credit Card,140.04,2024-04,Apr,2024,4,Electronics,Wireless Headphones,27.87,56.42999999999999
835187452,719176,16729990,254.13,2,2024-06-05,2024-06-06,Cancelled,Google Pay,508.26,2024-06,Jun,2024,6,Home & Kitchen,Cast Iron Pan,90.67,326.91999999999996
627986647,216739,21432787,76.28,5,2024-05-30,2024-06-03,Delivered,Debit Card,381.4,2024-05,May,2024,5,Electronics,Smart Watch,36.99,196.44999999999996
546279777,216739,43704923,270.96,3,2024-02-11,2024-02-16,Shipped,Debit Card,812.8799999999999,2024-02,Feb,2024,2,Electronics,Smart Watch,36.99,701.9099999999999
862509565,809570,93893865,234.12,3,2024-05-10,2024-05-11,Delivered,Google Pay,702.36,2024-05,May,2024,5,Clothing,Hoodie,111.42,368.1
576582183,872246,87267850,196.6,3,2023-01-02,2023-01-06,Returned,Google Pay,589.8,2023-01,Jan,2023,1,Clothing,Denim Jeans,29.09,502.53
624737111,876646,85543051,260.37,1,2023-03-24,2023-03-27,Delivered,PayPal,260.37,2023-03,Mar,2023,3,Clothing,Cargo Shorts,8.69,251.68
279587066,216739,24972279,197.39,5,2023-05-15,2023-05-22,Delivered,Google Pay,986.9499999999999,2023-05,May,2023,5,Electronics,Smart Watch,36.99,801.9999999999999
188766909,246316,51273847,282.63,3,2023-08-07,2023-08-13,Delivered,Debit Card,847.89,2023-08,Aug,2023,8,Clothing,Running Jacket,48.71,701.76
707091264,877572,43183955,78.93,1,2024-02-11,2024-02-12,Delivered,Credit Card,78.93,2024-02,Feb,2024,2,Electronics,USB-C Hub,46.28,32.650000000000006
133136428,207473,85563727,208.59,4,2023-10-07,2023-10-11,Cancelled,PayPal,834.36,2023-10,Oct,2023,10,Clothing,Graphic Tee,66.43,568.64
954570592,388389,43859311,52.39,4,2024-12-29,2025-01-04,Processing,Google Pay,209.56,2024-12,Dec,2024,12,Electronics,Laptop Stand,88.92,-146.12
917178325,216739,43189803,139.45,1,2024-11-11,2024-11-13,Delivered,PayPal,139.45,2024-11,Nov,2024,11,Electronics,Smart Watch,36.99,102.45999999999998
336791759,126225,50392808,168.18,2,2023-03-03,2023-03-04,Delivered,Credit Card,336.36,2023-03,Mar,2023,3,Electronics,Bluetooth Speaker,22.88,290.6
413629152,216739,99508850,19.13,5,2023-08-30,2023-09-01,Cancelled,Debit Card,95.64999999999999,2023-08,Aug,2023,8,Electronics,Smart Watch,36.99,-89.30000000000003
135106082,809570,37888820,161.65,4,2024-11-19,2024-11-23,Delivered,Apple Pay,646.6,2024-11,Nov,2024,11,Clothing,Hoodie,111.42,200.92000000000002
395121074,770487,42255732,297.19,4,2024-12-19,2024-12-23,Processing,Credit Card,1188.76,2024-12,Dec,2024,12,Electronics,Wireless Headphones,27.87,1077.28
341423782,246316,19255216,197.91,4,2024-12-24,2024-12-27,Shipped,Debit Card,791.64,2024-12,Dec,2024,12,Clothing,Running Jacket,48.71,596.8
677252858,126225,97529405,212.63,1,2023-03-24,2023-03-27,Returned,Credit Card,212.63,2023-03,Mar,2023,3,Electronics,Bluetooth Speaker,22.88,189.75
409957384,246316,75041510,80.01,5,2023-04-27,2023-05-01,Delivered,Credit Card,400.05,2023-04,Apr,2023,4,Clothing,Running Jacket,48.71,156.5
280613009,671858,55298556,40.21,2,2024-09-13,2024-09-16,Shipped,Credit Card,80.42,2024-09,Sep,2024,9,Home & Kitchen,Air Fryer,110.01,-139.60000000000002
938313402,770487,36550845,33.34,3,2024-08-21,2024-08-28,Returned,PayPal,100.02000000000001,2024-08,Aug,2024,8,Electronics,Wireless Headphones,27.87,16.41000000000001
591045102,126225,63640499,51.1,4,2024-09-12,2024-09-16,Delivered,PayPal,204.4,2024-09,Sep,2024,9,Electronics,Bluetooth Speaker,22.88,112.88000000000001
707362554,334053,68186525,134.05,1,2023-07-10,2023-07-14,Delivered,Apple Pay,134.05,2023-07,Jul,2023,7,Electronics,Webcam HD,13.0,121.05000000000001
897272900,246316,81979055,205.95,5,2024-12-05,2024-12-12,Shipped,Debit Card,1029.75,2024-12,Dec,2024,12,Clothing,Running Jacket,48.71,786.2
929516706,191161,26247735,40.89,4,2023-12-29,2024-01-02,Returned,Apple Pay,163.56,2023-12,Dec,2023,12,Home & Kitchen,Coffee Maker,50.5,-38.44
922399856,719176,40094589,117.94,4,2023-08-13,2023-08-14,Delivered,Apple Pay,471.76,2023-08,Aug,2023,8,Home & Kitchen,Cast Iron Pan,90.67,109.07999999999998
631838653,877572,86320155,297.89,2,2023-10-21,2023-10-28,Cancelled,Debit Card,595.78,2023-10,Oct,2023,10,Electronics,USB-C Hub,46.28,503.21999999999997
690263993,877572,43887075,120.42,1,2023-10-23,2023-10-29,Delivered,PayPal,120.42,2023-10,Oct,2023,10,Electronics,USB-C Hub,46.28,74.14
648473746,877572,26090908,69.38,2,2024-05-21,2024-05-25,Delivered,PayPal,138.76,2024-05,May,2024,5,Electronics,USB-C Hub,46.28,46.19999999999999
221559383,877572,87265240,96.47,1,2023-04-10,2023-04-16,Delivered,Debit Card,96.47,2023-04,Apr,2023,4,Electronics,USB-C Hub,46.28,50.19
714947037,388389,24665841,297.19,4,2024-09-07,2024-09-11,Delivered,Apple Pay,1188.76,2024-09,Sep,2024,9,Electronics,Laptop Stand,88.92,833.0799999999999
222628457,388389,66851377,119.35,5,2024-02-02,2024-02-05,Shipped,Google Pay,596.75,2024-02,Feb,2024,2,Electronics,Laptop Stand,88.92,152.14999999999998
387643522,872246,36697396,169.84,2,2023-08-10,2023-08-14,Delivered,Credit Card,339.68,2023-08,Aug,2023,8,Clothing,Denim Jeans,29.09,281.5
932271276,388389,12621534,276.94,2,2024-11-30,2024-12-05,Shipped,Debit Card,553.88,2024-11,Nov,2024,11,Electronics,Laptop Stand,88.92,376.03999999999996
683155818,876646,64830300,292.89,2,2023-12-19,2023-12-24,Returned,Google Pay,585.78,2023-12,Dec,2023,12,Clothing,Cargo Shorts,8.69,568.4
983993176,216739,17634247,121.15,5,2024-05-09,2024-05-10,Delivered,PayPal,605.75,2024-05,May,2024,5,Electronics,Smart Watch,36.99,420.79999999999995
493914829,126225,45575298,281.62,2,2024-01-22,2024-01-28,Processing,Credit Card,563.24,2024-01,Jan,2024,1,Electronics,Bluetooth Speaker,22.88,517.48
682014641,216739,34941004,55.48,4,2023-05-12,2023-05-17,Delivered,Google Pay,221.92,2023-05,May,2023,5,Electronics,Smart Watch,36.99,73.95999999999998
983271755,770487,83534128,234.07,4,2024-12-14,2024-12-19,Cancelled,Credit Card,936.28,2024-12,Dec,2024,12,Electronics,Wireless Headphones,27.87,824.8
912593046,191161,56397338,162.48,5,2024-11-24,2024-11-28,Cancelled,PayPal,812.4,2024-11,Nov,2024,11,Home & Kitchen,Coffee Maker,50.5,559.9
144678958,191161,85146293,140.14,5,2024-08-18,2024-08-23,Delivered,PayPal,700.6999999999999,2024-08,Aug,2024,8,Home & Kitchen,Coffee Maker,50.5,448.19999999999993
916048218,126225,64547971,46.02,3,2023-04-20,2023-04-24,Processing,Apple Pay,138.06,2023-04,Apr,2023,4,Electronics,Bluetooth Speaker,22.88,69.42
871999153,877572,52133044,37.52,5,2024-06-13,2024-06-19,Processing,Credit Card,187.60000000000002,2024-06,Jun,2024,6,Electronics,USB-C Hub,46.28,-43.79999999999998
573913756,719176,43446826,71.26,3,2023-03-20,2023-03-24,Shipped,Debit Card,213.78000000000003,2023-03,Mar,2023,3,Home & Kitchen,Cast Iron Pan,90.67,-58.22999999999996
686642360,216739,71367643,182.94,3,2023-04-07,2023-04-09,Returned,PayPal,548.8199999999999,2023-04,Apr,2023,4,Electronics,Smart Watch,36.99,437.8499999999999
334657613,246316,88990506,131.37,3,2024-02-29,2024-03-01,Processing,Apple Pay,394.11,2024-02,Feb,2024,2,Clothing,Running Jacket,48.71,247.98000000000002
556506372,877572,72415804,35.71,2,2024-06-03,2024-06-04,Processing,Google Pay,71.42,2024-06,Jun,2024,6,Electronics,USB-C Hub,46.28,-21.14
209968815,809570,85958181,163.81,2,2023-02-24,2023-02-28,Cancelled,Credit Card,327.62,2023-02,Feb,2023,2,Clothing,Hoodie,111.42,104.78
890261845,216739,35643159,32.28,4,2023-01-14,2023-01-18,Delivered,Debit Card,129.12,2023-01,Jan,2023,1,Electronics,Smart Watch,36.99,-18.840000000000003
991281644,671858,19196777,74.31,2,2023-04-28,2023-05-02,Shipped,Credit Card,148.62,2023-04,Apr,2023,4,Home & Kitchen,Air Fryer,110.01,-71.4
801874646,671858,94705205,259.68,3,2024-04-26,2024-05-01,Delivered,Google Pay,779.04,2024-04,Apr,2024,4,Home & Kitchen,Air Fryer,110.01,449.00999999999993
906751081,770487,27232410,184.58,1,2023-11-14,2023-11-20,Delivered,Apple Pay,184.58,2023-11,Nov,2023,11,Electronics,Wireless Headphones,27.87,156.71
365785059,126225,18083974,159.6,3,2023-10-30,2023-11-02,Processing,Debit Card,478.79999999999995,2023-10,Oct,2023,10,Electronics,Bluetooth Speaker,22.88,410.15999999999997
419662531,356787,84252420,275.94,5,2024-11-27,2024-12-02,Returned,Credit Card,1379.7,2024-11,Nov,2024,11,Electronics,Mechanical Keyboard,38.72,1186.1000000000001
134607126,126225,58024342,193.3,2,2023-08-12,2023-08-17,Delivered,PayPal,386.6,2023-08,Aug,2023,8,Electronics,Bluetooth Speaker,22.88,340.84000000000003
582896428,216739,29876811,184.05,2,2023-03-13,2023-03-20,Delivered,Google Pay,368.1,2023-03,Mar,2023,3,Electronics,Smart Watch,36.99,294.12
382195698,719176,76344695,153.11,4,2023-09-18,2023-09-25,Delivered,Credit Card,612.44,2023-09,Sep,2023,9,Home & Kitchen,Cast Iron Pan,90.67,249.76000000000005
474281674,191161,93131979,127.68,1,2024-12-24,2024-12-26,Delivered,Google Pay,127.68,2024-12,Dec,2024,12,Home & Kitchen,Coffee Maker,50.5,77.18
976955647,126225,26726926,249.19,5,2023-09-22,2023-09-23,Delivered,PayPal,1245.95,2023-09,Sep,2023,9,Electronics,Bluetooth Speaker,22.88,1131.55
193397288,877572,48250360,80.27,4,2023-02-23,2023-02-28,Processing,Apple Pay,321.08,2023-02,Feb,2023,2,Electronics,USB-C Hub,46.28,135.95999999999998
571447714,872246,91363974,198.67,4,2024-09-28,2024-09-29,Cancelled,PayPal,794.68,2024-09,Sep,2024,9,Clothing,Denim Jeans,29.09,678.3199999999999
226042285,356787,94187049,49.32,3,2024-07-05,2024-07-09,Cancelled,Credit Card,147.96,2024-07,Jul,2024,7,Electronics,Mechanical Keyboard,38.72,31.80000000000001
932828137,872246,82232344,60.98,1,2024-09-11,2024-09-18,Shipped,Apple Pay,60.98,2024-09,Sep,2024,9,Clothing,Denim Jeans,29.09,31.889999999999997
971759086,809570,80166708,284.25,1,2023-12-03,2023-12-09,Shipped,Apple Pay,284.25,2023-12,Dec,2023,12,Clothing,Hoodie,111.42,172.82999999999998
354418892,216739,42787299,65.7,4,2024-09-28,2024-10-02,Shipped,Credit Card,262.8,2024-09,Sep,2024,9,Electronics,Smart Watch,36.99,114.84
325354965,246316,34627347,75.64,3,2024-05-05,2024-05-11,Delivered,Debit Card,226.92000000000002,2024-05,May,2024,5,Clothing,Running Jacket,48.71,80.79000000000002
970485411,216739,64549859,256.78,3,2023-06-24,2023-06-30,Delivered,Google Pay,770.3399999999999,2023-06,Jun,2023,6,Electronics,Smart Watch,36.99,659.3699999999999
892005907,872246,76001106,244.71,4,2023-08-24,2023-08-31,Cancelled,Debit Card,978.84,2023-08,Aug,2023,8,Clothing,Denim Jeans,29.09,862.48
731278472,126225,26288475,271.51,1,2023-11-17,2023-11-20,Processing,Credit Card,271.51,2023-11,Nov,2023,11,Electronics,Bluetooth Speaker,22.88,248.63
839951555,809570,33763566,95.98,5,2023-10-02,2023-10-04,Returned,PayPal,479.90000000000003,2023-10,Oct,2023,10,Clothing,Hoodie,111.42,-77.19999999999999
476486996,126225,83871890,211.0,2,2023-02-01,2023-02-03,Returned,PayPal,422.0,2023-02,Feb,2023,2,Electronics,Bluetooth Speaker,22.88,376.24
863166250,770487,50962024,111.79,1,2024-03-25,2024-03-29,Delivered,Google Pay,111.79,2024-03,Mar,2024,3,Electronics,Wireless Headphones,27.87,83.92
755263618,334053,68571795,12.33,5,2024-03-02,2024-03-05,Delivered,Credit Card,61.65,2024-03,Mar,2024,3,Electronics,Webcam HD,13.0,-3.3500000000000014
779432289,388389,52169044,189.8,1,2024-09-27,2024-10-02,Delivered,Apple Pay,189.8,2024-09,Sep,2024,9,Electronics,Laptop Stand,88.92,100.88000000000001
559740884,216739,24508349,208.46,5,2023-11-29,2023-11-30,Delivered,Google Pay,1042.3,2023-11,Nov,2023,11,Electronics,Smart Watch,36.99,857.3499999999999
278221407,719176,97873101,271.52,1,2023-03-19,2023-03-25,Delivered,Debit Card,271.52,2023-03,Mar,2023,3,Home & Kitchen,Cast Iron Pan,90.67,180.84999999999997
761587312,126225,15334035,297.11,1,2024-08-14,2024-08-19,Cancelled,Debit Card,297.11,2024-08,Aug,2024,8,Electronics,Bluetooth Speaker,22.88,274.23
249502403,877572,73001391,179.08,4,2024-01-26,2024-01-30,Processing,Debit Card,716.32,2024-01,Jan,2024,1,Electronics,USB-C Hub,46.28,531.2
942725534,126225,24366125,121.27,5,2023-08-26,2023-08-31,Delivered,Credit Card,606.35,2023-08,Aug,2023,8,Electronics,Bluetooth Speaker,22.88,491.95000000000005
321856166,216739,46249845,252.36,2,2024-11-24,2024-11-25,Returned,PayPal,504.72,2024-11,Nov,2024,11,Electronics,Smart Watch,36.99,430.74
973521043,216739,54585178,133.14,2,2023-01-03,2023-01-07,Processing,Debit Card,266.28,2023-01,Jan,2023,1,Electronics,Smart Watch,36.99,192.29999999999995
322203053,388389,19736572,160.03,5,2023-11-04,2023-11-10,Delivered,Debit Card,800.15,2023-11,Nov,2023,11,Electronics,Laptop Stand,88.92,355.54999999999995
964835149,126225,57553014,136.48,5,2024-06-23,2024-06-27,Delivered,Credit Card,682.4,2024-06,Jun,2024,6,Electronics,Bluetooth Speaker,22.88,568.0
163734988,872246,99508850,92.43,5,2023-10-22,2023-10-24,Delivered,Apple Pay,462.15000000000003,2023-10,Oct,2023,10,Clothing,Denim Jeans,29.09,316.70000000000005
712112671,207473,42016960,16.03,3,2023-12-04,2023-12-07,Delivered,PayPal,48.09,2023-12,Dec,2023,12,Clothing,Graphic Tee,66.43,-151.20000000000002
476685251,191161,20200074,292.47,5,2023-12-22,2023-12-24,Cancelled,Google Pay,1462.3500000000001,2023-12,Dec,2023,12,Home & Kitchen,Coffee Maker,50.5,1209.8500000000001
671532152,671858,92613013,264.94,4,2024-09-15,2024-09-18,Returned,Credit Card,1059.76,2024-09,Sep,2024,9,Home & Kitchen,Air Fryer,110.01,619.72
401812742,877572,68450095,104.75,3,2024-03-08,2024-03-11,Processing,Credit Card,314.25,2024-03,Mar,2024,3,Electronics,USB-C Hub,46.28,175.41
740871060,191161,40150759,84.99,1,2023-12-03,2023-12-04,Returned,Google Pay,84.99,2023-12,Dec,2023,12,Home & Kitchen,Coffee Maker,50.5,34.489999999999995
678498324,770487,20075036,180.71,3,2024-08-29,2024-09-05,Delivered,Google Pay,542.13,2024-08,Aug,2024,8,Electronics,Wireless Headphones,27.87,458.52
280793819,872246,27778019,224.47,5,2023-10-09,2023-10-12,Cancelled,Apple Pay,1122.35,2023-10,Oct,2023,10,Clothing,Denim Jeans,29.09,976.8999999999999
447520416,877572,72350830,166.27,5,2024-04-05,2024-04-10,Delivered,Apple Pay,831.35,2024-04,Apr,2024,4,Electronics,USB-C Hub,46.28,599.95
855971970,770487,97705310,257.46,1,2024-04-13,2024-04-19,Returned,Apple Pay,257.46,2024-04,Apr,2024,4,Electronics,Wireless Headphones,27.87,229.58999999999997
414214115,126225,42730796,33.42,2,2024-03-26,2024-03-27,Returned,Google Pay,66.84,2024-03,Mar,2024,3,Electronics,Bluetooth Speaker,22.88,21.080000000000005
410669201,388389,16895666,107.64,4,2024-04-03,2024-04-04,Returned,PayPal,430.56,2024-04,Apr,2024,4,Electronics,Laptop Stand,88.92,74.88
714970148,334053,25480907,108.21,5,2023-01-01,2023-01-07,Cancelled,Google Pay,541.05,2023-01,Jan,2023,1,Electronics,Webcam HD,13.0,476.04999999999995
387057426,334053,89133014,152.49,3,2023-04-09,2023-04-13,Delivered,Google Pay,457.47,2023-04,Apr,2023,4,Electronics,Webcam HD,13.0,418.47
652348887,719176,15334035,211.34,3,2023-07-29,2023-08-01,Processing,Apple Pay,634.02,2023-07,Jul,2023,7,Home & Kitchen,Cast Iron Pan,90.67,362.01
829392084,207473,95758349,230.24,1,2023-10-12,2023-10-15,Cancelled,PayPal,230.24,2023-10,Oct,2023,10,Clothing,Graphic Tee,66.43,163.81
975293837,671858,23769080,285.02,4,2024-08-13,2024-08-20,Delivered,PayPal,1140.08,2024-08,Aug,2024,8,Home & Kitchen,Air Fryer,110.01,700.04
202247242,126225,43046464,30.9,5,2024-07-28,2024-08-01,Processing,Debit Card,154.5,2024-07,Jul,2024,7,Electronics,Bluetooth Speaker,22.88,40.10000000000001
245587477,877572,20117988,254.89,3,2023-11-04,2023-11-05,Delivered,Debit Card,764.67,2023-11,Nov,2023,11,Electronics,USB-C Hub,46.28,625.8299999999999
905407446,877572,33607110,119.14,3,2023-06-26,2023-07-03,Processing,Credit Card,357.42,2023-06,Jun,2023,6,Electronics,USB-C Hub,46.28,218.58
943629337,809570,98641164,197.57,5,2023-09-13,2023-09-18,Delivered,Apple Pay,987.8499999999999,2023-09,Sep,2023,9,Clothing,Hoodie,111.42,430.7499999999999
541948074,191161,91415657,66.79,5,2024-11-18,2024-11-22,Delivered,Debit Card,333.95000000000005,2024-11,Nov,2024,11,Home & Kitchen,Coffee Maker,50.5,81.45000000000005
163657733,770487,41944441,33.04,2,2023-01-23,2023-01-30,Shipped,Google Pay,66.08,2023-01,Jan,2023,1,Electronics,Wireless Headphones,27.87,10.339999999999996
397773877,126225,41944441,70.42,3,2024-09-17,2024-09-23,Cancelled,Google Pay,211.26,2024-09,Sep,2024,9,Electronics,Bluetooth Speaker,22.88,142.62
804263267,877572,46855845,119.04,4,2023-12-25,2023-12-30,Delivered,Debit Card,476.16,2023-12,Dec,2023,12,Electronics,USB-C Hub,46.28,291.04
236245128,216739,80823176,132.5,3,2023-07-18,2023-07-24,Delivered,PayPal,397.5,2023-07,Jul,2023,7,Electronics,Smart Watch,36.99,286.53
853150998,877572,31687165,236.45,4,2024-02-17,2024-02-22,Cancelled,Debit Card,945.8,2024-02,Feb,2024,2,Electronics,USB-C Hub,46.28,760.68
242475723,770487,43742830,74.47,4,2023-06-04,2023-06-06,Cancelled,Apple Pay,297.88,2023-06,Jun,2023,6,Electronics,Wireless Headphones,27.87,186.39999999999998
368088898,216739,69421007,266.0,1,2023-02-18,2023-02-22,Shipped,PayPal,266.0,2023-02,Feb,2023,2,Electronics,Smart Watch,36.99,229.01
257027702,388389,20399639,60.18,4,2024-04-17,2024-04-21,Delivered,Apple Pay,240.72,2024-04,Apr,2024,4,Electronics,Laptop Stand,88.92,-114.96000000000001
863854401,877572,77750178,212.01,5,2024-07-05,2024-07-08,Processing,Google Pay,1060.05,2024-07,Jul,2024,7,Electronics,USB-C Hub,46.28,828.65
445848708,719176,61053877,237.22,3,2024-05-22,2024-05-25,Processing,PayPal,711.66,2024-05,May,2024,5,Home & Kitchen,Cast Iron Pan,90.67,439.65
989575564,216739,64543049,106.93,5,2024-05-29,2024-06-04,Delivered,Debit Card,534.6500000000001,2024-05,May,2024,5,Electronics,Smart Watch,36.99,349.70000000000005
365809875,246316,10475894,237.35,4,2023-01-29,2023-02-05,Shipped,Apple Pay,949.4,2023-01,Jan,2023,1,Clothing,Running Jacket,48.71,754.56
917626034,334053,99514287,262.9,1,2023-01-26,2023-01-29,Returned,Apple Pay,262.9,2023-01,Jan,2023,1,Electronics,Webcam HD,13.0,249.89999999999998
826101325,334053,14216175,139.08,2,2023-11-12,2023-11-17,Delivered,Credit Card,278.16,2023-11,Nov,2023,11,Electronics,Webcam HD,13.0,252.16000000000003
521659217,877572,70465583,235.31,1,2023-08-01,2023-08-07,Processing,Google Pay,235.31,2023-08,Aug,2023,8,Electronics,USB-C Hub,46.28,189.03
625552311,770487,35643159,256.81,1,2023-02-17,2023-02-22,Returned,Apple Pay,256.81,2023-02,Feb,2023,2,Electronics,Wireless Headphones,27.87,228.94
252655630,216739,37326368,86.37,2,2023-10-25,2023-10-31,Processing,PayPal,172.74,2023-10,Oct,2023,10,Electronics,Smart Watch,36.99,98.76
720005941,809570,49682169,286.6,2,2023-09-09,2023-09-12,Returned,Debit Card,573.2,2023-09,Sep,2023,9,Clothing,Hoodie,111.42,350.36
779036456,334053,12614124,275.46,1,2024-10-08,2024-10-14,Returned,Credit Card,275.46,2024-10,Oct,2024,10,Electronics,Webcam HD,13.0,262.46
388532840,388389,87669750,27.37,2,2023-03-22,2023-03-23,Returned,PayPal,54.74,2023-03,Mar,2023,3,Electronics,Laptop Stand,88.92,-123.1
774108885,207473,81259135,132.2,1,2024-01-06,2024-01-13,Processing,Google Pay,132.2,2024-01,Jan,2024,1,Clothing,Graphic Tee,66.43,65.76999999999998
544770805,872246,91378577,101.15,1,2024-02-13,2024-02-20,Delivered,Google Pay,101.15,2024-02,Feb,2024,2,Clothing,Denim Jeans,29.09,72.06
502838221,216739,47463522,227.16,4,2024-05-29,2024-05-31,Returned,PayPal,908.64,2024-05,May,2024,5,Electronics,Smart Watch,36.99,760.68
585322421,334053,98588154,140.11,1,2023-11-10,2023-11-14,Processing,Apple Pay,140.11,2023-11,Nov,2023,11,Electronics,Webcam HD,13.0,127.11000000000001
181084980,872246,11540956,143.84,5,2023-10-15,2023-10-21,Shipped,Apple Pay,719.2,2023-10,Oct,2023,10,Clothing,Denim Jeans,29.09,573.75
780352629,809570,87844239,215.36,1,2024-07-14,2024-07-16,Cancelled,PayPal,215.36,2024-07,Jul,2024,7,Clothing,Hoodie,111.42,103.94000000000001
953193777,877572,44188276,118.72,5,2024-09-06,2024-09-11,Cancelled,Google Pay,593.6,2024-09,Sep,2024,9,Electronics,USB-C Hub,46.28,362.20000000000005
925583165,216739,17318358,77.14,2,2023-08-27,2023-09-02,Processing,Debit Card,154.28,2023-08,Aug,2023,8,Electronics,Smart Watch,36.99,80.3
199959766,246316,64543049,90.68,4,2023-01-18,2023-01-21,Cancelled,Debit Card,362.72,2023-01,Jan,2023,1,Clothing,Running Jacket,48.71,167.88000000000002
532557724,207473,41568532,83.47,3,2023-06-09,2023-06-10,Delivered,Debit Card,250.41,2023-06,Jun,2023,6,Clothing,Graphic Tee,66.43,51.119999999999976
653635749,877572,64502486,150.51,4,2023-02-03,2023-02-06,Returned,Debit Card,602.04,2023-02,Feb,2023,2,Electronics,USB-C Hub,46.28,416.91999999999996
905094179,877572,27758595,222.63,5,2023-09-17,2023-09-21,Delivered,Debit Card,1113.15,2023-09,Sep,2023,9,Electronics,USB-C Hub,46.28,881.7500000000001
398742558,388389,15197528,64.5,5,2023-05-12,2023-05-13,Delivered,PayPal,322.5,2023-05,May,2023,5,Electronics,Laptop Stand,88.92,-122.10000000000002
845932321,216739,76001106,156.31,2,2023-08-20,2023-08-27,Returned,PayPal,312.62,2023-08,Aug,2023,8,Electronics,Smart Watch,36.99,238.64
496287154,216739,86320155,228.88,4,2024-11-29,2024-12-05,Shipped,PayPal,915.52,2024-11,Nov,2024,11,Electronics,Smart Watch,36.99,767.56
588225728,719176,83300637,37.69,1,2024-05-05,2024-05-08,Delivered,PayPal,37.69,2024-05,May,2024,5,Home & Kitchen,Cast Iron Pan,90.67,-52.980000000000004
624033772,216739,80166708,113.04,3,2023-01-09,2023-01-11,Delivered,PayPal,339.12,2023-01,Jan,2023,1,Electronics,Smart Watch,36.99,228.15
451424185,719176,61536717,246.26,3,2023-11-22,2023-11-27,Delivered,Google Pay,738.78,2023-11,Nov,2023,11,Home & Kitchen,Cast Iron Pan,90.67,466.77
724870012,719176,20993268,58.65,1,2024-01-09,2024-01-15,Shipped,Google Pay,58.65,2024-01,Jan,2024,1,Home & Kitchen,Cast Iron Pan,90.67,-32.02
102655449,770487,20200074,214.7,1,2024-06-19,2024-06-22,Delivered,Google Pay,214.7,2024-06,Jun,2024,6,Electronics,Wireless Headphones,27.87,186.82999999999998
931221434,770487,64502486,229.78,2,2024-04-16,2024-04-19,Delivered,Google Pay,459.56,2024-04,Apr,2024,4,Electronics,Wireless Headphones,27.87,403.82
886756432,877572,35556386,100.19,5,2024-08-24,2024-08-26,Delivered,Google Pay,500.95,2024-08,Aug,2024,8,Electronics,USB-C Hub,46.28,269.54999999999995
200010094,719176,75228535,288.54,1,2023-02-26,2023-02-28,Returned,PayPal,288.54,2023-02,Feb,2023,2,Home & Kitchen,Cast Iron Pan,90.67,197.87
884832186,126225,23141087,294.78,2,2024-12-21,2024-12-26,Delivered,Debit Card,589.56,2024-12,Dec,2024,12,Electronics,Bluetooth Speaker,22.88,543.8
592256138,216739,66431351,225.91,2,2024-08-11,2024-08-15,Returned,Credit Card,451.82,2024-08,Aug,2024,8,Electronics,Smart Watch,36.99,377.84
781654847,191161,57553014,159.34,2,2023-06-27,2023-06-28,Shipped,Debit Card,318.68,2023-06,Jun,2023,6,Home & Kitchen,Coffee Maker,50.5,217.68
813118992,770487,65259205,67.02,1,2024-02-16,2024-02-17,Delivered,PayPal,67.02,2024-02,Feb,2024,2,Electronics,Wireless Headphones,27.87,39.14999999999999
848708337,770487,70597444,21.3,1,2023-11-25,2023-11-27,Returned,PayPal,21.3,2023-11,Nov,2023,11,Electronics,Wireless Headphones,27.87,-6.57
484638726,877572,55298556,216.53,1,2023-04-01,2023-04-07,Processing,Apple Pay,216.53,2023-04,Apr,2023,4,Electronics,USB-C Hub,46.28,170.25
168000803,356787,73174945,100.72,4,2024-11-10,2024-11-17,Shipped,Apple Pay,402.88,2024-11,Nov,2024,11,Electronics,Mechanical Keyboard,38.72,248.0
954352670,877572,36786211,44.7,5,2023-11-30,2023-12-03,Cancelled,Debit Card,223.5,2023-11,Nov,2023,11,Electronics,USB-C Hub,46.28,-7.900000000000006
673833903,207473,32097220,258.72,5,2024-02-21,2024-02-26,Delivered,PayPal,1293.6000000000001,2024-02,Feb,2024,2,Clothing,Graphic Tee,66.43,961.45
527044165,126225,74988034,276.02,1,2023-03-26,2023-03-31,Delivered,Apple Pay,276.02,2023-03,Mar,2023,3,Electronics,Bluetooth Speaker,22.88,253.14
333893106,216739,93352876,120.35,5,2024-01-27,2024-02-02,Delivered,Credit Card,601.75,2024-01,Jan,2024,1,Electronics,Smart Watch,36.99,416.79999999999995
561325766,770487,84270583,48.39,3,2024-06-23,2024-06-29,Delivered,Credit Card,145.17000000000002,2024-06,Jun,2024,6,Electronics,Wireless Headphones,27.87,61.56000000000002
985673417,334053,36096655,54.05,1,2024-05-30,2024-06-01,Cancelled,Apple Pay,54.05,2024-05,May,2024,5,Electronics,Webcam HD,13.0,41.05
327473778,356787,22534217,236.82,5,2023-06-24,2023-06-30,Processing,Apple Pay,1184.1,2023-06,Jun,2023,6,Electronics,Mechanical Keyboard,38.72,990.4999999999999
631196129,216739,34406132,176.14,1,2023-10-05,2023-10-09,Cancelled,Credit Card,176.14,2023-10,Oct,2023,10,Electronics,Smart Watch,36.99,139.14999999999998
388339233,216739,63826716,193.89,3,2024-11-08,2024-11-15,Shipped,Debit Card,581.67,2024-11,Nov,2024,11,Electronics,Smart Watch,36.99,470.69999999999993
446673808,877572,32162965,55.78,1,2024-12-21,2024-12-23,Delivered,Apple Pay,55.78,2024-12,Dec,2024,12,Electronics,USB-C Hub,46.28,9.5
989427187,719176,85694715,153.06,2,2023-12-14,2023-12-19,Delivered,Debit Card,306.12,2023-12,Dec,2023,12,Home & Kitchen,Cast Iron Pan,90.67,124.78
404505751,872246,72092888,111.39,3,2023-05-29,2023-06-03,Delivered,Debit Card,334.17,2023-05,May,2023,5,Clothing,Denim Jeans,29.09,246.90000000000003
462661837,719176,26879290,298.79,1,2023-12-06,2023-12-12,Cancelled,Debit Card,298.79,2023-12,Dec,2023,12,Home & Kitchen,Cast Iron Pan,90.67,208.12
687670209,719176,89442503,243.73,1,2024-02-14,2024-02-15,Delivered,Google Pay,243.73,2024-02,Feb,2024,2,Home & Kitchen,Cast Iron Pan,90.67,153.06
720551525,216739,85283645,237.11,3,2023-01-14,2023-01-18,Shipped,PayPal,711.33,2023-01,Jan,2023,1,Electronics,Smart Watch,36.99,600.36
240224505,246316,94951883,290.14,1,2024-12-10,2024-12-15,Cancelled,Google Pay,290.14,2024-12,Dec,2024,12,Clothing,Running Jacket,48.71,241.42999999999998
707890457,770487,57623800,179.47,3,2024-05-29,2024-06-04,Shipped,Apple Pay,538.41,2024-05,May,2024,5,Electronics,Wireless Headphones,27.87,454.79999999999995
621127607,770487,42614537,191.82,3,2024-02-03,2024-02-06,Shipped,Debit Card,575.46,2024-02,Feb,2024,2,Electronics,Wireless Headphones,27.87,491.85
946434607,877572,57212267,278.75,4,2024-06-27,2024-07-02,Cancelled,Apple Pay,1115.0,2024-06,Jun,2024,6,Electronics,USB-C Hub,46.28,929.88
469087606,356787,68461818,78.91,2,2024-09-30,2024-10-07,Shipped,Credit Card,157.82,2024-09,Sep,2024,9,Electronics,Mechanical Keyboard,38.72,80.38
832884547,334053,38688676,266.56,1,2024-08-28,2024-08-29,Returned,Debit Card,266.56,2024-08,Aug,2024,8,Electronics,Webcam HD,13.0,253.56
918464025,126225,18357162,202.96,4,2024-08-26,2024-08-29,Delivered,Google Pay,811.84,2024-08,Aug,2024,8,Electronics,Bluetooth Speaker,22.88,720.32
151979048,770487,19832887,230.37,3,2023-12-04,2023-12-05,Returned,Google Pay,691.11,2023-12,Dec,2023,12,Electronics,Wireless Headphones,27.87,607.5
149330844,207473,64830300,81.3,2,2023-11-27,2023-12-03,Cancelled,Google Pay,162.6,2023-11,Nov,2023,11,Clothing,Graphic Tee,66.43,29.73999999999998
206917560,770487,69302158,173.36,1,2024-04-15,2024-04-22,Delivered,Debit Card,173.36,2024-04,Apr,2024,4,Electronics,Wireless Headphones,27.87,145.49
772355141,388389,72415804,113.93,1,2023-09-03,2023-09-08,Cancelled,Apple Pay,113.93,2023-09,Sep,2023,9,Electronics,Laptop Stand,88.92,25.010000000000005
941695219,770487,32520277,74.1,4,2023-12-06,2023-12-12,Shipped,Credit Card,296.4,2023-12,Dec,2023,12,Electronics,Wireless Headphones,27.87,184.91999999999996
998402124,671858,72732043,246.25,5,2024-06-13,2024-06-17,Cancelled,Apple Pay,1231.25,2024-06,Jun,2024,6,Home & Kitchen,Air Fryer,110.01,681.1999999999999
593472161,191161,48508907,53.27,2,2024-12-06,2024-12-12,Delivered,Google Pay,106.54,2024-12,Dec,2024,12,Home & Kitchen,Coffee Maker,50.5,5.540000000000006
117481970,216739,16749089,165.58,1,2023-06-18,2023-06-24,Returned,Credit Card,165.58,2023-06,Jun,2023,6,Electronics,Smart Watch,36.99,128.59
233398648,216739,92613013,136.66,5,2023-08-03,2023-08-04,Processing,PayPal,683.3,2023-08,Aug,2023,8,Electronics,Smart Watch,36.99,498.3499999999999
269633510,334053,45810056,132.49,4,2024-11-28,2024-12-05,Cancelled,Apple Pay,529.96,2024-11,Nov,2024,11,Electronics,Webcam HD,13.0,477.96000000000004
573827182,877572,58024342,169.97,4,2023-11-28,2023-12-05,Delivered,PayPal,679.88,2023-11,Nov,2023,11,Electronics,USB-C Hub,46.28,494.76
590182620,877572,56397338,76.99,2,2023-05-31,2023-06-01,Delivered,Apple Pay,153.98,2023-05,May,2023,5,Electronics,USB-C Hub,46.28,61.41999999999999
100725768,356787,74988034,183.9,2,2024-12-27,2024-12-30,Processing,Google Pay,367.8,2024-12,Dec,2024,12,Electronics,Mechanical Keyboard,38.72,290.36
559346003,877572,58942697,28.66,3,2023-03-31,2023-04-06,Processing,Apple Pay,85.98,2023-03,Mar,2023,3,Electronics,USB-C Hub,46.28,-52.86
317237515,809570,87736262,103.73,1,2024-03-14,2024-03-18,Returned,Credit Card,103.73,2024-03,Mar,2024,3,Clothing,Hoodie,111.42,-7.689999999999998
839369897,671858,50079111,107.04,3,2024-03-10,2024-03-13,Processing,Apple Pay,321.12,2024-03,Mar,2024,3,Home & Kitchen,Air Fryer,110.01,-8.910000000000025
241640592,356787,40885476,195.97,3,2024-01-02,2024-01-09,Delivered,Google Pay,587.91,2024-01,Jan,2024,1,Electronics,Mechanical Keyboard,38.72,471.75
797929178,334053,24165187,281.25,1,2024-03-13,2024-03-15,Returned,Credit Card,281.25,2024-03,Mar,2024,3,Electronics,Webcam HD,13.0,268.25
424125621,207473,67887757,63.26,1,2024-05-31,2024-06-07,Shipped,Debit Card,63.26,2024-05,May,2024,5,Clothing,Graphic Tee,66.43,-3.170000000000009
270700744,126225,63238057,195.39,2,2024-05-01,2024-05-07,Delivered,Debit Card,390.78,2024-05,May,2024,5,Electronics,Bluetooth Speaker,22.88,345.02
394226159,126225,42194159,226.07,3,2024-07-08,2024-07-15,Returned,Google Pay,678.21,2024-07,Jul,2024,7,Electronics,Bluetooth Speaker,22.88,609.57
200223044,126225,73771720,174.63,5,2024-07-20,2024-07-21,Returned,PayPal,873.15,2024-07,Jul,2024,7,Electronics,Bluetooth Speaker,22.88,758.75
802858478,334053,32162965,193.78,5,2023-03-26,2023-04-02,Delivered,PayPal,968.9,2023-03,Mar,2023,3,Electronics,Webcam HD,13.0,903.9
487014547,770487,27566185,11.44,3,2023-11-04,2023-11-09,Returned,Debit Card,34.32,2023-11,Nov,2023,11,Electronics,Wireless Headphones,27.87,-49.29
368853440,246316,86384014,126.06,4,2024-06-23,2024-06-27,Delivered,PayPal,504.24,2024-06,Jun,2024,6,Clothing,Running Jacket,48.71,309.4
188498371,877572,24282218,179.86,4,2023-12-20,2023-12-22,Delivered,Google Pay,719.44,2023-12,Dec,2023,12,Electronics,USB-C Hub,46.28,534.32
499264207,719176,83227889,213.14,4,2024-02-17,2024-02-23,Delivered,Credit Card,852.56,2024-02,Feb,2024,2,Home & Kitchen,Cast Iron Pan,90.67,489.87999999999994
813510897,216739,21381064,240.05,5,2024-12-14,2024-12-21,Processing,Credit Card,1200.25,2024-12,Dec,2024,12,Electronics,Smart Watch,36.99,1015.3
796763109,216739,35487660,248.08,3,2024-12-28,2025-01-02,Shipped,Apple Pay,744.24,2024-12,Dec,2024,12,Electronics,Smart Watch,36.99,633.27
277731206,876646,39042654,155.37,1,2023-06-07,2023-06-14,Delivered,Credit Card,155.37,2023-06,Jun,2023,6,Clothing,Cargo Shorts,8.69,146.68
155606161,719176,99038359,266.95,2,2023-11-25,2023-12-01,Processing,Debit Card,533.9,2023-11,Nov,2023,11,Home & Kitchen,Cast Iron Pan,90.67,352.55999999999995
525568516,877572,95585469,102.8,2,2023-12-15,2023-12-22,Delivered,Debit Card,205.6,2023-12,Dec,2023,12,Electronics,USB-C Hub,46.28,113.03999999999999
771737478,126225,48250360,125.31,5,2024-09-13,2024-09-16,Delivered,PayPal,626.55,2024-09,Sep,2024,9,Electronics,Bluetooth Speaker,22.88,512.15
428038048,877572,72415804,251.33,4,2024-09-16,2024-09-23,Returned,PayPal,1005.32,2024-09,Sep,2024,9,Electronics,USB-C Hub,46.28,820.2
879524067,216739,59512272,282.06,5,2024-12-14,2024-12-19,Processing,Credit Card,1410.3,2024-12,Dec,2024,12,Electronics,Smart Watch,36.99,1225.35
851019450,246316,99245317,176.04,3,2023-03-12,2023-03-14,Delivered,Credit Card,528.12,2023-03,Mar,2023,3,Clothing,Running Jacket,48.71,381.99
910924352,216739,25521714,39.08,3,2023-07-30,2023-08-05,Processing,Google Pay,117.24,2023-07,Jul,2023,7,Electronics,Smart Watch,36.99,6.269999999999996
351410032,126225,51154241,236.37,3,2023-09-08,2023-09-13,Cancelled,Google Pay,709.11,2023-09,Sep,2023,9,Electronics,Bluetooth Speaker,22.88,640.47
560883210,877572,26288475,236.23,5,2023-12-25,2023-12-29,Delivered,Apple Pay,1181.1499999999999,2023-12,Dec,2023,12,Electronics,USB-C Hub,46.28,949.7499999999999
803821904,126225,94482772,198.1,2,2024-09-19,2024-09-22,Cancelled,PayPal,396.2,2024-09,Sep,2024,9,Electronics,Bluetooth Speaker,22.88,350.44
197924383,877572,84813739,200.59,1,2024-07-03,2024-07-07,Delivered,Apple Pay,200.59,2024-07,Jul,2024,7,Electronics,USB-C Hub,46.28,154.31
855590022,671858,32097220,178.85,5,2023-01-03,2023-01-10,Returned,Credit Card,894.25,2023-01,Jan,2023,1,Home & Kitchen,Air Fryer,110.01,344.19999999999993
202202698,246316,58436637,260.88,3,2023-09-04,2023-09-07,Delivered,PayPal,782.64,2023-09,Sep,2023,9,Clothing,Running Jacket,48.71,636.51
101166414,207473,20117988,23.83,1,2023-02-22,2023-02-28,Delivered,PayPal,23.83,2023-02,Feb,2023,2,Clothing,Graphic Tee,66.43,-42.60000000000001
329159242,246316,99038526,288.66,2,2023-10-22,2023-10-27,Cancelled,Credit Card,577.32,2023-10,Oct,2023,10,Clothing,Running Jacket,48.71,479.90000000000003
611967311,191161,85283645,150.28,2,2024-12-11,2024-12-16,Delivered,PayPal,300.56,2024-12,Dec,2024,12,Home & Kitchen,Coffee Maker,50.5,199.56
183686071,246316,68571795,40.11,3,2024-02-15,2024-02-18,Delivered,Apple Pay,120.33,2024-02,Feb,2024,2,Clothing,Running Jacket,48.71,-25.799999999999997
242485313,126225,42255732,72.05,3,2024-01-19,2024-01-23,Delivered,Debit Card,216.14999999999998,2024-01,Jan,2024,1,Electronics,Bluetooth Speaker,22.88,147.51
737458510,126225,33357554,15.11,5,2023-12-24,2023-12-29,Returned,PayPal,75.55,2023-12,Dec,2023,12,Electronics,Bluetooth Speaker,22.88,-38.849999999999994
342870588,246316,61343880,279.1,1,2024-05-14,2024-05-17,Cancelled,Apple Pay,279.1,2024-05,May,2024,5,Clothing,Running Jacket,48.71,230.39000000000001
657749020,126225,13852048,235.23,4,2024-10-17,2024-10-18,Delivered,Debit Card,940.92,2024-10,Oct,2024,10,Electronics,Bluetooth Speaker,22.88,849.4
830125895,877572,22489409,138.76,3,2024-10-15,2024-10-18,Delivered,Apple Pay,416.28,2024-10,Oct,2024,10,Electronics,USB-C Hub,46.28,277.43999999999994
577886922,877572,38470244,221.55,4,2023-04-09,2023-04-12,Cancelled,Google Pay,886.2,2023-04,Apr,2023,4,Electronics,USB-C Hub,46.28,701.08
109971784,246316,58436637,46.09,3,2023-09-09,2023-09-12,Cancelled,PayPal,138.27,2023-09,Sep,2023,9,Clothing,Running Jacket,48.71,-7.859999999999985
108657116,770487,98986321,154.79,3,2024-12-30,2025-01-01,Delivered,Apple Pay,464.37,2024-12,Dec,2024,12,Electronics,Wireless Headphones,27.87,380.76
846891707,770487,37415205,122.6,1,2024-09-15,2024-09-22,Delivered,Apple Pay,122.6,2024-09,Sep,2024,9,Electronics,Wireless Headphones,27.87,94.72999999999999
468909933,356787,75579548,21.39,1,2024-11-05,2024-11-12,Shipped,Credit Card,21.39,2024-11,Nov,2024,11,Electronics,Mechanical Keyboard,38.72,-17.33
977364141,334053,64549859,19.69,5,2023-10-04,2023-10-09,Shipped,Google Pay,98.45,2023-10,Oct,2023,10,Electronics,Webcam HD,13.0,33.45
229486590,126225,35921441,38.37,2,2023-11-18,2023-11-24,Delivered,PayPal,76.74,2023-11,Nov,2023,11,Electronics,Bluetooth Speaker,22.88,30.979999999999997
553456129,207473,46553958,233.48,5,2024-11-11,2024-11-16,Shipped,Apple Pay,1167.3999999999999,2024-11,Nov,2024,11,Clothing,Graphic Tee,66.43,835.2499999999998
845210115,334053,99152472,134.24,2,2023-07-22,2023-07-29,Delivered,PayPal,268.48,2023-07,Jul,2023,7,Electronics,Webcam HD,13.0,242.48000000000002
241921987,876646,13278320,26.75,2,2023-02-16,2023-02-20,Delivered,Google Pay,53.5,2023-02,Feb,2023,2,Clothing,Cargo Shorts,8.69,36.120000000000005
612926731,770487,56843172,110.16,1,2023-08-25,2023-09-01,Returned,Debit Card,110.16,2023-08,Aug,2023,8,Electronics,Wireless Headphones,27.87,82.28999999999999
176051319,126225,44999379,145.74,3,2023-02-18,2023-02-23,Delivered,Apple Pay,437.22,2023-02,Feb,2023,2,Electronics,Bluetooth Speaker,22.88,368.58000000000004
345829826,216739,84813739,204.98,2,2024-02-19,2024-02-26,Delivered,Apple Pay,409.96,2024-02,Feb,2024,2,Electronics,Smart Watch,36.99,335.97999999999996
511318205,876646,31980274,232.89,1,2024-02-28,2024-03-03,Cancelled,PayPal,232.89,2024-02,Feb,2024,2,Clothing,Cargo Shorts,8.69,224.2
195918514,872246,63121477,257.69,1,2024-12-21,2024-12-28,Cancelled,Credit Card,257.69,2024-12,Dec,2024,12,Clothing,Denim Jeans,29.09,228.6
884651200,719176,63782042,115.61,4,2023-08-22,2023-08-29,Returned,PayPal,462.44,2023-08,Aug,2023,8,Home & Kitchen,Cast Iron Pan,90.67,99.75999999999999
965389567,872246,38682516,60.48,3,2023-01-26,2023-01-31,Delivered,Apple Pay,181.44,2023-01,Jan,2023,1,Clothing,Denim Jeans,29.09,94.17
209980341,877572,41039390,215.18,1,2024-08-28,2024-08-31,Delivered,Google Pay,215.18,2024-08,Aug,2024,8,Electronics,USB-C Hub,46.28,168.9
210811807,191161,38682516,40.06,2,2024-03-15,2024-03-20,Cancelled,Debit Card,80.12,2024-03,Mar,2024,3,Home & Kitchen,Coffee Maker,50.5,-20.879999999999995
436458586,877572,31130263,191.71,2,2023-03-19,2023-03-22,Delivered,Debit Card,383.42,2023-03,Mar,2023,3,Electronics,USB-C Hub,46.28,290.86
494666352,770487,85958181,196.14,5,2024-05-15,2024-05-22,Returned,Debit Card,980.6999999999999,2024-05,May,2024,5,Electronics,Wireless Headphones,27.87,841.3499999999999
421322967,126225,98429450,289.48,3,2023-11-23,2023-11-27,Shipped,PayPal,868.44,2023-11,Nov,2023,11,Electronics,Bluetooth Speaker,22.88,799.8000000000001
247241457,126225,89133014,93.05,1,2023-11-21,2023-11-24,Delivered,Google Pay,93.05,2023-11,Nov,2023,11,Electronics,Bluetooth Speaker,22.88,70.17
510943598,216739,90099897,256.49,3,2024-06-29,2024-07-05,Delivered,Debit Card,769.47,2024-06,Jun,2024,6,Electronics,Smart Watch,36.99,658.5
930496866,334053,80166708,209.26,2,2024-06-07,2024-06-08,Delivered,Debit Card,418.52,2024-06,Jun,2024,6,Electronics,Webcam HD,13.0,392.52
973347156,872246,35643159,210.09,2,2024-07-06,2024-07-07,Shipped,Apple Pay,420.18,2024-07,Jul,2024,7,Clothing,Denim Jeans,29.09,362.0
908697030,770487,43859311,154.02,1,2023-10-14,2023-10-21,Delivered,Apple Pay,154.02,2023-10,Oct,2023,10,Electronics,Wireless Headphones,27.87,126.15
242964672,770487,10965138,161.44,2,2023-09-25,2023-10-01,Delivered,PayPal,322.88,2023-09,Sep,2023,9,Electronics,Wireless Headphones,27.87,267.14
788887139,388389,35556386,138.44,5,2023-04-24,2023-04-26,Delivered,Apple Pay,692.2,2023-04,Apr,2023,4,Electronics,Laptop Stand,88.92,247.60000000000002
827070406,877572,93893865,145.92,4,2024-02-09,2024-02-12,Delivered,Google Pay,583.68,2024-02,Feb,2024,2,Electronics,USB-C Hub,46.28,398.55999999999995
253387313,770487,88055069,136.28,5,2024-11-11,2024-11-15,Delivered,Apple Pay,681.4,2024-11,Nov,2024,11,Electronics,Wireless Headphones,27.87,542.05
173456403,126225,82070937,199.71,1,2024-05-09,2024-05-13,Cancelled,Apple Pay,199.71,2024-05,May,2024,5,Electronics,Bluetooth Speaker,22.88,176.83
669628927,126225,39600202,91.75,5,2023-05-31,2023-06-01,Returned,Google Pay,458.75,2023-05,May,2023,5,Electronics,Bluetooth Speaker,22.88,344.35
704829337,334053,39742165,155.28,5,2023-11-03,2023-11-04,Delivered,Credit Card,776.4,2023-11,Nov,2023,11,Electronics,Webcam HD,13.0,711.4
109099680,877572,70900658,255.03,3,2023-06-15,2023-06-19,Returned,Apple Pay,765.09,2023-06,Jun,2023,6,Electronics,USB-C Hub,46.28,626.25
755325292,388389,82498004,180.75,1,2023-11-02,2023-11-03,Shipped,Credit Card,180.75,2023-11,Nov,2023,11,Electronics,Laptop Stand,88.92,91.83
797953888,356787,47111151,207.69,4,2023-08-25,2023-08-30,Returned,PayPal,830.76,2023-08,Aug,2023,8,Electronics,Mechanical Keyboard,38.72,675.88
276218805,671858,25014631,215.79,4,2024-08-01,2024-08-07,Cancelled,Credit Card,863.16,2024-08,Aug,2024,8,Home & Kitchen,Air Fryer,110.01,423.11999999999995
572553155,126225,88055069,288.78,4,2023-04-28,2023-05-04,Cancelled,Credit Card,1155.12,2023-04,Apr,2023,4,Electronics,Bluetooth Speaker,22.88,1063.6
477084942,216739,93002706,176.41,2,2024-01-18,2024-01-23,Shipped,Google Pay,352.82,2024-01,Jan,2024,1,Electronics,Smart Watch,36.99,278.84
875705487,126225,46468984,90.4,1,2023-01-12,2023-01-16,Delivered,Debit Card,90.4,2023-01,Jan,2023,1,Electronics,Bluetooth Speaker,22.88,67.52000000000001
328766544,216739,47535126,50.17,3,2024-02-12,2024-02-18,Delivered,Apple Pay,150.51,2024-02,Feb,2024,2,Electronics,Smart Watch,36.99,39.53999999999999
774395804,216739,24665841,223.13,1,2024-03-09,2024-03-14,Processing,Google Pay,223.13,2024-03,Mar,2024,3,Electronics,Smart Watch,36.99,186.14
903447550,126225,13619375,260.79,5,2023-01-11,2023-01-13,Delivered,Debit Card,1303.95,2023-01,Jan,2023,1,Electronics,Bluetooth Speaker,22.88,1189.55
262536735,671858,19209801,156.0,3,2023-08-25,2023-09-01,Delivered,Google Pay,468.0,2023-08,Aug,2023,8,Home & Kitchen,Air Fryer,110.01,137.96999999999997
542070132,877572,99508850,266.75,3,2024-04-04,2024-04-06,Returned,Credit Card,800.25,2024-04,Apr,2024,4,Electronics,USB-C Hub,46.28,661.41
761506578,126225,83542887,233.72,3,2024-08-10,2024-08-12,Delivered,Credit Card,701.16,2024-08,Aug,2024,8,Electronics,Bluetooth Speaker,22.88,632.52
837194815,770487,39854548,231.89,2,2023-02-18,2023-02-25,Processing,Debit Card,463.78,2023-02,Feb,2023,2,Electronics,Wireless Headphones,27.87,408.03999999999996
575006056,126225,27084279,179.03,4,2024-06-09,2024-06-15,Processing,Google Pay,716.12,2024-06,Jun,2024,6,Electronics,Bluetooth Speaker,22.88,624.6
333264702,770487,25521714,38.98,4,2024-09-09,2024-09-13,Delivered,Apple Pay,155.92,2024-09,Sep,2024,9,Electronics,Wireless Headphones,27.87,44.43999999999998
193080561,770487,68526649,141.04,1,2024-02-25,2024-03-01,Processing,PayPal,141.04,2024-02,Feb,2024,2,Electronics,Wireless Headphones,27.87,113.16999999999999
207873599,877572,96028436,289.31,3,2023-12-04,2023-12-05,Processing,Debit Card,867.9300000000001,2023-12,Dec,2023,12,Electronics,USB-C Hub,46.28,729.09
250337960,671858,26941092,70.55,4,2024-08-27,2024-08-30,Shipped,Google Pay,282.2,2024-08,Aug,2024,8,Home & Kitchen,Air Fryer,110.01,-157.84000000000003
907932366,877572,10359129,144.78,4,2024-02-18,2024-02-22,Returned,Credit Card,579.12,2024-02,Feb,2024,2,Electronics,USB-C Hub,46.28,394.0
232239057,216739,39920292,254.4,5,2023-11-29,2023-12-05,Returned,Apple Pay,1272.0,2023-11,Nov,2023,11,Electronics,Smart Watch,36.99,1087.05
733050169,809570,25492573,231.13,2,2023-03-23,2023-03-29,Delivered,Debit Card,462.26,2023-03,Mar,2023,3,Clothing,Hoodie,111.42,239.42
883841357,877572,93352876,274.59,4,2024-04-07,2024-04-10,Delivered,PayPal,1098.36,2024-04,Apr,2024,4,Electronics,USB-C Hub,46.28,913.2399999999999
512351122,216739,15197528,270.09,1,2024-07-09,2024-07-12,Processing,PayPal,270.09,2024-07,Jul,2024,7,Electronics,Smart Watch,36.99,233.09999999999997
477458516,876646,81287314,43.94,1,2023-08-11,2023-08-18,Delivered,Apple Pay,43.94,2023-08,Aug,2023,8,Clothing,Cargo Shorts,8.69,35.25
561052655,770487,31810617,24.91,5,2023-06-16,2023-06-20,Returned,Google Pay,124.55,2023-06,Jun,2023,6,Electronics,Wireless Headphones,27.87,-14.799999999999997
437695739,719176,94187049,148.41,1,2023-11-03,2023-11-10,Delivered,Credit Card,148.41,2023-11,Nov,2023,11,Home & Kitchen,Cast Iron Pan,90.67,57.739999999999995
949412096,770487,63238057,98.93,4,2024-04-29,2024-05-03,Delivered,PayPal,395.72,2024-04,Apr,2024,4,Electronics,Wireless Headphones,27.87,284.24
250141520,809570,61536717,53.45,5,2023-12-16,2023-12-20,Returned,Apple Pay,267.25,2023-12,Dec,2023,12,Clothing,Hoodie,111.42,-289.85
366058599,216739,99913412,87.82,1,2024-06-03,2024-06-06,Returned,Debit Card,87.82,2024-06,Jun,2024,6,Electronics,Smart Watch,36.99,50.82999999999999
397391755,126225,47111151,258.89,4,2024-01-25,2024-01-30,Delivered,Apple Pay,1035.56,2024-01,Jan,2024,1,Electronics,Bluetooth Speaker,22.88,944.04
792156071,334053,85543051,277.42,4,2024-09-03,2024-09-05,Delivered,Debit Card,1109.68,2024-09,Sep,2024,9,Electronics,Webcam HD,13.0,1057.68
190461372,877572,14164775,191.18,4,2024-05-02,2024-05-03,Shipped,Apple Pay,764.72,2024-05,May,2024,5,Electronics,USB-C Hub,46.28,579.6
366467312,246316,20814950,199.72,5,2023-02-11,2023-02-18,Processing,Apple Pay,998.6,2023-02,Feb,2023,2,Clothing,Running Jacket,48.71,755.05
694205108,877572,20814950,265.0,4,2024-08-26,2024-08-28,Delivered,Credit Card,1060.0,2024-08,Aug,2024,8,Electronics,USB-C Hub,46.28,874.88
745317824,770487,42194159,45.72,5,2023-09-02,2023-09-05,Processing,Apple Pay,228.6,2023-09,Sep,2023,9,Electronics,Wireless Headphones,27.87,89.25
744253537,770487,29777514,275.71,3,2024-07-06,2024-07-12,Delivered,Debit Card,827.1299999999999,2024-07,Jul,2024,7,Electronics,Wireless Headphones,27.87,743.5199999999999
874360740,216739,91415657,188.86,2,2023-05-27,2023-05-29,Delivered,PayPal,377.72,2023-05,May,2023,5,Electronics,Smart Watch,36.99,303.74
752398123,877572,11646234,255.96,4,2023-01-29,2023-02-05,Processing,PayPal,1023.84,2023-01,Jan,2023,1,Electronics,USB-C Hub,46.28,838.72
405931388,770487,94951883,199.76,2,2024-09-18,2024-09-21,Delivered,Apple Pay,399.52,2024-09,Sep,2024,9,Electronics,Wireless Headphones,27.87,343.78
936412291,872246,81969657,98.59,2,2023-05-24,2023-05-29,Processing,PayPal,197.18,2023-05,May,2023,5,Clothing,Denim Jeans,29.09,139.0
841393046,877572,83793389,120.93,3,2023-02-03,2023-02-10,Delivered,Google Pay,362.79,2023-02,Feb,2023,2,Electronics,USB-C Hub,46.28,223.95000000000002
128802482,719176,68571795,148.86,3,2023-10-22,2023-10-27,Delivered,Credit Card,446.58000000000004,2023-10,Oct,2023,10,Home & Kitchen,Cast Iron Pan,90.67,174.57000000000005
806957378,216739,34406132,12.83,2,2024-06-16,2024-06-23,Delivered,PayPal,25.66,2024-06,Jun,2024,6,Electronics,Smart Watch,36.99,-48.32000000000001
423893509,388389,38408562,81.79,4,2023-01-07,2023-01-10,Shipped,PayPal,327.16,2023-01,Jan,2023,1,Electronics,Laptop Stand,88.92,-28.519999999999982
320595661,770487,72535301,291.56,4,2024-07-24,2024-07-31,Processing,Google Pay,1166.24,2024-07,Jul,2024,7,Electronics,Wireless Headphones,27.87,1054.76
655928892,809570,97260863,206.82,1,2024-02-11,2024-02-12,Delivered,Google Pay,206.82,2024-02,Feb,2024,2,Clothing,Hoodie,111.42,95.39999999999999
751682766,216739,10965138,271.56,1,2024-05-07,2024-05-08,Processing,PayPal,271.56,2024-05,May,2024,5,Electronics,Smart Watch,36.99,234.57
647095694,872246,65625330,234.94,2,2023-08-02,2023-08-07,Processing,Apple Pay,469.88,2023-08,Aug,2023,8,Clothing,Denim Jeans,29.09,411.7
302557660,207473,66390708,154.14,1,2023-06-13,2023-06-18,Delivered,Debit Card,154.14,2023-06,Jun,2023,6,Clothing,Graphic Tee,66.43,87.70999999999998
902990996,126225,16202700,247.05,4,2023-06-27,2023-07-02,Cancelled,Google Pay,988.2,2023-06,Jun,2023,6,Electronics,Bluetooth Speaker,22.88,896.6800000000001
520639451,770487,39372360,66.45,2,2023-01-09,2023-01-11,Processing,Google Pay,132.9,2023-01,Jan,2023,1,Electronics,Wireless Headphones,27.87,77.16
417335858,770487,95758349,213.45,2,2023-11-28,2023-11-29,Processing,Apple Pay,426.9,2023-11,Nov,2023,11,Electronics,Wireless Headphones,27.87,371.15999999999997
793819512,770487,98834863,207.51,1,2023-01-22,2023-01-24,Delivered,Apple Pay,207.51,2023-01,Jan,2023,1,Electronics,Wireless Headphones,27.87,179.64
158593156,126225,18593410,163.64,5,2024-02-12,2024-02-15,Delivered,Credit Card,818.1999999999999,2024-02,Feb,2024,2,Electronics,Bluetooth Speaker,22.88,703.8
941600554,770487,59555330,48.16,4,2024-02-20,2024-02-24,Delivered,Credit Card,192.64,2024-02,Feb,2024,2,Electronics,Wireless Headphones,27.87,81.15999999999998
952312670,216739,36726767,175.62,3,2024-11-28,2024-12-04,Delivered,Debit Card,526.86,2024-11,Nov,2024,11,Electronics,Smart Watch,36.99,415.89
356990522,877572,82383095,273.47,3,2024-05-07,2024-05-12,Delivered,Google Pay,820.4100000000001,2024-05,May,2024,5,Electronics,USB-C Hub,46.28,681.57
631381642,719176,52462441,176.12,3,2023-07-26,2023-07-27,Processing,Apple Pay,528.36,2023-07,Jul,2023,7,Home & Kitchen,Cast Iron Pan,90.67,256.35
514341484,126225,47983442,125.38,1,2024-07-22,2024-07-24,Shipped,Credit Card,125.38,2024-07,Jul,2024,7,Electronics,Bluetooth Speaker,22.88,102.5
221057584,126225,52101056,54.51,2,2024-04-01,2024-04-06,Shipped,Apple Pay,109.02,2024-04,Apr,2024,4,Electronics,Bluetooth Speaker,22.88,63.26
358859561,126225,39450273,190.07,4,2024-12-21,2024-12-22,Delivered,Credit Card,760.28,2024-12,Dec,2024,12,Electronics,Bluetooth Speaker,22.88,668.76
636422667,770487,91503378,186.69,4,2024-03-18,2024-03-22,Cancelled,Debit Card,746.76,2024-03,Mar,2024,3,Electronics,Wireless Headphones,27.87,635.28
785135687,770487,58884978,47.89,1,2023-03-17,2023-03-22,Returned,Google Pay,47.89,2023-03,Mar,2023,3,Electronics,Wireless Headphones,27.87,20.02
737727239,126225,63782042,79.09,2,2023-12-28,2023-12-30,Processing,Apple Pay,158.18,2023-12,Dec,2023,12,Electronics,Bluetooth Speaker,22.88,112.42000000000002
176248559,126225,63238057,67.32,4,2024-10-24,2024-10-31,Processing,PayPal,269.28,2024-10,Oct,2024,10,Electronics,Bluetooth Speaker,22.88,177.76
667243311,770487,44188276,273.47,3,2024-07-02,2024-07-08,Returned,Credit Card,820.4100000000001,2024-07,Jul,2024,7,Electronics,Wireless Headphones,27.87,736.8000000000001
112956853,216739,45594597,138.64,3,2024-09-10,2024-09-16,Processing,Debit Card,415.91999999999996,2024-09,Sep,2024,9,Electronics,Smart Watch,36.99,304.94999999999993
487726245,770487,52910691,281.52,3,2023-12-09,2023-12-16,Cancelled,Credit Card,844.56,2023-12,Dec,2023,12,Electronics,Wireless Headphones,27.87,760.9499999999999
439809925,671858,21003626,245.09,2,2023-11-03,2023-11-08,Processing,Apple Pay,490.18,2023-11,Nov,2023,11,Home & Kitchen,Air Fryer,110.01,270.15999999999997
241715543,126225,58612055,278.44,2,2023-03-23,2023-03-28,Cancelled,Credit Card,556.88,2023-03,Mar,2023,3,Electronics,Bluetooth Speaker,22.88,511.12
515364404,877572,30024960,230.31,4,2024-04-05,2024-04-07,Cancelled,Apple Pay,921.24,2024-04,Apr,2024,4,Electronics,USB-C Hub,46.28,736.12
710293796,126225,43308443,98.65,3,2023-07-15,2023-07-21,Returned,PayPal,295.95000000000005,2023-07,Jul,2023,7,Electronics,Bluetooth Speaker,22.88,227.31000000000006
551898779,207473,13637575,185.03,4,2024-05-22,2024-05-24,Delivered,Apple Pay,740.12,2024-05,May,2024,5,Clothing,Graphic Tee,66.43,474.4
492358645,877572,37888820,99.13,5,2024-12-29,2025-01-05,Returned,Credit Card,495.65,2024-12,Dec,2024,12,Electronics,USB-C Hub,46.28,264.25
686645526,770487,31009452,279.14,1,2023-08-20,2023-08-23,Cancelled,PayPal,279.14,2023-08,Aug,2023,8,Electronics,Wireless Headphones,27.87,251.26999999999998
833303441,877572,45575298,219.08,5,2024-10-03,2024-10-04,Delivered,Credit Card,1095.4,2024-10,Oct,2024,10,Electronics,USB-C Hub,46.28,864.0000000000001
285510711,126225,37760841,130.4,3,2023-08-22,2023-08-26,Delivered,Apple Pay,391.20000000000005,2023-08,Aug,2023,8,Electronics,Bluetooth Speaker,22.88,322.56000000000006
918970742,334053,58436637,116.12,5,2023-05-22,2023-05-24,Delivered,Credit Card,580.6,2023-05,May,2023,5,Electronics,Webcam HD,13.0,515.6
605748101,877572,24165187,182.67,1,2023-08-25,2023-08-26,Cancelled,PayPal,182.67,2023-08,Aug,2023,8,Electronics,USB-C Hub,46.28,136.39
927175323,719176,97225156,106.3,4,2023-04-13,2023-04-19,Delivered,Credit Card,425.2,2023-04,Apr,2023,4,Home & Kitchen,Cast Iron Pan,90.67,62.51999999999998
178374393,877572,66267415,100.1,1,2023-07-06,2023-07-10,Delivered,Apple Pay,100.1,2023-07,Jul,2023,7,Electronics,USB-C Hub,46.28,53.81999999999999
117920106,770487,10435578,161.28,2,2024-10-11,2024-10-12,Processing,Debit Card,322.56,2024-10,Oct,2024,10,Electronics,Wireless Headphones,27.87,266.82
730676755,877572,82232344,89.13,3,2024-06-24,2024-06-30,Delivered,Debit Card,267.39,2024-06,Jun,2024,6,Electronics,USB-C Hub,46.28,128.54999999999998
172512549,207473,95125977,103.67,4,2024-10-24,2024-10-31,Cancelled,Apple Pay,414.68,2024-10,Oct,2024,10,Clothing,Graphic Tee,66.43,148.95999999999998
114810579,719176,64707061,82.26,5,2023-03-26,2023-03-29,Delivered,Debit Card,411.3,2023-03,Mar,2023,3,Home & Kitchen,Cast Iron Pan,90.67,-42.05000000000001
381519299,126225,73993471,221.28,2,2023-11-05,2023-11-09,Shipped,PayPal,442.56,2023-11,Nov,2023,11,Electronics,Bluetooth Speaker,22.88,396.8
331652222,216739,10289289,14.6,1,2024-09-11,2024-09-16,Cancelled,Credit Card,14.6,2024-09,Sep,2024,9,Electronics,Smart Watch,36.99,-22.39
142763764,877572,29777514,253.8,3,2023-03-11,2023-03-18,Delivered,Debit Card,761.4000000000001,2023-03,Mar,2023,3,Electronics,USB-C Hub,46.28,622.5600000000001
164927936,246316,95132217,102.24,1,2024-12-23,2024-12-26,Cancelled,PayPal,102.24,2024-12,Dec,2024,12,Clothing,Running Jacket,48.71,53.529999999999994
947493681,126225,20117988,152.88,2,2024-02-15,2024-02-20,Cancelled,Credit Card,305.76,2024-02,Feb,2024,2,Electronics,Bluetooth Speaker,22.88,260.0
527322429,876646,53779528,75.13,2,2023-10-02,2023-10-07,Delivered,Debit Card,150.26,2023-10,Oct,2023,10,Clothing,Cargo Shorts,8.69,132.88
643968992,809570,56600900,102.63,2,2023-01-20,2023-01-23,Cancelled,Google Pay,205.26,2023-01,Jan,2023,1,Clothing,Hoodie,111.42,-17.580000000000013
407613928,126225,41568532,171.79,2,2024-06-09,2024-06-13,Delivered,Apple Pay,343.58,2024-06,Jun,2024,6,Electronics,Bluetooth Speaker,22.88,297.82
774922644,770487,50603163,280.92,2,2023-09-10,2023-09-11,Delivered,PayPal,561.84,2023-09,Sep,2023,9,Electronics,Wireless Headphones,27.87,506.1
865179645,877572,26046365,62.42,2,2023-08-02,2023-08-03,Shipped,PayPal,124.84,2023-08,Aug,2023,8,Electronics,USB-C Hub,46.28,32.28
637997228,216739,35487660,147.93,3,2023-10-28,2023-11-04,Delivered,Google Pay,443.79,2023-10,Oct,2023,10,Electronics,Smart Watch,36.99,332.82000000000005
923678093,877572,82772208,76.73,1,2023-02-26,2023-02-28,Delivered,Credit Card,76.73,2023-02,Feb,2023,2,Electronics,USB-C Hub,46.28,30.450000000000003
546066704,216739,22517517,247.46,4,2023-12-01,2023-12-02,Cancelled,Credit Card,989.84,2023-12,Dec,2023,12,Electronics,Smart Watch,36.99,841.88
554810443,356787,13704481,154.6,5,2024-07-01,2024-07-08,Delivered,Credit Card,773.0,2024-07,Jul,2024,7,Electronics,Mechanical Keyboard,38.72,579.4
853563434,126225,87388337,30.64,5,2024-02-07,2024-02-10,Processing,Debit Card,153.2,2024-02,Feb,2024,2,Electronics,Bluetooth Speaker,22.88,38.8
531942087,356787,75151231,77.44,1,2023-05-15,2023-05-18,Shipped,Google Pay,77.44,2023-05,May,2023,5,Electronics,Mechanical Keyboard,38.72,38.72
188506190,216739,95132217,111.29,2,2023-12-20,2023-12-21,Cancelled,PayPal,222.58,2023-12,Dec,2023,12,Electronics,Smart Watch,36.99,148.60000000000002
787771674,207473,20075036,216.75,4,2023-03-12,2023-03-17,Delivered,PayPal,867.0,2023-03,Mar,2023,3,Clothing,Graphic Tee,66.43,601.28
676132087,876646,98641164,153.88,1,2023-11-18,2023-11-21,Shipped,Apple Pay,153.88,2023-11,Nov,2023,11,Clothing,Cargo Shorts,8.69,145.19
677303044,216739,15354599,15.05,4,2024-02-24,2024-02-26,Delivered,Apple Pay,60.2,2024-02,Feb,2024,2,Electronics,Smart Watch,36.99,-87.76
761475488,126225,10965138,263.05,3,2024-11-18,2024-11-24,Cancelled,Apple Pay,789.1500000000001,2024-11,Nov,2024,11,Electronics,Bluetooth Speaker,22.88,720.5100000000001
263939376,770487,89160218,136.38,1,2023-01-01,2023-01-05,Delivered,Credit Card,136.38,2023-01,Jan,2023,1,Electronics,Wireless Headphones,27.87,108.50999999999999
397928718,126225,80027662,121.76,3,2024-07-29,2024-08-04,Cancelled,Apple Pay,365.28000000000003,2024-07,Jul,2024,7,Electronics,Bluetooth Speaker,22.88,296.64000000000004
189761677,207473,17901903,208.88,4,2023-11-10,2023-11-12,Delivered,Google Pay,835.52,2023-11,Nov,2023,11,Clothing,Graphic Tee,66.43,569.8
432759989,770487,77908907,22.79,3,2023-02-08,2023-02-09,Returned,Apple Pay,68.37,2023-02,Feb,2023,2,Electronics,Wireless Headphones,27.87,-15.239999999999995
184848753,770487,25898299,53.14,5,2023-08-10,2023-08-15,Processing,Google Pay,265.7,2023-08,Aug,2023,8,Electronics,Wireless Headphones,27.87,126.35
649009234,216739,86149359,292.4,4,2023-10-15,2023-10-22,Cancelled,Credit Card,1169.6,2023-10,Oct,2023,10,Electronics,Smart Watch,36.99,1021.6399999999999
318181642,334053,26941092,128.2,5,2024-06-19,2024-06-20,Shipped,Google Pay,641.0,2024-06,Jun,2024,6,Electronics,Webcam HD,13.0,576.0
967647911,126225,63640499,297.96,1,2024-09-02,2024-09-03,Cancelled,Google Pay,297.96,2024-09,Sep,2024,9,Electronics,Bluetooth Speaker,22.88,275.08
266834924,877572,31079846,230.0,4,2024-07-24,2024-07-29,Shipped,Debit Card,920.0,2024-07,Jul,2024,7,Electronics,USB-C Hub,46.28,734.88
675944565,877572,17849494,248.99,5,2024-05-14,2024-05-16,Delivered,PayPal,1244.95,2024-05,May,2024,5,Electronics,USB-C Hub,46.28,1013.5500000000001
450845460,216739,42111036,131.78,1,2023-08-04,2023-08-07,Shipped,Google Pay,131.78,2023-08,Aug,2023,8,Electronics,Smart Watch,36.99,94.78999999999999
519544755,877572,74251933,74.35,4,2023-01-30,2023-02-04,Processing,Apple Pay,297.4,2023-01,Jan,2023,1,Electronics,USB-C Hub,46.28,112.27999999999997
729682105,719176,75793759,296.7,3,2024-08-21,2024-08-27,Delivered,PayPal,890.0999999999999,2024-08,Aug,2024,8,Home & Kitchen,Cast Iron Pan,90.67,618.0899999999999
781068259,356787,97302916,129.37,1,2024-07-15,2024-07-17,Delivered,Apple Pay,129.37,2024-07,Jul,2024,7,Electronics,Mechanical Keyboard,38.72,90.65
919505668,770487,71265269,159.37,4,2024-01-24,2024-01-29,Shipped,PayPal,637.48,2024-01,Jan,2024,1,Electronics,Wireless Headphones,27.87,526.0
996065974,216739,91363974,34.35,3,2024-05-18,2024-05-19,Delivered,Apple Pay,103.05000000000001,2024-05,May,2024,5,Electronics,Smart Watch,36.99,-7.9199999999999875
797759882,126225,22534217,82.18,1,2023-08-01,2023-08-04,Processing,Credit Card,82.18,2023-08,Aug,2023,8,Electronics,Bluetooth Speaker,22.88,59.30000000000001
831277972,719176,81287314,280.27,1,2023-08-03,2023-08-08,Cancelled,Credit Card,280.27,2023-08,Aug,2023,8,Home & Kitchen,Cast Iron Pan,90.67,189.59999999999997
790581965,126225,33607110,239.38,2,2023-12-06,2023-12-13,Returned,Apple Pay,478.76,2023-12,Dec,2023,12,Electronics,Bluetooth Speaker,22.88,433.0
170990535,876646,37326368,68.01,4,2023-01-19,2023-01-25,Shipped,Google Pay,272.04,2023-01,Jan,2023,1,Clothing,Cargo Shorts,8.69,237.28000000000003
433041955,216739,94525678,92.11,4,2023-04-21,2023-04-24,Cancelled,Debit Card,368.44,2023-04,Apr,2023,4,Electronics,Smart Watch,36.99,220.48
850197517,770487,62401521,26.69,3,2023-09-26,2023-10-02,Returned,PayPal,80.07000000000001,2023-09,Sep,2023,9,Electronics,Wireless Headphones,27.87,-3.539999999999992
569747059,770487,35511941,297.83,5,2023-10-30,2023-11-04,Cancelled,Credit Card,1489.1499999999999,2023-10,Oct,2023,10,Electronics,Wireless Headphones,27.87,1349.8
883786839,809570,36757737,255.51,4,2023-08-02,2023-08-07,Cancelled,Apple Pay,1022.04,2023-08,Aug,2023,8,Clothing,Hoodie,111.42,576.3599999999999
356234948,877572,54410148,119.47,4,2023-05-19,2023-05-22,Delivered,Credit Card,477.88,2023-05,May,2023,5,Electronics,USB-C Hub,46.28,292.76
162176039,877572,48668783,162.57,1,2023-10-16,2023-10-18,Delivered,Credit Card,162.57,2023-10,Oct,2023,10,Electronics,USB-C Hub,46.28,116.28999999999999
362508142,216739,35921441,99.08,2,2023-06-11,2023-06-16,Delivered,Apple Pay,198.16,2023-06,Jun,2023,6,Electronics,Smart Watch,36.99,124.17999999999999
192570281,876646,15354599,297.55,5,2023-04-19,2023-04-23,Cancelled,Apple Pay,1487.75,2023-04,Apr,2023,4,Clothing,Cargo Shorts,8.69,1444.3
566523205,356787,71124923,158.47,4,2024-02-01,2024-02-03,Cancelled,Debit Card,633.88,2024-02,Feb,2024,2,Electronics,Mechanical Keyboard,38.72,479.0
224539647,877572,87736262,55.0,3,2023-05-29,2023-06-01,Cancelled,Apple Pay,165.0,2023-05,May,2023,5,Electronics,USB-C Hub,46.28,26.159999999999997
586804311,216739,95132217,75.08,3,2023-02-08,2023-02-10,Delivered,PayPal,225.24,2023-02,Feb,2023,2,Electronics,Smart Watch,36.99,114.27000000000001
757448675,334053,44788100,114.22,3,2023-04-15,2023-04-17,Processing,Google Pay,342.65999999999997,2023-04,Apr,2023,4,Electronics,Webcam HD,13.0,303.65999999999997
753728820,126225,57553014,192.41,5,2024-06-12,2024-06-19,Delivered,PayPal,962.05,2024-06,Jun,2024,6,Electronics,Bluetooth Speaker,22.88,847.65
159086532,216739,16740197,167.25,1,2023-02-14,2023-02-20,Returned,Debit Card,167.25,2023-02,Feb,2023,2,Electronics,Smart Watch,36.99,130.26
432097676,877572,87267850,95.22,3,2024-06-23,2024-06-28,Shipped,Google Pay,285.65999999999997,2024-06,Jun,2024,6,Electronics,USB-C Hub,46.28,146.81999999999996
815197502,770487,38210242,34.03,2,2023-07-18,2023-07-22,Shipped,Apple Pay,68.06,2023-07,Jul,2023,7,Electronics,Wireless Headphones,27.87,12.32
896387342,126225,73174945,14.29,2,2023-11-07,2023-11-09,Returned,PayPal,28.58,2023-11,Nov,2023,11,Electronics,Bluetooth Speaker,22.88,-17.18
806578337,876646,47135391,252.54,2,2024-07-03,2024-07-08,Cancelled,Credit Card,505.08,2024-07,Jul,2024,7,Clothing,Cargo Shorts,8.69,487.7
895275666,877572,84252420,97.05,1,2024-04-18,2024-04-19,Delivered,Credit Card,97.05,2024-04,Apr,2024,4,Electronics,USB-C Hub,46.28,50.769999999999996
288598352,191161,18135295,211.67,4,2024-06-29,2024-06-30,Cancelled,Apple Pay,846.68,2024-06,Jun,2024,6,Home & Kitchen,Coffee Maker,50.5,644.68
228250953,809570,47385696,45.23,2,2023-09-27,2023-10-04,Cancelled,Google Pay,90.46,2023-09,Sep,2023,9,Clothing,Hoodie,111.42,-132.38
113598909,770487,31682744,279.89,1,2023-09-28,2023-10-02,Returned,Google Pay,279.89,2023-09,Sep,2023,9,Electronics,Wireless Headphones,27.87,252.01999999999998
860102491,207473,20117988,178.24,5,2023-04-15,2023-04-22,Delivered,PayPal,891.2,2023-04,Apr,2023,4,Clothing,Graphic Tee,66.43,559.05
247330045,191161,64277800,51.46,3,2024-11-23,2024-11-28,Cancelled,Apple Pay,154.38,2024-11,Nov,2024,11,Home & Kitchen,Coffee Maker,50.5,2.8799999999999955
853229478,334053,54398056,28.37,1,2023-08-05,2023-08-08,Delivered,PayPal,28.37,2023-08,Aug,2023,8,Electronics,Webcam HD,13.0,15.370000000000001
112187618,216739,45520201,40.05,5,2023-03-13,2023-03-18,Cancelled,Credit Card,200.25,2023-03,Mar,2023,3,Electronics,Smart Watch,36.99,15.299999999999983
275913951,126225,47376585,77.11,3,2024-12-15,2024-12-21,Cancelled,Credit Card,231.32999999999998,2024-12,Dec,2024,12,Electronics,Bluetooth Speaker,22.88,162.69
633019326,246316,83871890,100.42,1,2023-01-03,2023-01-06,Processing,PayPal,100.42,2023-01,Jan,2023,1,Clothing,Running Jacket,48.71,51.71
472271797,126225,73791320,39.02,5,2024-01-31,2024-02-04,Shipped,Google Pay,195.10000000000002,2024-01,Jan,2024,1,Electronics,Bluetooth Speaker,22.88,80.70000000000003
661572729,216739,72682989,244.09,4,2023-09-26,2023-10-03,Delivered,PayPal,976.36,2023-09,Sep,2023,9,Electronics,Smart Watch,36.99,828.4
655363795,216739,94120751,293.24,5,2023-12-02,2023-12-08,Delivered,Credit Card,1466.2,2023-12,Dec,2023,12,Electronics,Smart Watch,36.99,1281.25
940725996,246316,81182864,258.77,4,2023-08-16,2023-08-18,Delivered,PayPal,1035.08,2023-08,Aug,2023,8,Clothing,Running Jacket,48.71,840.2399999999999
983160026,207473,68461818,11.07,2,2024-06-21,2024-06-25,Delivered,Google Pay,22.14,2024-06,Jun,2024,6,Clothing,Graphic Tee,66.43,-110.72000000000001
873916084,216739,32775593,35.79,4,2024-09-21,2024-09-24,Delivered,Credit Card,143.16,2024-09,Sep,2024,9,Electronics,Smart Watch,36.99,-4.800000000000011
378364310,770487,93926371,133.71,4,2023-08-18,2023-08-20,Delivered,Debit Card,534.84,2023-08,Aug,2023,8,Electronics,Wireless Headphones,27.87,423.36
279275105,216739,73560289,151.77,4,2023-02-16,2023-02-19,Delivered,Credit Card,607.08,2023-02,Feb,2023,2,Electronics,Smart Watch,36.99,459.12
499291766,809570,54349361,184.73,3,2023-01-28,2023-02-02,Delivered,Apple Pay,554.1899999999999,2023-01,Jan,2023,1,Clothing,Hoodie,111.42,219.92999999999995
236290703,126225,99639081,122.65,3,2024-02-10,2024-02-11,Delivered,Credit Card,367.95000000000005,2024-02,Feb,2024,2,Electronics,Bluetooth Speaker,22.88,299.31000000000006
905066256,388389,96268397,183.83,5,2024-02-14,2024-02-18,Shipped,Google Pay,919.1500000000001,2024-02,Feb,2024,2,Electronics,Laptop Stand,88.92,474.55000000000007
938725480,191161,29876811,159.85,4,2024-06-04,2024-06-07,Delivered,Debit Card,639.4,2024-06,Jun,2024,6,Home & Kitchen,Coffee Maker,50.5,437.4
388583671,334053,31682744,241.39,1,2023-02-24,2023-02-28,Returned,Credit Card,241.39,2023-02,Feb,2023,2,Electronics,Webcam HD,13.0,228.39
886983862,246316,64830300,149.33,5,2023-08-16,2023-08-22,Delivered,Google Pay,746.6500000000001,2023-08,Aug,2023,8,Clothing,Running Jacket,48.71,503.1000000000001
226762436,877572,17774584,39.94,1,2024-03-30,2024-04-04,Shipped,Credit Card,39.94,2024-03,Mar,2024,3,Electronics,USB-C Hub,46.28,-6.340000000000003
928316966,207473,98054615,90.62,1,2023-02-23,2023-02-24,Delivered,Credit Card,90.62,2023-02,Feb,2023,2,Clothing,Graphic Tee,66.43,24.189999999999998
131521039,770487,99038359,181.65,4,2023-12-09,2023-12-16,Delivered,Debit Card,726.6,2023-12,Dec,2023,12,Electronics,Wireless Headphones,27.87,615.12
459715348,126225,73519947,128.07,3,2024-08-01,2024-08-07,Delivered,Debit Card,384.21,2024-08,Aug,2024,8,Electronics,Bluetooth Speaker,22.88,315.57
966625455,877572,23209423,207.1,2,2024-05-06,2024-05-13,Cancelled,Debit Card,414.2,2024-05,May,2024,5,Electronics,USB-C Hub,46.28,321.64
560983746,770487,20896797,188.97,5,2023-02-26,2023-03-01,Processing,Debit Card,944.85,2023-02,Feb,2023,2,Electronics,Wireless Headphones,27.87,805.5
392036942,334053,82269803,121.91,1,2023-08-08,2023-08-14,Cancelled,Google Pay,121.91,2023-08,Aug,2023,8,Electronics,Webcam HD,13.0,108.91
662484182,246316,75041510,298.38,2,2023-08-30,2023-08-31,Processing,PayPal,596.76,2023-08,Aug,2023,8,Clothing,Running Jacket,48.71,499.34
168582026,671858,39219319,153.63,2,2023-10-07,2023-10-12,Delivered,Google Pay,307.26,2023-10,Oct,2023,10,Home & Kitchen,Air Fryer,110.01,87.23999999999998
382340033,877572,45630292,252.31,2,2024-11-08,2024-11-10,Returned,Apple Pay,504.62,2024-11,Nov,2024,11,Electronics,USB-C Hub,46.28,412.06
864851260,809570,30452412,36.81,1,2024-04-09,2024-04-15,Delivered,PayPal,36.81,2024-04,Apr,2024,4,Clothing,Hoodie,111.42,-74.61
719175016,770487,64830300,123.24,1,2024-05-08,2024-05-13,Shipped,Credit Card,123.24,2024-05,May,2024,5,Electronics,Wireless Headphones,27.87,95.36999999999999
773808249,770487,54410148,102.62,5,2023-08-23,2023-08-30,Delivered,Credit Card,513.1,2023-08,Aug,2023,8,Electronics,Wireless Headphones,27.87,373.75
182753316,719176,69295515,17.09,5,2023-05-20,2023-05-23,Processing,Google Pay,85.45,2023-05,May,2023,5,Home & Kitchen,Cast Iron Pan,90.67,-367.90000000000003
632734398,877572,99245317,97.65,2,2023-09-27,2023-10-01,Returned,Google Pay,195.3,2023-09,Sep,2023,9,Electronics,USB-C Hub,46.28,102.74000000000001
588764892,872246,69849511,282.2,3,2023-01-16,2023-01-17,Delivered,Apple Pay,846.5999999999999,2023-01,Jan,2023,1,Clothing,Denim Jeans,29.09,759.3299999999999
648447868,770487,28024248,78.82,2,2024-09-05,2024-09-11,Shipped,Credit Card,157.64,2024-09,Sep,2024,9,Electronics,Wireless Headphones,27.87,101.89999999999998
486680089,876646,21381064,179.12,2,2024-02-12,2024-02-18,Delivered,PayPal,358.24,2024-02,Feb,2024,2,Clothing,Cargo Shorts,8.69,340.86
159527291,126225,42255732,16.91,2,2023-02-26,2023-03-01,Shipped,Credit Card,33.82,2023-02,Feb,2023,2,Electronics,Bluetooth Speaker,22.88,-11.939999999999998
636452156,770487,64038913,227.45,1,2024-11-14,2024-11-21,Returned,PayPal,227.45,2024-11,Nov,2024,11,Electronics,Wireless Headphones,27.87,199.57999999999998
708689346,770487,85958181,172.93,3,2024-04-15,2024-04-17,Returned,Google Pay,518.79,2024-04,Apr,2024,4,Electronics,Wireless Headphones,27.87,435.17999999999995
279187532,809570,63826716,76.98,1,2023-03-31,2023-04-07,Cancelled,Google Pay,76.98,2023-03,Mar,2023,3,Clothing,Hoodie,111.42,-34.44
494801749,216739,71028710,291.73,5,2023-11-07,2023-11-13,Processing,Credit Card,1458.65,2023-11,Nov,2023,11,Electronics,Smart Watch,36.99,1273.7
268910304,671858,11646234,127.4,2,2024-07-28,2024-08-04,Delivered,Debit Card,254.8,2024-07,Jul,2024,7,Home & Kitchen,Air Fryer,110.01,34.78
373928805,126225,53936531,206.11,4,2023-05-08,2023-05-12,Cancelled,Debit Card,824.44,2023-05,May,2023,5,Electronics,Bluetooth Speaker,22.88,732.9200000000001
930355646,809570,64813568,131.5,5,2023-11-21,2023-11-27,Delivered,Debit Card,657.5,2023-11,Nov,2023,11,Clothing,Hoodie,111.42,100.39999999999998
210493305,216739,71028710,264.84,1,2024-07-14,2024-07-16,Shipped,Debit Card,264.84,2024-07,Jul,2024,7,Electronics,Smart Watch,36.99,227.84999999999997
716233644,877572,30743797,121.47,2,2023-05-05,2023-05-09,Returned,Credit Card,242.94,2023-05,May,2023,5,Electronics,USB-C Hub,46.28,150.38
823831302,126225,10359129,192.05,5,2023-04-30,2023-05-06,Delivered,Apple Pay,960.25,2023-04,Apr,2023,4,Electronics,Bluetooth Speaker,22.88,845.85
876077372,770487,71124923,89.43,2,2024-04-18,2024-04-22,Delivered,Debit Card,178.86,2024-04,Apr,2024,4,Electronics,Wireless Headphones,27.87,123.12
223838514,671858,55377076,222.9,2,2024-12-31,2025-01-05,Delivered,Debit Card,445.8,2024-12,Dec,2024,12,Home & Kitchen,Air Fryer,110.01,225.78
345247378,671858,84593961,126.66,4,2024-10-12,2024-10-19,Delivered,Debit Card,506.64,2024-10,Oct,2024,10,Home & Kitchen,Air Fryer,110.01,66.59999999999997
895406424,334053,56020613,85.4,5,2024-04-17,2024-04-22,Processing,PayPal,427.0,2024-04,Apr,2024,4,Electronics,Webcam HD,13.0,362.0
646346564,191161,88339168,273.02,4,2023-11-17,2023-11-19,Returned,PayPal,1092.08,2023-11,Nov,2023,11,Home & Kitchen,Coffee Maker,50.5,890.0799999999999
102757916,126225,33328859,277.31,4,2023-09-12,2023-09-19,Returned,Google Pay,1109.24,2023-09,Sep,2023,9,Electronics,Bluetooth Speaker,22.88,1017.72
147285340,334053,35529407,237.1,2,2023-03-18,2023-03-21,Delivered,Credit Card,474.2,2023-03,Mar,2023,3,Electronics,Webcam HD,13.0,448.2
113194223,770487,78371272,148.87,3,2024-07-29,2024-08-02,Delivered,PayPal,446.61,2024-07,Jul,2024,7,Electronics,Wireless Headphones,27.87,363.0
362585121,207473,58436637,195.68,4,2023-02-27,2023-03-06,Cancelled,Debit Card,782.72,2023-02,Feb,2023,2,Clothing,Graphic Tee,66.43,517.0
149372289,671858,82828034,59.79,3,2024-09-16,2024-09-17,Processing,Credit Card,179.37,2024-09,Sep,2024,9,Home & Kitchen,Air Fryer,110.01,-150.66000000000003
606553372,126225,38682516,58.8,4,2023-08-30,2023-09-03,Delivered,Apple Pay,235.2,2023-08,Aug,2023,8,Electronics,Bluetooth Speaker,22.88,143.68
490816787,334053,59597086,103.95,3,2023-05-30,2023-06-01,Delivered,Google Pay,311.85,2023-05,May,2023,5,Electronics,Webcam HD,13.0,272.85
511221078,126225,15957459,180.93,4,2024-11-04,2024-11-09,Shipped,Debit Card,723.72,2024-11,Nov,2024,11,Electronics,Bluetooth Speaker,22.88,632.2
261152186,876646,87669750,250.86,4,2023-07-20,2023-07-25,Returned,Google Pay,1003.44,2023-07,Jul,2023,7,Clothing,Cargo Shorts,8.69,968.6800000000001
292157835,356787,55377076,246.67,3,2024-07-31,2024-08-06,Cancelled,Apple Pay,740.01,2024-07,Jul,2024,7,Electronics,Mechanical Keyboard,38.72,623.85
137971349,388389,39557077,205.86,4,2023-03-07,2023-03-11,Shipped,Credit Card,823.44,2023-03,Mar,2023,3,Electronics,Laptop Stand,88.92,467.76000000000005
693634042,877572,24305904,123.94,4,2023-06-01,2023-06-04,Returned,Apple Pay,495.76,2023-06,Jun,2023,6,Electronics,USB-C Hub,46.28,310.64
962338680,126225,26941092,256.54,2,2023-10-26,2023-11-01,Delivered,Credit Card,513.08,2023-10,Oct,2023,10,Electronics,Bluetooth Speaker,22.88,467.32000000000005
866673993,770487,99508850,19.29,5,2024-02-12,2024-02-14,Cancelled,Debit Card,96.44999999999999,2024-02,Feb,2024,2,Electronics,Wireless Headphones,27.87,-42.900000000000006
895283876,207473,13852048,171.99,5,2023-09-16,2023-09-22,Shipped,Debit Card,859.95,2023-09,Sep,2023,9,Clothing,Graphic Tee,66.43,527.8
804056048,719176,19196777,267.5,5,2023-04-24,2023-04-25,Processing,Debit Card,1337.5,2023-04,Apr,2023,4,Home & Kitchen,Cast Iron Pan,90.67,884.15
550294365,877572,23903144,231.11,3,2024-03-13,2024-03-16,Processing,PayPal,693.33,2024-03,Mar,2024,3,Electronics,USB-C Hub,46.28,554.49
341071485,877572,41726318,188.97,1,2023-01-07,2023-01-08,Processing,PayPal,188.97,2023-01,Jan,2023,1,Electronics,USB-C Hub,46.28,142.69
445532283,126225,10475894,136.68,2,2024-11-20,2024-11-21,Shipped,Google Pay,273.36,2024-11,Nov,2024,11,Electronics,Bluetooth Speaker,22.88,227.60000000000002
366570563,876646,38609087,104.6,2,2024-10-06,2024-10-10,Processing,PayPal,209.2,2024-10,Oct,2024,10,Clothing,Cargo Shorts,8.69,191.82
546952114,770487,50056581,19.37,1,2024-01-08,2024-01-09,Processing,PayPal,19.37,2024-01,Jan,2024,1,Electronics,Wireless Headphones,27.87,-8.5
873403266,876646,95511909,47.35,2,2024-12-28,2024-12-30,Delivered,Credit Card,94.7,2024-12,Dec,2024,12,Clothing,Cargo Shorts,8.69,77.32000000000001
443527737,770487,44788100,79.77,1,2023-05-18,2023-05-20,Delivered,Google Pay,79.77,2023-05,May,2023,5,Electronics,Wireless Headphones,27.87,51.89999999999999
391261014,216739,54398056,51.27,3,2023-10-06,2023-10-12,Delivered,Apple Pay,153.81,2023-10,Oct,2023,10,Electronics,Smart Watch,36.99,42.84
986907524,356787,60372847,232.57,2,2023-04-28,2023-05-02,Returned,Google Pay,465.14,2023-04,Apr,2023,4,Electronics,Mechanical Keyboard,38.72,387.7
183630600,770487,55540424,124.94,1,2024-03-01,2024-03-07,Shipped,Apple Pay,124.94,2024-03,Mar,2024,3,Electronics,Wireless Headphones,27.87,97.07
713682070,877572,30364454,12.67,2,2024-11-23,2024-11-26,Returned,Credit Card,25.34,2024-11,Nov,2024,11,Electronics,USB-C Hub,46.28,-67.22
500299721,126225,26240908,38.87,4,2023-01-20,2023-01-24,Delivered,Google Pay,155.48,2023-01,Jan,2023,1,Electronics,Bluetooth Speaker,22.88,63.959999999999994
228205773,126225,33763566,17.96,3,2023-12-06,2023-12-11,Cancelled,Credit Card,53.88,2023-12,Dec,2023,12,Electronics,Bluetooth Speaker,22.88,-14.759999999999998
639062353,246316,10289289,250.73,2,2024-08-17,2024-08-21,Processing,Credit Card,501.46,2024-08,Aug,2024,8,Clothing,Running Jacket,48.71,404.03999999999996
822977979,770487,28814949,102.17,1,2024-01-03,2024-01-04,Cancelled,Google Pay,102.17,2024-01,Jan,2024,1,Electronics,Wireless Headphones,27.87,74.3
156556289,671858,51870192,38.62,2,2024-12-23,2024-12-27,Delivered,PayPal,77.24,2024-12,Dec,2024,12,Home & Kitchen,Air Fryer,110.01,-142.78000000000003
292569534,126225,33357554,80.91,2,2023-06-13,2023-06-19,Delivered,Google Pay,161.82,2023-06,Jun,2023,6,Electronics,Bluetooth Speaker,22.88,116.06
339643129,216739,79967676,194.42,2,2024-10-25,2024-10-29,Delivered,PayPal,388.84,2024-10,Oct,2024,10,Electronics,Smart Watch,36.99,314.85999999999996
963651372,126225,83300637,282.13,2,2024-02-19,2024-02-21,Processing,PayPal,564.26,2024-02,Feb,2024,2,Electronics,Bluetooth Speaker,22.88,518.5
653808250,770487,75151231,235.12,3,2023-04-29,2023-05-02,Delivered,Google Pay,705.36,2023-04,Apr,2023,4,Electronics,Wireless Headphones,27.87,621.75
149315449,809570,15334035,214.19,5,2024-04-19,2024-04-23,Processing,Debit Card,1070.95,2024-04,Apr,2024,4,Clothing,Hoodie,111.42,513.85
530489781,770487,77750178,180.38,2,2023-10-10,2023-10-15,Delivered,PayPal,360.76,2023-10,Oct,2023,10,Electronics,Wireless Headphones,27.87,305.02
174009197,719176,60885459,214.93,5,2024-06-03,2024-06-04,Shipped,Credit Card,1074.65,2024-06,Jun,2024,6,Home & Kitchen,Cast Iron Pan,90.67,621.3000000000001
599391065,191161,55377076,271.31,2,2023-11-13,2023-11-20,Processing,Debit Card,542.62,2023-11,Nov,2023,11,Home & Kitchen,Coffee Maker,50.5,441.62
403124688,356787,87925434,95.54,3,2024-12-09,2024-12-16,Processing,Debit Card,286.62,2024-12,Dec,2024,12,Electronics,Mechanical Keyboard,38.72,170.46
930568802,126225,32520277,103.13,4,2024-02-21,2024-02-25,Processing,Google Pay,412.52,2024-02,Feb,2024,2,Electronics,Bluetooth Speaker,22.88,321.0
433609196,216739,31361812,168.98,1,2024-08-29,2024-09-05,Cancelled,PayPal,168.98,2024-08,Aug,2024,8,Electronics,Smart Watch,36.99,131.98999999999998
451436694,877572,10289289,82.52,1,2024-03-28,2024-04-04,Delivered,Apple Pay,82.52,2024-03,Mar,2024,3,Electronics,USB-C Hub,46.28,36.239999999999995
192755745,770487,99038359,144.77,1,2024-06-27,2024-07-02,Returned,Credit Card,144.77,2024-06,Jun,2024,6,Electronics,Wireless Headphones,27.87,116.9
693877361,216739,15334035,69.47,4,2023-04-30,2023-05-07,Cancelled,Google Pay,277.88,2023-04,Apr,2023,4,Electronics,Smart Watch,36.99,129.92
590427473,207473,68800797,66.76,4,2023-01-08,2023-01-13,Shipped,Credit Card,267.04,2023-01,Jan,2023,1,Clothing,Graphic Tee,66.43,1.3199999999999932
108556837,126225,44675473,180.14,2,2024-08-14,2024-08-19,Delivered,Apple Pay,360.28,2024-08,Aug,2024,8,Electronics,Bluetooth Speaker,22.88,314.52
496124146,770487,61053474,81.45,5,2023-04-30,2023-05-06,Processing,Apple Pay,407.25,2023-04,Apr,2023,4,Electronics,Wireless Headphones,27.87,267.9
315469014,207473,96911784,40.48,3,2023-05-10,2023-05-14,Cancelled,Apple Pay,121.44,2023-05,May,2023,5,Clothing,Graphic Tee,66.43,-77.85000000000002
413097844,216739,45594597,150.86,5,2024-06-17,2024-06-23,Processing,PayPal,754.3000000000001,2024-06,Jun,2024,6,Electronics,Smart Watch,36.99,569.35
705382875,719176,81688860,196.38,5,2024-01-10,2024-01-16,Returned,Google Pay,981.9,2024-01,Jan,2024,1,Home & Kitchen,Cast Iron Pan,90.67,528.55
942358213,770487,97477029,78.1,5,2023-09-22,2023-09-29,Shipped,Apple Pay,390.5,2023-09,Sep,2023,9,Electronics,Wireless Headphones,27.87,251.15
426320130,770487,42394260,78.78,5,2023-01-05,2023-01-09,Delivered,Google Pay,393.9,2023-01,Jan,2023,1,Electronics,Wireless Headphones,27.87,254.54999999999998
894113665,207473,30024960,96.17,3,2024-10-31,2024-11-07,Delivered,Apple Pay,288.51,2024-10,Oct,2024,10,Clothing,Graphic Tee,66.43,89.21999999999997
768637849,809570,51098277,241.98,3,2023-09-16,2023-09-23,Delivered,Credit Card,725.9399999999999,2023-09,Sep,2023,9,Clothing,Hoodie,111.42,391.67999999999995
360472583,246316,34941004,121.81,3,2024-03-12,2024-03-14,Delivered,Debit Card,365.43,2024-03,Mar,2024,3,Clothing,Running Jacket,48.71,219.3
598137488,388389,93638503,209.91,1,2024-08-04,2024-08-05,Returned,PayPal,209.91,2024-08,Aug,2024,8,Electronics,Laptop Stand,88.92,120.99
495430792,216739,82232344,286.88,5,2024-06-12,2024-06-15,Cancelled,Credit Card,1434.4,2024-06,Jun,2024,6,Electronics,Smart Watch,36.99,1249.45
735323297,246316,49209916,115.51,3,2024-08-09,2024-08-13,Shipped,Google Pay,346.53000000000003,2024-08,Aug,2024,8,Clothing,Running Jacket,48.71,200.40000000000003
629741991,877572,45630292,295.99,5,2024-03-02,2024-03-08,Delivered,Apple Pay,1479.95,2024-03,Mar,2024,3,Electronics,USB-C Hub,46.28,1248.55
929587172,246316,31172421,21.28,2,2023-11-10,2023-11-16,Delivered,Apple Pay,42.56,2023-11,Nov,2023,11,Clothing,Running Jacket,48.71,-54.86
933101205,809570,80415568,287.61,1,2024-04-22,2024-04-26,Cancelled,Debit Card,287.61,2024-04,Apr,2024,4,Clothing,Hoodie,111.42,176.19
309833231,356787,79340535,152.65,5,2024-10-03,2024-10-04,Delivered,Apple Pay,763.25,2024-10,Oct,2024,10,Electronics,Mechanical Keyboard,38.72,569.65
886476517,216739,96637649,103.24,1,2024-12-29,2025-01-03,Delivered,Debit Card,103.24,2024-12,Dec,2024,12,Electronics,Smart Watch,36.99,66.25
686863518,334053,30534124,286.63,3,2023-12-15,2023-12-17,Cancelled,Credit Card,859.89,2023-12,Dec,2023,12,Electronics,Webcam HD,13.0,820.89
916561565,770487,64830300,208.17,4,2023-05-22,2023-05-29,Delivered,Debit Card,832.68,2023-05,May,2023,5,Electronics,Wireless Headphones,27.87,721.1999999999999
954670083,126225,63481198,216.16,1,2024-12-12,2024-12-18,Delivered,Google Pay,216.16,2024-12,Dec,2024,12,Electronics,Bluetooth Speaker,22.88,193.28
363202977,770487,80166708,81.23,4,2023-05-24,2023-05-26,Shipped,Credit Card,324.92,2023-05,May,2023,5,Electronics,Wireless Headphones,27.87,213.44
261669421,388389,72394301,179.69,3,2023-12-04,2023-12-05,Delivered,PayPal,539.0699999999999,2023-12,Dec,2023,12,Electronics,Laptop Stand,88.92,272.30999999999995
106848195,356787,75228535,21.87,1,2023-06-02,2023-06-03,Shipped,PayPal,21.87,2023-06,Jun,2023,6,Electronics,Mechanical Keyboard,38.72,-16.849999999999998
540272920,126225,20099059,89.48,4,2024-01-05,2024-01-10,Returned,Apple Pay,357.92,2024-01,Jan,2024,1,Electronics,Bluetooth Speaker,22.88,266.40000000000003
125673445,216739,96728778,82.28,5,2024-07-18,2024-07-23,Delivered,Debit Card,411.4,2024-07,Jul,2024,7,Electronics,Smart Watch,36.99,226.44999999999996
350179421,246316,45520201,131.35,1,2023-01-15,2023-01-22,Shipped,Apple Pay,131.35,2023-01,Jan,2023,1,Clothing,Running Jacket,48.71,82.63999999999999
681479730,216739,78159587,198.23,1,2023-06-03,2023-06-08,Delivered,Apple Pay,198.23,2023-06,Jun,2023,6,Electronics,Smart Watch,36.99,161.23999999999998
471969615,126225,22388090,281.66,3,2024-11-18,2024-11-19,Delivered,PayPal,844.98,2024-11,Nov,2024,11,Electronics,Bluetooth Speaker,22.88,776.34
782837348,671858,42594692,46.55,4,2023-12-07,2023-12-08,Delivered,PayPal,186.2,2023-12,Dec,2023,12,Home & Kitchen,Air Fryer,110.01,-253.84000000000003
844597866,877572,12621534,242.57,3,2024-07-05,2024-07-10,Returned,Debit Card,727.71,2024-07,Jul,2024,7,Electronics,USB-C Hub,46.28,588.87
110302352,877572,87267850,295.98,5,2024-02-24,2024-03-02,Cancelled,Google Pay,1479.9,2024-02,Feb,2024,2,Electronics,USB-C Hub,46.28,1248.5
459722166,877572,42138745,61.59,2,2023-01-30,2023-02-04,Shipped,Google Pay,123.18,2023-01,Jan,2023,1,Electronics,USB-C Hub,46.28,30.620000000000005
101569849,334053,60864911,15.03,2,2024-03-10,2024-03-15,Delivered,Credit Card,30.06,2024-03,Mar,2024,3,Electronics,Webcam HD,13.0,4.059999999999999
914893975,207473,91363974,126.11,4,2024-11-23,2024-11-24,Returned,Google Pay,504.44,2024-11,Nov,2024,11,Clothing,Graphic Tee,66.43,238.71999999999997
805774632,770487,48349783,29.46,3,2023-01-25,2023-01-31,Cancelled,Credit Card,88.38,2023-01,Jan,2023,1,Electronics,Wireless Headphones,27.87,4.769999999999996
504022022,216739,26247735,99.7,1,2023-08-02,2023-08-05,Shipped,Apple Pay,99.7,2023-08,Aug,2023,8,Electronics,Smart Watch,36.99,62.71
892510222,207473,73993471,62.86,1,2023-04-28,2023-05-02,Processing,Debit Card,62.86,2023-04,Apr,2023,4,Clothing,Graphic Tee,66.43,-3.5700000000000074
880841206,216739,81503856,253.32,5,2024-10-12,2024-10-19,Delivered,Google Pay,1266.6,2024-10,Oct,2024,10,Electronics,Smart Watch,36.99,1081.6499999999999
430187039,216739,24665841,107.77,1,2023-01-03,2023-01-10,Shipped,Credit Card,107.77,2023-01,Jan,2023,1,Electronics,Smart Watch,36.99,70.78
211614410,877572,19289546,46.51,2,2023-02-26,2023-03-03,Processing,Debit Card,93.02,2023-02,Feb,2023,2,Electronics,USB-C Hub,46.28,0.45999999999999375
320325776,809570,93352876,141.66,1,2023-10-14,2023-10-16,Delivered,PayPal,141.66,2023-10,Oct,2023,10,Clothing,Hoodie,111.42,30.239999999999995
668883968,207473,10791358,267.84,2,2024-07-08,2024-07-13,Processing,Debit Card,535.68,2024-07,Jul,2024,7,Clothing,Graphic Tee,66.43,402.81999999999994
355730504,770487,75319931,201.46,1,2023-06-12,2023-06-18,Delivered,Debit Card,201.46,2023-06,Jun,2023,6,Electronics,Wireless Headphones,27.87,173.59
550773824,334053,30452412,85.01,4,2023-02-24,2023-02-27,Delivered,Google Pay,340.04,2023-02,Feb,2023,2,Electronics,Webcam HD,13.0,288.04
628311983,126225,10791358,254.94,4,2024-02-23,2024-02-24,Returned,Credit Card,1019.76,2024-02,Feb,2024,2,Electronics,Bluetooth Speaker,22.88,928.24
164311845,809570,20099059,211.47,3,2024-03-26,2024-03-28,Returned,PayPal,634.41,2024-03,Mar,2024,3,Clothing,Hoodie,111.42,300.15
252872361,216739,43183955,211.5,4,2024-07-17,2024-07-21,Shipped,Google Pay,846.0,2024-07,Jul,2024,7,Electronics,Smart Watch,36.99,698.04
864131026,719176,33978249,245.02,5,2024-03-28,2024-03-29,Delivered,Apple Pay,1225.1000000000001,2024-03,Mar,2024,3,Home & Kitchen,Cast Iron Pan,90.67,771.7500000000001
400460098,356787,42111036,35.05,5,2023-02-24,2023-02-28,Processing,Google Pay,175.25,2023-02,Feb,2023,2,Electronics,Mechanical Keyboard,38.72,-18.349999999999994
199886596,207473,35487660,54.96,5,2024-07-12,2024-07-15,Delivered,Google Pay,274.8,2024-07,Jul,2024,7,Clothing,Graphic Tee,66.43,-57.35000000000002
147137549,126225,48285503,218.66,4,2024-02-15,2024-02-21,Delivered,Credit Card,874.64,2024-02,Feb,2024,2,Electronics,Bluetooth Speaker,22.88,783.12
348541776,126225,63121477,197.18,4,2024-05-19,2024-05-20,Delivered,PayPal,788.72,2024-05,May,2024,5,Electronics,Bluetooth Speaker,22.88,697.2
658087211,334053,99100953,13.06,2,2024-07-09,2024-07-14,Delivered,Apple Pay,26.12,2024-07,Jul,2024,7,Electronics,Webcam HD,13.0,0.120000000000001
543516366,877572,20200074,28.58,4,2024-01-12,2024-01-18,Processing,Google Pay,114.32,2024-01,Jan,2024,1,Electronics,USB-C Hub,46.28,-70.80000000000001
852528635,877572,41568532,171.42,3,2023-09-26,2023-09-28,Delivered,PayPal,514.26,2023-09,Sep,2023,9,Electronics,USB-C Hub,46.28,375.41999999999996
499960213,809570,79008866,15.21,5,2024-02-13,2024-02-20,Processing,Credit Card,76.05000000000001,2024-02,Feb,2024,2,Clothing,Hoodie,111.42,-481.05
592265554,207473,67403166,161.46,1,2024-07-23,2024-07-24,Cancelled,Credit Card,161.46,2024-07,Jul,2024,7,Clothing,Graphic Tee,66.43,95.03
903050869,877572,88393811,59.45,4,2023-04-16,2023-04-19,Shipped,Credit Card,237.8,2023-04,Apr,2023,4,Electronics,USB-C Hub,46.28,52.68000000000001
191163279,876646,41039390,92.63,2,2023-10-20,2023-10-21,Shipped,Google Pay,185.26,2023-10,Oct,2023,10,Clothing,Cargo Shorts,8.69,167.88
723597716,877572,66379329,212.81,3,2024-01-24,2024-01-28,Shipped,Credit Card,638.4300000000001,2024-01,Jan,2024,1,Electronics,USB-C Hub,46.28,499.59000000000003
202625025,770487,86644106,175.48,1,2023-02-05,2023-02-12,Delivered,Apple Pay,175.48,2023-02,Feb,2023,2,Electronics,Wireless Headphones,27.87,147.60999999999999
642698931,770487,83300637,115.0,2,2024-07-22,2024-07-28,Delivered,PayPal,230.0,2024-07,Jul,2024,7,Electronics,Wireless Headphones,27.87,174.26
243359401,126225,91321540,208.95,2,2024-04-29,2024-05-01,Cancelled,Google Pay,417.9,2024-04,Apr,2024,4,Electronics,Bluetooth Speaker,22.88,372.14
784205125,770487,43742830,271.34,4,2023-06-26,2023-07-01,Delivered,Google Pay,1085.36,2023-06,Jun,2023,6,Electronics,Wireless Headphones,27.87,973.8799999999999
980428452,671858,59555330,205.58,3,2024-10-25,2024-10-29,Cancelled,Debit Card,616.74,2024-10,Oct,2024,10,Home & Kitchen,Air Fryer,110.01,286.71
523431477,191161,63643924,227.05,4,2024-09-01,2024-09-08,Cancelled,PayPal,908.2,2024-09,Sep,2024,9,Home & Kitchen,Coffee Maker,50.5,706.2
180348617,388389,17634247,121.23,5,2023-12-21,2023-12-23,Returned,PayPal,606.15,2023-12,Dec,2023,12,Electronics,Laptop Stand,88.92,161.54999999999995
735543236,809570,36998038,127.28,1,2023-10-16,2023-10-17,Delivered,Debit Card,127.28,2023-10,Oct,2023,10,Clothing,Hoodie,111.42,15.86
709692870,126225,73440831,142.98,5,2023-07-12,2023-07-14,Returned,Debit Card,714.9,2023-07,Jul,2023,7,Electronics,Bluetooth Speaker,22.88,600.5
166875719,191161,98054615,176.28,5,2024-02-09,2024-02-15,Shipped,Apple Pay,881.4,2024-02,Feb,2024,2,Home & Kitchen,Coffee Maker,50.5,628.9
567059305,877572,89699989,163.75,3,2023-01-05,2023-01-12,Shipped,Credit Card,491.25,2023-01,Jan,2023,1,Electronics,USB-C Hub,46.28,352.40999999999997
811293744,671858,61343880,23.45,3,2024-09-05,2024-09-11,Processing,PayPal,70.35,2024-09,Sep,2024,9,Home & Kitchen,Air Fryer,110.01,-259.68000000000006
240346956,207473,89442503,89.75,5,2024-06-05,2024-06-06,Processing,Credit Card,448.75,2024-06,Jun,2024,6,Clothing,Graphic Tee,66.43,116.59999999999997
354231714,126225,75181765,92.13,1,2024-02-15,2024-02-17,Cancelled,PayPal,92.13,2024-02,Feb,2024,2,Electronics,Bluetooth Speaker,22.88,69.25
413184748,126225,81182864,177.48,4,2024-08-01,2024-08-06,Delivered,Debit Card,709.92,2024-08,Aug,2024,8,Electronics,Bluetooth Speaker,22.88,618.4
380236885,216739,19317495,223.61,1,2023-05-29,2023-06-02,Delivered,Credit Card,223.61,2023-05,May,2023,5,Electronics,Smart Watch,36.99,186.62
438238241,216739,51837852,117.85,1,2024-12-18,2024-12-23,Processing,PayPal,117.85,2024-12,Dec,2024,12,Electronics,Smart Watch,36.99,80.85999999999999
959870518,334053,27129912,203.8,3,2024-09-16,2024-09-21,Processing,Debit Card,611.4000000000001,2024-09,Sep,2024,9,Electronics,Webcam HD,13.0,572.4000000000001
521929719,216739,99038359,44.15,2,2024-08-13,2024-08-17,Delivered,Apple Pay,88.3,2024-08,Aug,2024,8,Electronics,Smart Watch,36.99,14.319999999999993
852398388,876646,96691619,281.72,5,2023-10-09,2023-10-15,Delivered,Credit Card,1408.6000000000001,2023-10,Oct,2023,10,Clothing,Cargo Shorts,8.69,1365.15
993245640,877572,20099059,188.69,4,2023-06-08,2023-06-11,Cancelled,Debit Card,754.76,2023-06,Jun,2023,6,Electronics,USB-C Hub,46.28,569.64
889579134,126225,99913412,57.54,5,2024-07-13,2024-07-20,Processing,Apple Pay,287.7,2024-07,Jul,2024,7,Electronics,Bluetooth Speaker,22.88,173.3
450309958,719176,57553014,290.82,3,2024-09-16,2024-09-18,Shipped,PayPal,872.46,2024-09,Sep,2024,9,Home & Kitchen,Cast Iron Pan,90.67,600.45
441511874,207473,38195995,122.1,3,2024-04-02,2024-04-05,Delivered,Google Pay,366.29999999999995,2024-04,Apr,2024,4,Clothing,Graphic Tee,66.43,167.00999999999993
586145040,877572,65177213,168.81,3,2024-05-08,2024-05-14,Cancelled,Apple Pay,506.43,2024-05,May,2024,5,Electronics,USB-C Hub,46.28,367.59000000000003
392010397,671858,14216175,32.76,2,2023-09-26,2023-09-30,Shipped,PayPal,65.52,2023-09,Sep,2023,9,Home & Kitchen,Air Fryer,110.01,-154.5
350838144,126225,15957459,251.32,2,2023-05-28,2023-06-02,Shipped,Apple Pay,502.64,2023-05,May,2023,5,Electronics,Bluetooth Speaker,22.88,456.88
180195016,191161,33607110,160.35,5,2024-09-26,2024-10-01,Shipped,Google Pay,801.75,2024-09,Sep,2024,9,Home & Kitchen,Coffee Maker,50.5,549.25
317661025,872246,30244148,90.84,5,2023-12-05,2023-12-08,Delivered,Apple Pay,454.20000000000005,2023-12,Dec,2023,12,Clothing,Denim Jeans,29.09,308.75000000000006
246148980,770487,30863865,43.5,5,2023-10-12,2023-10-13,Delivered,Google Pay,217.5,2023-10,Oct,2023,10,Electronics,Wireless Headphones,27.87,78.15
937450959,876646,94525678,105.2,5,2023-01-04,2023-01-10,Shipped,Debit Card,526.0,2023-01,Jan,2023,1,Clothing,Cargo Shorts,8.69,482.55
926938633,876646,73519947,178.6,3,2023-03-07,2023-03-13,Shipped,Debit Card,535.8,2023-03,Mar,2023,3,Clothing,Cargo Shorts,8.69,509.72999999999996
727825475,872246,64038913,90.84,5,2023-06-06,2023-06-13,Delivered,PayPal,454.20000000000005,2023-06,Jun,2023,6,Clothing,Denim Jeans,29.09,308.75000000000006
217008688,246316,29806690,128.06,1,2024-11-16,2024-11-19,Delivered,Apple Pay,128.06,2024-11,Nov,2024,11,Clothing,Running Jacket,48.71,79.35
266870811,872246,75181648,213.35,2,2024-12-23,2024-12-25,Returned,Credit Card,426.7,2024-12,Dec,2024,12,Clothing,Denim Jeans,29.09,368.52
213449146,671858,64277800,187.84,5,2024-03-04,2024-03-07,Delivered,PayPal,939.2,2024-03,Mar,2024,3,Home & Kitchen,Air Fryer,110.01,389.15
276496293,770487,11980765,140.35,3,2024-12-24,2024-12-26,Delivered,Debit Card,421.04999999999995,2024-12,Dec,2024,12,Electronics,Wireless Headphones,27.87,337.43999999999994
582718617,877572,40942292,266.63,4,2023-06-30,2023-07-07,Delivered,Google Pay,1066.52,2023-06,Jun,2023,6,Electronics,USB-C Hub,46.28,881.4
600422869,334053,16729990,142.39,3,2023-10-19,2023-10-22,Shipped,Debit Card,427.16999999999996,2023-10,Oct,2023,10,Electronics,Webcam HD,13.0,388.16999999999996
437190678,770487,82556484,70.81,1,2024-10-02,2024-10-03,Shipped,Google Pay,70.81,2024-10,Oct,2024,10,Electronics,Wireless Headphones,27.87,42.94
536489528,877572,12601580,130.69,3,2023-02-18,2023-02-22,Cancelled,PayPal,392.07,2023-02,Feb,2023,2,Electronics,USB-C Hub,46.28,253.23
229640083,356787,72732043,126.38,2,2023-12-06,2023-12-11,Delivered,Apple Pay,252.76,2023-12,Dec,2023,12,Electronics,Mechanical Keyboard,38.72,175.32
675444604,356787,99913412,279.72,2,2023-03-23,2023-03-28,Cancelled,Google Pay,559.44,2023-03,Mar,2023,3,Electronics,Mechanical Keyboard,38.72,482.00000000000006
484708210,809570,78642041,282.05,5,2023-05-23,2023-05-24,Cancelled,Google Pay,1410.25,2023-05,May,2023,5,Clothing,Hoodie,111.42,853.15
927142786,334053,75228535,286.15,3,2023-11-20,2023-11-27,Shipped,Google Pay,858.4499999999999,2023-11,Nov,2023,11,Electronics,Webcam HD,13.0,819.4499999999999
322947698,719176,16749089,165.68,2,2023-11-14,2023-11-16,Cancelled,Google Pay,331.36,2023-11,Nov,2023,11,Home & Kitchen,Cast Iron Pan,90.67,150.02
585242269,388389,42138745,22.88,1,2023-12-03,2023-12-05,Cancelled,Debit Card,22.88,2023-12,Dec,2023,12,Electronics,Laptop Stand,88.92,-66.04
431042889,191161,53258988,261.43,4,2024-07-07,2024-07-12,Delivered,Debit Card,1045.72,2024-07,Jul,2024,7,Home & Kitchen,Coffee Maker,50.5,843.72
597514616,877572,93926371,135.44,4,2023-08-01,2023-08-08,Processing,Apple Pay,541.76,2023-08,Aug,2023,8,Electronics,USB-C Hub,46.28,356.64
384550090,877572,93352876,122.86,4,2024-05-07,2024-05-12,Processing,PayPal,491.44,2024-05,May,2024,5,Electronics,USB-C Hub,46.28,306.32
228756206,126225,53936531,119.82,1,2024-04-18,2024-04-24,Cancelled,Debit Card,119.82,2024-04,Apr,2024,4,Electronics,Bluetooth Speaker,22.88,96.94
197088689,877572,31361812,251.03,4,2024-07-28,2024-07-30,Delivered,Credit Card,1004.12,2024-07,Jul,2024,7,Electronics,USB-C Hub,46.28,819.0
269238221,216739,92097999,193.65,3,2023-09-30,2023-10-06,Shipped,Debit Card,580.95,2023-09,Sep,2023,9,Electronics,Smart Watch,36.99,469.98
967150570,356787,19121552,47.42,4,2023-07-17,2023-07-23,Shipped,Credit Card,189.68,2023-07,Jul,2023,7,Electronics,Mechanical Keyboard,38.72,34.80000000000001
836645781,216739,25521714,214.65,4,2024-06-27,2024-06-30,Delivered,Credit Card,858.6,2024-06,Jun,2024,6,Electronics,Smart Watch,36.99,710.64
426648350,126225,82909480,249.22,2,2024-10-13,2024-10-19,Processing,PayPal,498.44,2024-10,Oct,2024,10,Electronics,Bluetooth Speaker,22.88,452.68
987325945,191161,69849511,215.65,3,2023-01-24,2023-01-27,Delivered,Debit Card,646.95,2023-01,Jan,2023,1,Home & Kitchen,Coffee Maker,50.5,495.45000000000005
856671023,126225,73771720,220.66,2,2024-06-17,2024-06-22,Processing,Apple Pay,441.32,2024-06,Jun,2024,6,Electronics,Bluetooth Speaker,22.88,395.56
848267035,719176,42111036,95.01,1,2024-10-26,2024-10-27,Shipped,Apple Pay,95.01,2024-10,Oct,2024,10,Home & Kitchen,Cast Iron Pan,90.67,4.340000000000003
747791119,872246,12823170,179.29,3,2024-01-04,2024-01-11,Shipped,Apple Pay,537.87,2024-01,Jan,2024,1,Clothing,Denim Jeans,29.09,450.6
143303806,877572,44188276,12.94,3,2024-01-25,2024-01-30,Processing,PayPal,38.82,2024-01,Jan,2024,1,Electronics,USB-C Hub,46.28,-100.02000000000001
330876810,876646,75529051,64.34,2,2023-08-22,2023-08-24,Processing,Credit Card,128.68,2023-08,Aug,2023,8,Clothing,Cargo Shorts,8.69,111.30000000000001
997567367,126225,19391725,276.22,4,2024-07-01,2024-07-05,Delivered,Credit Card,1104.88,2024-07,Jul,2024,7,Electronics,Bluetooth Speaker,22.88,1013.3600000000001
451965766,809570,16729990,188.33,3,2023-09-02,2023-09-08,Processing,Google Pay,564.99,2023-09,Sep,2023,9,Clothing,Hoodie,111.42,230.73000000000002
259261469,809570,52091325,19.2,4,2024-03-07,2024-03-10,Delivered,Google Pay,76.8,2024-03,Mar,2024,3,Clothing,Hoodie,111.42,-368.88
197939109,770487,47376585,23.68,2,2023-05-12,2023-05-18,Processing,Google Pay,47.36,2023-05,May,2023,5,Electronics,Wireless Headphones,27.87,-8.380000000000003
863599447,770487,37326368,36.41,4,2024-05-31,2024-06-04,Delivered,Google Pay,145.64,2024-05,May,2024,5,Electronics,Wireless Headphones,27.87,34.15999999999998
366522892,877572,43189803,102.93,5,2024-10-01,2024-10-02,Returned,Credit Card,514.6500000000001,2024-10,Oct,2024,10,Electronics,USB-C Hub,46.28,283.2500000000001
481975879,770487,93926371,247.39,2,2023-04-30,2023-05-03,Shipped,PayPal,494.78,2023-04,Apr,2023,4,Electronics,Wireless Headphones,27.87,439.03999999999996
525464250,191161,25480907,16.13,4,2024-02-18,2024-02-22,Shipped,Debit Card,64.52,2024-02,Feb,2024,2,Home & Kitchen,Coffee Maker,50.5,-137.48000000000002
651323128,872246,84346088,116.08,4,2023-11-23,2023-11-27,Cancelled,Google Pay,464.32,2023-11,Nov,2023,11,Clothing,Denim Jeans,29.09,347.96
152560325,356787,23676961,112.49,4,2024-11-14,2024-11-17,Delivered,Google Pay,449.96,2024-11,Nov,2024,11,Electronics,Mechanical Keyboard,38.72,295.08
827120114,356787,99245317,268.39,3,2024-01-12,2024-01-13,Cancelled,Debit Card,805.17,2024-01,Jan,2024,1,Electronics,Mechanical Keyboard,38.72,689.01
420877774,876646,32321899,193.14,4,2024-07-30,2024-08-05,Delivered,PayPal,772.56,2024-07,Jul,2024,7,Clothing,Cargo Shorts,8.69,737.8
379351967,126225,10965138,191.03,2,2024-07-26,2024-07-28,Cancelled,PayPal,382.06,2024-07,Jul,2024,7,Electronics,Bluetooth Speaker,22.88,336.3
980564513,126225,59529086,244.6,1,2024-01-11,2024-01-13,Shipped,Google Pay,244.6,2024-01,Jan,2024,1,Electronics,Bluetooth Speaker,22.88,221.72
286689063,809570,73993471,198.52,1,2023-03-18,2023-03-22,Returned,Credit Card,198.52,2023-03,Mar,2023,3,Clothing,Hoodie,111.42,87.10000000000001
133374137,207473,98231132,251.34,3,2023-04-05,2023-04-08,Shipped,PayPal,754.02,2023-04,Apr,2023,4,Clothing,Graphic Tee,66.43,554.73
534212844,216739,60119651,238.94,2,2023-07-29,2023-07-30,Shipped,Apple Pay,477.88,2023-07,Jul,2023,7,Electronics,Smart Watch,36.99,403.9
585547305,671858,85283645,17.45,5,2024-04-19,2024-04-21,Delivered,PayPal,87.25,2024-04,Apr,2024,4,Home & Kitchen,Air Fryer,110.01,-462.80000000000007
696950800,126225,39042654,219.8,1,2023-09-05,2023-09-07,Returned,Debit Card,219.8,2023-09,Sep,2023,9,Electronics,Bluetooth Speaker,22.88,196.92000000000002
903243119,876646,64543049,213.64,5,2023-01-10,2023-01-16,Delivered,Apple Pay,1068.1999999999998,2023-01,Jan,2023,1,Clothing,Cargo Shorts,8.69,1024.7499999999998
690687810,770487,63238057,61.04,1,2023-09-14,2023-09-15,Returned,Google Pay,61.04,2023-09,Sep,2023,9,Electronics,Wireless Headphones,27.87,33.17
368277223,216739,54318698,101.92,5,2024-05-04,2024-05-09,Delivered,Credit Card,509.6,2024-05,May,2024,5,Electronics,Smart Watch,36.99,324.65
201710492,388389,54410148,35.67,2,2024-09-14,2024-09-17,Delivered,PayPal,71.34,2024-09,Sep,2024,9,Electronics,Laptop Stand,88.92,-106.5
596115163,388389,99788677,35.21,1,2024-07-20,2024-07-25,Delivered,PayPal,35.21,2024-07,Jul,2024,7,Electronics,Laptop Stand,88.92,-53.71
209422179,876646,25492573,155.67,3,2023-09-26,2023-10-03,Shipped,Credit Card,467.01,2023-09,Sep,2023,9,Clothing,Cargo Shorts,8.69,440.94
963177562,877572,49761527,133.97,4,2023-06-30,2023-07-04,Delivered,Debit Card,535.88,2023-06,Jun,2023,6,Electronics,USB-C Hub,46.28,350.76
952346725,216739,35529407,17.51,2,2023-04-30,2023-05-02,Processing,Credit Card,35.02,2023-04,Apr,2023,4,Electronics,Smart Watch,36.99,-38.96
250101639,719176,71510041,298.23,1,2024-05-29,2024-05-30,Delivered,PayPal,298.23,2024-05,May,2024,5,Home & Kitchen,Cast Iron Pan,90.67,207.56
230409444,207473,39254705,189.23,5,2023-02-05,2023-02-07,Delivered,Google Pay,946.15,2023-02,Feb,2023,2,Clothing,Graphic Tee,66.43,614.0
112838650,872246,73001391,120.15,4,2023-03-13,2023-03-18,Delivered,PayPal,480.6,2023-03,Mar,2023,3,Clothing,Denim Jeans,29.09,364.24
166216779,770487,26194158,181.12,5,2024-08-12,2024-08-19,Delivered,Credit Card,905.6,2024-08,Aug,2024,8,Electronics,Wireless Headphones,27.87,766.25
991605503,126225,73509974,246.82,2,2024-07-29,2024-08-04,Delivered,Apple Pay,493.64,2024-07,Jul,2024,7,Electronics,Bluetooth Speaker,22.88,447.88
938549404,877572,60867083,25.6,3,2024-02-13,2024-02-17,Cancelled,Credit Card,76.80000000000001,2024-02,Feb,2024,2,Electronics,USB-C Hub,46.28,-62.03999999999999
338680070,719176,10435578,210.32,5,2024-11-01,2024-11-03,Delivered,Google Pay,1051.6,2024-11,Nov,2024,11,Home & Kitchen,Cast Iron Pan,90.67,598.2499999999999
240354421,216739,31009452,20.36,1,2024-05-05,2024-05-08,Delivered,Debit Card,20.36,2024-05,May,2024,5,Electronics,Smart Watch,36.99,-16.630000000000003
312743722,216739,30513739,286.27,3,2023-09-12,2023-09-15,Processing,PayPal,858.81,2023-09,Sep,2023,9,Electronics,Smart Watch,36.99,747.8399999999999
984412594,877572,94705205,147.67,4,2023-09-20,2023-09-25,Delivered,Credit Card,590.68,2023-09,Sep,2023,9,Electronics,USB-C Hub,46.28,405.55999999999995
530121446,191161,95585469,213.96,3,2023-12-22,2023-12-29,Cancelled,Apple Pay,641.88,2023-12,Dec,2023,12,Home & Kitchen,Coffee Maker,50.5,490.38
499689381,877572,98641164,124.36,2,2023-08-02,2023-08-03,Cancelled,Apple Pay,248.72,2023-08,Aug,2023,8,Electronics,USB-C Hub,46.28,156.16
836893185,809570,94705205,291.99,1,2023-04-06,2023-04-12,Delivered,Apple Pay,291.99,2023-04,Apr,2023,4,Clothing,Hoodie,111.42,180.57
776776838,191161,80166708,119.93,2,2024-08-10,2024-08-15,Delivered,Apple Pay,239.86,2024-08,Aug,2024,8,Home & Kitchen,Coffee Maker,50.5,138.86
792225271,334053,30513739,182.19,3,2023-01-14,2023-01-17,Shipped,Google Pay,546.5699999999999,2023-01,Jan,2023,1,Electronics,Webcam HD,13.0,507.56999999999994
190236646,191161,79182797,185.32,2,2024-02-11,2024-02-17,Returned,Debit Card,370.64,2024-02,Feb,2024,2,Home & Kitchen,Coffee Maker,50.5,269.64
725265416,877572,97225156,41.34,3,2023-01-30,2023-02-03,Processing,Credit Card,124.02000000000001,2023-01,Jan,2023,1,Electronics,USB-C Hub,46.28,-14.819999999999993
729340221,877572,40158366,24.07,4,2023-10-08,2023-10-14,Delivered,Debit Card,96.28,2023-10,Oct,2023,10,Electronics,USB-C Hub,46.28,-88.84
377906552,216739,75579548,267.96,4,2024-02-20,2024-02-23,Delivered,PayPal,1071.84,2024-02,Feb,2024,2,Electronics,Smart Watch,36.99,923.8799999999999
972680546,719176,58436637,65.87,2,2024-06-22,2024-06-27,Delivered,Apple Pay,131.74,2024-06,Jun,2024,6,Home & Kitchen,Cast Iron Pan,90.67,-49.599999999999994
180516876,356787,55657579,64.08,5,2024-08-14,2024-08-18,Returned,PayPal,320.4,2024-08,Aug,2024,8,Electronics,Mechanical Keyboard,38.72,126.79999999999998
123407763,719176,40532273,118.4,3,2023-05-25,2023-05-31,Cancelled,PayPal,355.20000000000005,2023-05,May,2023,5,Home & Kitchen,Cast Iron Pan,90.67,83.19000000000005
169226321,770487,45594597,43.15,5,2024-09-27,2024-10-04,Shipped,Credit Card,215.75,2024-09,Sep,2024,9,Electronics,Wireless Headphones,27.87,76.4
312332805,877572,13637575,227.78,4,2023-06-19,2023-06-26,Shipped,Google Pay,911.12,2023-06,Jun,2023,6,Electronics,USB-C Hub,46.28,726.0
793623149,872246,15403355,66.67,5,2024-12-28,2025-01-01,Returned,Debit Card,333.35,2024-12,Dec,2024,12,Clothing,Denim Jeans,29.09,187.90000000000003
576130756,126225,53868501,84.84,2,2023-01-18,2023-01-19,Shipped,PayPal,169.68,2023-01,Jan,2023,1,Electronics,Bluetooth Speaker,22.88,123.92000000000002
968977829,126225,71124923,89.3,4,2024-03-07,2024-03-14,Cancelled,Apple Pay,357.2,2024-03,Mar,2024,3,Electronics,Bluetooth Speaker,22.88,265.68
238288872,877572,28024248,35.61,1,2024-05-17,2024-05-24,Shipped,Debit Card,35.61,2024-05,May,2024,5,Electronics,USB-C Hub,46.28,-10.670000000000002
198761306,216739,68526649,138.25,4,2023-06-22,2023-06-27,Delivered,Credit Card,553.0,2023-06,Jun,2023,6,Electronics,Smart Watch,36.99,405.03999999999996
990514408,126225,96028436,42.15,3,2024-06-09,2024-06-10,Delivered,Credit Card,126.44999999999999,2024-06,Jun,2024,6,Electronics,Bluetooth Speaker,22.88,57.80999999999999
968536025,356787,97260863,100.36,2,2023-04-26,2023-05-02,Cancelled,Apple Pay,200.72,2023-04,Apr,2023,4,Electronics,Mechanical Keyboard,38.72,123.28
455998988,877572,73123515,39.56,4,2024-01-26,2024-01-27,Delivered,Debit Card,158.24,2024-01,Jan,2024,1,Electronics,USB-C Hub,46.28,-26.879999999999995
231563076,770487,89442503,125.89,1,2024-09-14,2024-09-16,Returned,PayPal,125.89,2024-09,Sep,2024,9,Electronics,Wireless Headphones,27.87,98.02
145844821,126225,50785405,60.87,4,2023-12-26,2023-12-29,Processing,Debit Card,243.48,2023-12,Dec,2023,12,Electronics,Bluetooth Speaker,22.88,151.95999999999998
594989531,334053,27558317,141.09,3,2023-08-26,2023-08-30,Returned,Credit Card,423.27,2023-08,Aug,2023,8,Electronics,Webcam HD,13.0,384.27
154371817,126225,75437844,91.42,3,2024-12-03,2024-12-06,Returned,Google Pay,274.26,2024-12,Dec,2024,12,Electronics,Bluetooth Speaker,22.88,205.62
280377032,356787,10744212,76.94,1,2023-01-30,2023-01-31,Returned,Credit Card,76.94,2023-01,Jan,2023,1,Electronics,Mechanical Keyboard,38.72,38.22
716203465,216739,71124923,54.12,2,2024-10-20,2024-10-22,Delivered,Google Pay,108.24,2024-10,Oct,2024,10,Electronics,Smart Watch,36.99,34.25999999999999
565098113,334053,41039390,46.45,1,2023-10-01,2023-10-07,Cancelled,Apple Pay,46.45,2023-10,Oct,2023,10,Electronics,Webcam HD,13.0,33.45
982277976,876646,19832887,163.8,5,2024-02-04,2024-02-11,Delivered,Credit Card,819.0,2024-02,Feb,2024,2,Clothing,Cargo Shorts,8.69,775.55
877851703,877572,91734598,84.99,5,2024-08-22,2024-08-24,Processing,Credit Card,424.95,2024-08,Aug,2024,8,Electronics,USB-C Hub,46.28,193.54999999999998
524126612,334053,51511484,42.91,2,2023-02-03,2023-02-08,Shipped,PayPal,85.82,2023-02,Feb,2023,2,Electronics,Webcam HD,13.0,59.81999999999999
632711663,191161,70939053,89.77,5,2023-01-20,2023-01-22,Cancelled,PayPal,448.84999999999997,2023-01,Jan,2023,1,Home & Kitchen,Coffee Maker,50.5,196.34999999999997
131656371,877572,41473195,210.39,2,2023-02-04,2023-02-05,Returned,Apple Pay,420.78,2023-02,Feb,2023,2,Electronics,USB-C Hub,46.28,328.21999999999997
510952606,719176,74251933,107.25,1,2024-11-07,2024-11-12,Delivered,Debit Card,107.25,2024-11,Nov,2024,11,Home & Kitchen,Cast Iron Pan,90.67,16.58
833594284,207473,27558317,227.16,4,2023-10-19,2023-10-24,Processing,PayPal,908.64,2023-10,Oct,2023,10,Clothing,Graphic Tee,66.43,642.92
558127005,770487,70467027,254.34,3,2024-12-14,2024-12-18,Returned,Apple Pay,763.02,2024-12,Dec,2024,12,Electronics,Wireless Headphones,27.87,679.41
285550328,126225,78159587,290.49,1,2024-05-27,2024-05-28,Shipped,Credit Card,290.49,2024-05,May,2024,5,Electronics,Bluetooth Speaker,22.88,267.61
480043678,809570,93370583,143.67,3,2023-10-05,2023-10-08,Cancelled,PayPal,431.01,2023-10,Oct,2023,10,Clothing,Hoodie,111.42,96.75
330549659,126225,43742830,128.69,2,2023-05-01,2023-05-08,Processing,Debit Card,257.38,2023-05,May,2023,5,Electronics,Bluetooth Speaker,22.88,211.62
300951978,126225,43311626,151.05,1,2024-06-10,2024-06-15,Cancelled,Credit Card,151.05,2024-06,Jun,2024,6,Electronics,Bluetooth Speaker,22.88,128.17000000000002
395259429,770487,55076693,46.37,5,2024-07-23,2024-07-24,Delivered,PayPal,231.85,2024-07,Jul,2024,7,Electronics,Wireless Headphones,27.87,92.5
400491536,246316,10965138,258.36,5,2023-09-03,2023-09-04,Delivered,Google Pay,1291.8000000000002,2023-09,Sep,2023,9,Clothing,Running Jacket,48.71,1048.2500000000002
578901124,126225,19121552,268.39,2,2024-10-02,2024-10-08,Delivered,PayPal,536.78,2024-10,Oct,2024,10,Electronics,Bluetooth Speaker,22.88,491.02
259591761,216739,84597009,58.99,5,2023-08-07,2023-08-11,Returned,Apple Pay,294.95,2023-08,Aug,2023,8,Electronics,Smart Watch,36.99,109.99999999999997
137204552,877572,42655866,298.12,1,2024-05-18,2024-05-23,Cancelled,Debit Card,298.12,2024-05,May,2024,5,Electronics,USB-C Hub,46.28,251.84
759391912,770487,65625330,89.43,4,2023-11-30,2023-12-04,Cancelled,Apple Pay,357.72,2023-11,Nov,2023,11,Electronics,Wireless Headphones,27.87,246.24
764835755,216739,87388337,47.66,1,2024-06-14,2024-06-19,Returned,Google Pay,47.66,2024-06,Jun,2024,6,Electronics,Smart Watch,36.99,10.669999999999995
762474187,191161,20814950,268.12,5,2023-02-08,2023-02-14,Delivered,Credit Card,1340.6,2023-02,Feb,2023,2,Home & Kitchen,Coffee Maker,50.5,1088.1
363909394,719176,82070937,177.28,1,2024-05-14,2024-05-20,Shipped,Credit Card,177.28,2024-05,May,2024,5,Home & Kitchen,Cast Iron Pan,90.67,86.61
795009888,877572,45159040,216.63,1,2023-09-18,2023-09-22,Delivered,Google Pay,216.63,2023-09,Sep,2023,9,Electronics,USB-C Hub,46.28,170.35
416866759,191161,60119651,115.33,3,2024-08-13,2024-08-17,Delivered,PayPal,345.99,2024-08,Aug,2024,8,Home & Kitchen,Coffee Maker,50.5,194.49
635680789,191161,27778019,275.99,3,2024-11-17,2024-11-22,Cancelled,Debit Card,827.97,2024-11,Nov,2024,11,Home & Kitchen,Coffee Maker,50.5,676.47
542373256,877572,63782042,291.43,5,2024-11-16,2024-11-20,Cancelled,Apple Pay,1457.15,2024-11,Nov,2024,11,Electronics,USB-C Hub,46.28,1225.75
691297450,877572,39254705,193.42,3,2024-07-27,2024-07-28,Delivered,Debit Card,580.26,2024-07,Jul,2024,7,Electronics,USB-C Hub,46.28,441.41999999999996
614355545,356787,87736262,198.43,5,2023-03-30,2023-04-06,Returned,Credit Card,992.1500000000001,2023-03,Mar,2023,3,Electronics,Mechanical Keyboard,38.72,798.5500000000001
165475776,872246,45520201,150.08,5,2023-06-19,2023-06-23,Delivered,Google Pay,750.4000000000001,2023-06,Jun,2023,6,Clothing,Denim Jeans,29.09,604.95
194190297,334053,92043803,166.92,3,2023-01-20,2023-01-22,Cancelled,Debit Card,500.76,2023-01,Jan,2023,1,Electronics,Webcam HD,13.0,461.76
400407178,872246,87669750,143.21,4,2024-10-24,2024-10-27,Delivered,Apple Pay,572.84,2024-10,Oct,2024,10,Clothing,Denim Jeans,29.09,456.48
511259527,671858,38408562,232.87,1,2023-05-17,2023-05-18,Returned,Credit Card,232.87,2023-05,May,2023,5,Home & Kitchen,Air Fryer,110.01,122.86
247356051,877572,88990506,251.26,5,2024-04-28,2024-04-29,Returned,Credit Card,1256.3,2024-04,Apr,2024,4,Electronics,USB-C Hub,46.28,1024.8999999999999
550149967,216739,87267850,27.61,5,2024-06-16,2024-06-23,Returned,Apple Pay,138.05,2024-06,Jun,2024,6,Electronics,Smart Watch,36.99,-46.900000000000006
314166184,719176,10359129,244.19,5,2024-03-21,2024-03-28,Delivered,Debit Card,1220.95,2024-03,Mar,2024,3,Home & Kitchen,Cast Iron Pan,90.67,767.6
790042893,770487,37888820,175.48,5,2024-12-24,2024-12-25,Delivered,PayPal,877.4,2024-12,Dec,2024,12,Electronics,Wireless Headphones,27.87,738.05
955984774,216739,46361787,136.2,3,2024-12-12,2024-12-18,Processing,Apple Pay,408.59999999999997,2024-12,Dec,2024,12,Electronics,Smart Watch,36.99,297.63
664588547,191161,74988034,128.85,1,2023-06-30,2023-07-05,Returned,Apple Pay,128.85,2023-06,Jun,2023,6,Home & Kitchen,Coffee Maker,50.5,78.35
367520363,126225,61700055,138.07,4,2024-02-09,2024-02-12,Shipped,Apple Pay,552.28,2024-02,Feb,2024,2,Electronics,Bluetooth Speaker,22.88,460.76
777267364,356787,82374753,56.44,1,2024-09-04,2024-09-09,Shipped,Google Pay,56.44,2024-09,Sep,2024,9,Electronics,Mechanical Keyboard,38.72,17.72
961321417,388389,20200074,259.13,1,2023-12-25,2023-12-26,Delivered,PayPal,259.13,2023-12,Dec,2023,12,Electronics,Laptop Stand,88.92,170.20999999999998
683746914,356787,38323322,63.9,2,2023-06-02,2023-06-03,Shipped,Google Pay,127.8,2023-06,Jun,2023,6,Electronics,Mechanical Keyboard,38.72,50.36
953459662,216739,49910061,286.08,3,2024-02-03,2024-02-09,Delivered,Debit Card,858.24,2024-02,Feb,2024,2,Electronics,Smart Watch,36.99,747.27
120970156,877572,97775215,187.41,1,2023-09-05,2023-09-06,Shipped,PayPal,187.41,2023-09,Sep,2023,9,Electronics,USB-C Hub,46.28,141.13
510704185,671858,25898299,107.14,4,2024-01-26,2024-01-28,Processing,PayPal,428.56,2024-01,Jan,2024,1,Home & Kitchen,Air Fryer,110.01,-11.480000000000018
939575663,126225,29876811,225.93,3,2024-04-21,2024-04-25,Delivered,Debit Card,677.79,2024-04,Apr,2024,4,Electronics,Bluetooth Speaker,22.88,609.15
865975921,356787,71367643,193.52,5,2024-05-08,2024-05-15,Delivered,Credit Card,967.6,2024-05,May,2024,5,Electronics,Mechanical Keyboard,38.72,774.0
485593692,876646,38609087,277.99,4,2024-02-14,2024-02-20,Processing,Debit Card,1111.96,2024-02,Feb,2024,2,Clothing,Cargo Shorts,8.69,1077.2
615057244,877572,28024248,47.55,5,2023-08-11,2023-08-14,Delivered,Apple Pay,237.75,2023-08,Aug,2023,8,Electronics,USB-C Hub,46.28,6.349999999999994
684671539,126225,41068214,144.94,2,2024-06-16,2024-06-18,Shipped,Debit Card,289.88,2024-06,Jun,2024,6,Electronics,Bluetooth Speaker,22.88,244.12
939059557,216739,57553014,244.86,4,2023-02-06,2023-02-08,Returned,Credit Card,979.44,2023-02,Feb,2023,2,Electronics,Smart Watch,36.99,831.48
620420638,770487,26247735,199.93,3,2023-11-16,2023-11-18,Delivered,Debit Card,599.79,2023-11,Nov,2023,11,Electronics,Wireless Headphones,27.87,516.18
469403820,876646,83227889,77.62,2,2023-07-22,2023-07-24,Cancelled,Credit Card,155.24,2023-07,Jul,2023,7,Clothing,Cargo Shorts,8.69,137.86
707363258,809570,13619375,91.46,4,2023-08-04,2023-08-09,Cancelled,Credit Card,365.84,2023-08,Aug,2023,8,Clothing,Hoodie,111.42,-79.84000000000003
639440654,877572,15403355,88.11,2,2024-10-02,2024-10-03,Shipped,Credit Card,176.22,2024-10,Oct,2024,10,Electronics,USB-C Hub,46.28,83.66
445320116,207473,48163378,117.78,1,2024-10-19,2024-10-25,Shipped,Apple Pay,117.78,2024-10,Oct,2024,10,Clothing,Graphic Tee,66.43,51.349999999999994
517021222,207473,82399599,192.06,3,2023-01-17,2023-01-23,Delivered,PayPal,576.1800000000001,2023-01,Jan,2023,1,Clothing,Graphic Tee,66.43,376.89000000000004
390378111,216739,64634663,203.04,5,2024-01-12,2024-01-16,Returned,Debit Card,1015.1999999999999,2024-01,Jan,2024,1,Electronics,Smart Watch,36.99,830.2499999999999
293075824,246316,82772208,18.72,2,2024-03-21,2024-03-24,Cancelled,Debit Card,37.44,2024-03,Mar,2024,3,Clothing,Running Jacket,48.71,-59.980000000000004
127984900,809570,96637649,134.31,5,2024-10-25,2024-10-30,Delivered,Google Pay,671.55,2024-10,Oct,2024,10,Clothing,Hoodie,111.42,114.44999999999993
442392183,216739,16749089,194.33,5,2024-07-23,2024-07-25,Delivered,Debit Card,971.6500000000001,2024-07,Jul,2024,7,Electronics,Smart Watch,36.99,786.7
741148802,207473,80027662,204.91,2,2024-04-24,2024-04-30,Cancelled,Debit Card,409.82,2024-04,Apr,2024,4,Clothing,Graphic Tee,66.43,276.96
335171142,216739,30513739,37.42,5,2023-09-01,2023-09-03,Delivered,Google Pay,187.10000000000002,2023-09,Sep,2023,9,Electronics,Smart Watch,36.99,2.1500000000000057
131464348,191161,68526649,33.39,1,2024-01-07,2024-01-14,Delivered,PayPal,33.39,2024-01,Jan,2024,1,Home & Kitchen,Coffee Maker,50.5,-17.11
970471079,877572,90010790,127.38,1,2024-10-26,2024-10-31,Shipped,Apple Pay,127.38,2024-10,Oct,2024,10,Electronics,USB-C Hub,46.28,81.1
935949119,877572,66240084,37.14,3,2024-03-03,2024-03-07,Returned,Google Pay,111.42,2024-03,Mar,2024,3,Electronics,USB-C Hub,46.28,-27.42
401649155,207473,33607110,172.25,3,2023-09-10,2023-09-12,Cancelled,Google Pay,516.75,2023-09,Sep,2023,9,Clothing,Graphic Tee,66.43,317.46
162911855,216739,11540956,107.13,3,2023-08-25,2023-08-30,Delivered,Apple Pay,321.39,2023-08,Aug,2023,8,Electronics,Smart Watch,36.99,210.42
968285490,770487,25480907,230.21,2,2023-12-27,2024-01-01,Cancelled,Apple Pay,460.42,2023-12,Dec,2023,12,Electronics,Wireless Headphones,27.87,404.68
606467254,877572,50181935,84.57,3,2024-09-02,2024-09-07,Processing,PayPal,253.70999999999998,2024-09,Sep,2024,9,Electronics,USB-C Hub,46.28,114.86999999999998
668473595,126225,78371272,115.06,3,2023-10-20,2023-10-24,Delivered,Credit Card,345.18,2023-10,Oct,2023,10,Electronics,Bluetooth Speaker,22.88,276.54
483790644,877572,48250360,53.38,1,2023-02-02,2023-02-03,Delivered,Debit Card,53.38,2023-02,Feb,2023,2,Electronics,USB-C Hub,46.28,7.100000000000001
923390510,876646,82498004,204.72,2,2023-07-28,2023-08-01,Cancelled,Debit Card,409.44,2023-07,Jul,2023,7,Clothing,Cargo Shorts,8.69,392.06
727053322,356787,39742165,218.74,2,2024-04-17,2024-04-19,Delivered,Debit Card,437.48,2024-04,Apr,2024,4,Electronics,Mechanical Keyboard,38.72,360.04
349926429,388389,44788100,72.0,1,2023-10-02,2023-10-07,Shipped,Apple Pay,72.0,2023-10,Oct,2023,10,Electronics,Laptop Stand,88.92,-16.92
271395839,770487,42594692,184.92,3,2023-05-07,2023-05-08,Processing,Google Pay,554.76,2023-05,May,2023,5,Electronics,Wireless Headphones,27.87,471.15
207518427,770487,86320155,293.08,2,2024-03-28,2024-03-30,Shipped,PayPal,586.16,2024-03,Mar,2024,3,Electronics,Wireless Headphones,27.87,530.42
366134484,388389,69849511,192.1,2,2024-07-25,2024-07-30,Cancelled,Apple Pay,384.2,2024-07,Jul,2024,7,Electronics,Laptop Stand,88.92,206.35999999999999
805302800,126225,53622663,150.45,4,2023-10-14,2023-10-15,Returned,Credit Card,601.8,2023-10,Oct,2023,10,Electronics,Bluetooth Speaker,22.88,510.28
358935844,671858,57219209,67.36,1,2023-01-24,2023-01-29,Shipped,PayPal,67.36,2023-01,Jan,2023,1,Home & Kitchen,Air Fryer,110.01,-42.650000000000006
386181187,719176,23769080,116.06,5,2024-11-03,2024-11-09,Delivered,Credit Card,580.3,2024-11,Nov,2024,11,Home & Kitchen,Cast Iron Pan,90.67,126.94999999999993
673044801,877572,43704923,136.24,5,2023-10-06,2023-10-10,Returned,PayPal,681.2,2023-10,Oct,2023,10,Electronics,USB-C Hub,46.28,449.80000000000007
976479512,388389,56843172,166.46,5,2024-12-06,2024-12-08,Delivered,PayPal,832.3000000000001,2024-12,Dec,2024,12,Electronics,Laptop Stand,88.92,387.70000000000005
949584483,126225,51870192,106.2,4,2023-01-31,2023-02-06,Delivered,Credit Card,424.8,2023-01,Jan,2023,1,Electronics,Bluetooth Speaker,22.88,333.28000000000003
891412300,126225,80138498,36.26,5,2024-04-05,2024-04-09,Returned,Google Pay,181.29999999999998,2024-04,Apr,2024,4,Electronics,Bluetooth Speaker,22.88,66.89999999999999
160031457,877572,27105448,86.56,1,2023-09-09,2023-09-16,Processing,Apple Pay,86.56,2023-09,Sep,2023,9,Electronics,USB-C Hub,46.28,40.28
920392140,216739,75181765,55.74,3,2023-02-11,2023-02-15,Delivered,Debit Card,167.22,2023-02,Feb,2023,2,Electronics,Smart Watch,36.99,56.25
335591393,877572,43491314,186.39,2,2024-02-07,2024-02-14,Delivered,Debit Card,372.78,2024-02,Feb,2024,2,Electronics,USB-C Hub,46.28,280.21999999999997
718144695,388389,45496015,163.22,5,2024-01-02,2024-01-05,Delivered,Debit Card,816.1,2024-01,Jan,2024,1,Electronics,Laptop Stand,88.92,371.5
956191734,770487,89133014,19.33,2,2023-12-31,2024-01-04,Processing,Apple Pay,38.66,2023-12,Dec,2023,12,Electronics,Wireless Headphones,27.87,-17.080000000000005
517065508,770487,38609087,99.99,5,2023-12-05,2023-12-12,Delivered,Apple Pay,499.95,2023-12,Dec,2023,12,Electronics,Wireless Headphones,27.87,360.6
480968571,126225,56600900,148.3,3,2023-03-02,2023-03-04,Shipped,PayPal,444.90000000000003,2023-03,Mar,2023,3,Electronics,Bluetooth Speaker,22.88,376.26000000000005
286521875,246316,50477742,225.08,1,2023-05-06,2023-05-12,Shipped,Credit Card,225.08,2023-05,May,2023,5,Clothing,Running Jacket,48.71,176.37
289086333,126225,26879290,176.61,4,2023-09-01,2023-09-07,Cancelled,PayPal,706.44,2023-09,Sep,2023,9,Electronics,Bluetooth Speaker,22.88,614.9200000000001
353994846,356787,16202700,216.17,1,2024-12-28,2025-01-02,Cancelled,Google Pay,216.17,2024-12,Dec,2024,12,Electronics,Mechanical Keyboard,38.72,177.45
736212983,719176,19289546,101.01,5,2023-11-06,2023-11-07,Delivered,Debit Card,505.05,2023-11,Nov,2023,11,Home & Kitchen,Cast Iron Pan,90.67,51.69999999999999
441454588,877572,55728776,10.36,2,2024-11-08,2024-11-12,Processing,PayPal,20.72,2024-11,Nov,2024,11,Electronics,USB-C Hub,46.28,-71.84
965661638,356787,70465583,179.97,4,2023-01-27,2023-01-29,Delivered,Google Pay,719.88,2023-01,Jan,2023,1,Electronics,Mechanical Keyboard,38.72,565.0
892534314,770487,12823170,95.34,3,2023-07-08,2023-07-15,Returned,Apple Pay,286.02,2023-07,Jul,2023,7,Electronics,Wireless Headphones,27.87,202.40999999999997
849070816,216739,87337818,25.88,1,2024-01-19,2024-01-24,Processing,PayPal,25.88,2024-01,Jan,2024,1,Electronics,Smart Watch,36.99,-11.110000000000003
485240450,207473,89470029,274.86,3,2023-04-29,2023-05-01,Delivered,PayPal,824.58,2023-04,Apr,2023,4,Clothing,Graphic Tee,66.43,625.29
735185398,770487,70900658,251.65,5,2024-08-30,2024-09-01,Shipped,Google Pay,1258.25,2024-08,Aug,2024,8,Electronics,Wireless Headphones,27.87,1118.9
130286569,877572,99115205,150.07,5,2024-05-19,2024-05-20,Delivered,PayPal,750.3499999999999,2024-05,May,2024,5,Electronics,USB-C Hub,46.28,518.9499999999999
855326778,207473,66379329,57.24,5,2023-07-28,2023-08-03,Cancelled,PayPal,286.2,2023-07,Jul,2023,7,Clothing,Graphic Tee,66.43,-45.950000000000045
852221438,770487,17318358,132.53,2,2023-04-14,2023-04-19,Processing,Debit Card,265.06,2023-04,Apr,2023,4,Electronics,Wireless Headphones,27.87,209.32
477615830,877572,10965138,177.17,2,2023-07-19,2023-07-22,Delivered,Credit Card,354.34,2023-07,Jul,2023,7,Electronics,USB-C Hub,46.28,261.78
709511014,207473,48668783,203.05,2,2023-09-29,2023-09-30,Shipped,Credit Card,406.1,2023-09,Sep,2023,9,Clothing,Graphic Tee,66.43,273.24
705167856,719176,82238741,171.13,4,2024-01-07,2024-01-12,Delivered,Apple Pay,684.52,2024-01,Jan,2024,1,Home & Kitchen,Cast Iron Pan,90.67,321.84
252581172,388389,69295515,29.8,2,2024-02-14,2024-02-15,Shipped,Debit Card,59.6,2024-02,Feb,2024,2,Electronics,Laptop Stand,88.92,-118.24000000000001
704633564,216739,97225156,299.02,3,2024-02-02,2024-02-07,Delivered,Apple Pay,897.06,2024-02,Feb,2024,2,Electronics,Smart Watch,36.99,786.0899999999999
302114356,356787,73440831,44.18,4,2023-06-22,2023-06-23,Delivered,Credit Card,176.72,2023-06,Jun,2023,6,Electronics,Mechanical Keyboard,38.72,21.840000000000003
998396384,770487,67110154,203.76,2,2023-05-15,2023-05-22,Returned,Google Pay,407.52,2023-05,May,2023,5,Electronics,Wireless Headphones,27.87,351.78
970161616,191161,50603163,62.8,3,2023-07-20,2023-07-21,Processing,Google Pay,188.39999999999998,2023-07,Jul,2023,7,Home & Kitchen,Coffee Maker,50.5,36.89999999999998
628524423,671858,18770247,134.46,2,2023-05-19,2023-05-20,Delivered,Credit Card,268.92,2023-05,May,2023,5,Home & Kitchen,Air Fryer,110.01,48.900000000000006
682101860,126225,68186525,200.84,5,2024-03-16,2024-03-21,Cancelled,Google Pay,1004.2,2024-03,Mar,2024,3,Electronics,Bluetooth Speaker,22.88,889.8000000000001
431843213,191161,78137358,122.19,1,2024-08-19,2024-08-25,Processing,Apple Pay,122.19,2024-08,Aug,2024,8,Home & Kitchen,Coffee Maker,50.5,71.69
288502642,191161,41774346,109.69,1,2024-01-03,2024-01-04,Delivered,Debit Card,109.69,2024-01,Jan,2024,1,Home & Kitchen,Coffee Maker,50.5,59.19
626602103,216739,29806690,45.5,3,2023-01-07,2023-01-12,Returned,Credit Card,136.5,2023-01,Jan,2023,1,Electronics,Smart Watch,36.99,25.53
140763261,876646,49092160,83.97,4,2023-01-14,2023-01-17,Returned,Credit Card,335.88,2023-01,Jan,2023,1,Clothing,Cargo Shorts,8.69,301.12
196913120,719176,19528530,154.86,1,2024-12-09,2024-12-14,Delivered,Credit Card,154.86,2024-12,Dec,2024,12,Home & Kitchen,Cast Iron Pan,90.67,64.19000000000001
160309911,671858,30863865,173.53,3,2023-10-07,2023-10-11,Delivered,Google Pay,520.59,2023-10,Oct,2023,10,Home & Kitchen,Air Fryer,110.01,190.56
349777425,877572,10435578,245.34,3,2024-08-27,2024-09-02,Returned,Google Pay,736.02,2024-08,Aug,2024,8,Electronics,USB-C Hub,46.28,597.18
746030501,770487,11980765,86.05,4,2024-12-09,2024-12-13,Shipped,Google Pay,344.2,2024-12,Dec,2024,12,Electronics,Wireless Headphones,27.87,232.71999999999997
334944315,126225,13446499,151.25,2,2024-10-31,2024-11-01,Processing,PayPal,302.5,2024-10,Oct,2024,10,Electronics,Bluetooth Speaker,22.88,256.74
121397518,770487,33763566,141.74,4,2024-09-27,2024-09-30,Shipped,Debit Card,566.96,2024-09,Sep,2024,9,Electronics,Wireless Headphones,27.87,455.48
665269791,356787,43742830,93.41,4,2024-10-04,2024-10-09,Returned,Apple Pay,373.64,2024-10,Oct,2024,10,Electronics,Mechanical Keyboard,38.72,218.76
613236768,126225,45650176,123.31,3,2023-02-15,2023-02-16,Shipped,Debit Card,369.93,2023-02,Feb,2023,2,Electronics,Bluetooth Speaker,22.88,301.29
100733897,872246,54988206,296.87,4,2023-05-07,2023-05-11,Processing,PayPal,1187.48,2023-05,May,2023,5,Clothing,Denim Jeans,29.09,1071.1200000000001
456196659,207473,32321899,47.54,4,2024-12-03,2024-12-07,Shipped,Credit Card,190.16,2024-12,Dec,2024,12,Clothing,Graphic Tee,66.43,-75.56000000000003
759422189,216739,72409658,218.55,4,2023-05-21,2023-05-28,Shipped,Credit Card,874.2,2023-05,May,2023,5,Electronics,Smart Watch,36.99,726.24
316320731,216739,88183110,182.39,4,2024-02-14,2024-02-19,Shipped,Credit Card,729.56,2024-02,Feb,2024,2,Electronics,Smart Watch,36.99,581.5999999999999
965914172,877572,82772208,152.4,3,2024-05-24,2024-05-30,Delivered,Debit Card,457.20000000000005,2024-05,May,2024,5,Electronics,USB-C Hub,46.28,318.36
240112087,216739,90967191,35.14,2,2023-05-16,2023-05-18,Delivered,Debit Card,70.28,2023-05,May,2023,5,Electronics,Smart Watch,36.99,-3.700000000000003
465887237,216739,61700055,250.05,4,2023-06-05,2023-06-08,Returned,Credit Card,1000.2,2023-06,Jun,2023,6,Electronics,Smart Watch,36.99,852.24
869805921,770487,67556566,189.59,5,2024-06-19,2024-06-26,Shipped,Credit Card,947.95,2024-06,Jun,2024,6,Electronics,Wireless Headphones,27.87,808.6
290546084,126225,36998038,53.55,3,2023-12-14,2023-12-21,Cancelled,Debit Card,160.64999999999998,2023-12,Dec,2023,12,Electronics,Bluetooth Speaker,22.88,92.00999999999998
961596686,770487,80166708,88.93,4,2023-05-02,2023-05-07,Delivered,PayPal,355.72,2023-05,May,2023,5,Electronics,Wireless Headphones,27.87,244.24
447450846,207473,86483924,202.52,2,2023-08-24,2023-08-27,Delivered,Debit Card,405.04,2023-08,Aug,2023,8,Clothing,Graphic Tee,66.43,272.18
163947730,876646,43528453,34.7,2,2023-01-07,2023-01-12,Processing,PayPal,69.4,2023-01,Jan,2023,1,Clothing,Cargo Shorts,8.69,52.02000000000001
123528797,216739,94482772,246.16,1,2023-04-22,2023-04-29,Delivered,Credit Card,246.16,2023-04,Apr,2023,4,Electronics,Smart Watch,36.99,209.17
258604568,671858,88393811,86.91,2,2024-06-08,2024-06-10,Cancelled,Apple Pay,173.82,2024-06,Jun,2024,6,Home & Kitchen,Air Fryer,110.01,-46.20000000000002
729866807,719176,59737181,209.85,3,2024-07-11,2024-07-13,Delivered,Debit Card,629.55,2024-07,Jul,2024,7,Home & Kitchen,Cast Iron Pan,90.67,357.53999999999996
856661933,216739,39372360,76.13,2,2024-06-27,2024-06-29,Shipped,Google Pay,152.26,2024-06,Jun,2024,6,Electronics,Smart Watch,36.99,78.27999999999999
252098390,207473,67556566,155.64,1,2024-06-13,2024-06-14,Delivered,Google Pay,155.64,2024-06,Jun,2024,6,Clothing,Graphic Tee,66.43,89.20999999999998
931469703,126225,88406989,298.07,5,2024-02-23,2024-02-26,Returned,Google Pay,1490.35,2024-02,Feb,2024,2,Electronics,Bluetooth Speaker,22.88,1375.9499999999998
219100072,671858,48250360,114.86,4,2024-11-26,2024-11-29,Shipped,PayPal,459.44,2024-11,Nov,2024,11,Home & Kitchen,Air Fryer,110.01,19.399999999999977
665104817,671858,79782527,71.82,3,2023-05-11,2023-05-15,Processing,Google Pay,215.45999999999998,2023-05,May,2023,5,Home & Kitchen,Air Fryer,110.01,-114.57000000000005
491797490,877572,60867083,100.13,2,2023-06-02,2023-06-05,Delivered,PayPal,200.26,2023-06,Jun,2023,6,Electronics,USB-C Hub,46.28,107.69999999999999
177880216,770487,52910691,171.55,2,2024-06-23,2024-06-29,Processing,Credit Card,343.1,2024-06,Jun,2024,6,Electronics,Wireless Headphones,27.87,287.36
501140044,216739,47135391,76.81,5,2023-12-11,2023-12-14,Delivered,Google Pay,384.05,2023-12,Dec,2023,12,Electronics,Smart Watch,36.99,199.1
856491925,126225,89920257,136.18,4,2024-02-11,2024-02-15,Cancelled,Credit Card,544.72,2024-02,Feb,2024,2,Electronics,Bluetooth Speaker,22.88,453.20000000000005
810966933,877572,31367172,211.92,5,2023-11-25,2023-12-01,Shipped,Credit Card,1059.6,2023-11,Nov,2023,11,Electronics,USB-C Hub,46.28,828.1999999999999
524767500,876646,82383095,100.88,1,2024-10-02,2024-10-06,Cancelled,Debit Card,100.88,2024-10,Oct,2024,10,Clothing,Cargo Shorts,8.69,92.19
729230605,876646,26941092,64.97,3,2024-01-04,2024-01-09,Returned,Debit Card,194.91,2024-01,Jan,2024,1,Clothing,Cargo Shorts,8.69,168.84
208482467,770487,65804273,270.55,1,2023-10-30,2023-11-05,Delivered,PayPal,270.55,2023-10,Oct,2023,10,Electronics,Wireless Headphones,27.87,242.68
461379699,770487,78139880,90.43,3,2024-02-01,2024-02-02,Delivered,Debit Card,271.29,2024-02,Feb,2024,2,Electronics,Wireless Headphones,27.87,187.68
424017866,207473,66379329,112.22,4,2024-01-27,2024-01-30,Delivered,PayPal,448.88,2024-01,Jan,2024,1,Clothing,Graphic Tee,66.43,183.15999999999997
446392556,770487,55799273,148.85,1,2024-09-19,2024-09-26,Cancelled,PayPal,148.85,2024-09,Sep,2024,9,Electronics,Wireless Headphones,27.87,120.97999999999999
246513857,216739,58942697,57.73,4,2024-08-17,2024-08-21,Returned,Google Pay,230.92,2024-08,Aug,2024,8,Electronics,Smart Watch,36.99,82.95999999999998
269118504,770487,91823275,69.74,3,2023-02-16,2023-02-22,Delivered,PayPal,209.21999999999997,2023-02,Feb,2023,2,Electronics,Wireless Headphones,27.87,125.60999999999997
886356993,388389,83300637,216.31,3,2024-01-09,2024-01-15,Returned,Google Pay,648.9300000000001,2024-01,Jan,2024,1,Electronics,Laptop Stand,88.92,382.1700000000001
569083854,876646,12823170,156.9,4,2024-06-27,2024-07-02,Processing,Apple Pay,627.6,2024-06,Jun,2024,6,Clothing,Cargo Shorts,8.69,592.84
950234433,770487,82556484,176.07,2,2023-04-29,2023-05-02,Shipped,Google Pay,352.14,2023-04,Apr,2023,4,Electronics,Wireless Headphones,27.87,296.4
786406624,877572,68812137,152.39,3,2024-06-11,2024-06-13,Processing,Credit Card,457.16999999999996,2024-06,Jun,2024,6,Electronics,USB-C Hub,46.28,318.3299999999999
623127037,770487,17672593,76.43,5,2023-06-21,2023-06-23,Delivered,PayPal,382.15000000000003,2023-06,Jun,2023,6,Electronics,Wireless Headphones,27.87,242.80000000000004
797052007,877572,33978249,69.94,1,2023-10-24,2023-10-28,Delivered,Google Pay,69.94,2023-10,Oct,2023,10,Electronics,USB-C Hub,46.28,23.659999999999997
440680449,877572,26941092,143.34,4,2024-04-19,2024-04-22,Delivered,Credit Card,573.36,2024-04,Apr,2024,4,Electronics,USB-C Hub,46.28,388.24
287048690,877572,97873101,299.41,3,2024-02-25,2024-03-03,Shipped,Credit Card,898.23,2024-02,Feb,2024,2,Electronics,USB-C Hub,46.28,759.39
859331874,770487,73709724,50.37,5,2024-01-22,2024-01-28,Returned,Debit Card,251.85,2024-01,Jan,2024,1,Electronics,Wireless Headphones,27.87,112.5
703418543,216739,15334035,166.23,1,2024-12-04,2024-12-10,Processing,Debit Card,166.23,2024-12,Dec,2024,12,Electronics,Smart Watch,36.99,129.23999999999998
844704803,191161,94525678,149.41,3,2024-07-04,2024-07-06,Returned,Apple Pay,448.23,2024-07,Jul,2024,7,Home & Kitchen,Coffee Maker,50.5,296.73
758965006,126225,11646234,69.73,1,2023-08-09,2023-08-14,Delivered,PayPal,69.73,2023-08,Aug,2023,8,Electronics,Bluetooth Speaker,22.88,46.85000000000001
945026004,809570,16740197,202.04,1,2024-08-06,2024-08-08,Shipped,Apple Pay,202.04,2024-08,Aug,2024,8,Clothing,Hoodie,111.42,90.61999999999999
483138514,809570,25014631,112.16,2,2023-10-07,2023-10-12,Delivered,Debit Card,224.32,2023-10,Oct,2023,10,Clothing,Hoodie,111.42,1.4799999999999898
339699130,126225,85563727,245.29,3,2023-12-15,2023-12-20,Processing,Google Pay,735.87,2023-12,Dec,2023,12,Electronics,Bluetooth Speaker,22.88,667.23
814609188,126225,43446826,54.66,3,2023-12-26,2023-12-27,Delivered,Credit Card,163.98,2023-12,Dec,2023,12,Electronics,Bluetooth Speaker,22.88,95.33999999999999
732380409,770487,18083974,171.62,1,2023-08-29,2023-09-02,Shipped,Credit Card,171.62,2023-08,Aug,2023,8,Electronics,Wireless Headphones,27.87,143.75
974513582,388389,17195288,119.11,5,2023-08-19,2023-08-26,Delivered,Credit Card,595.55,2023-08,Aug,2023,8,Electronics,Laptop Stand,88.92,150.94999999999993
288282376,876646,78642041,278.45,5,2024-08-16,2024-08-19,Returned,PayPal,1392.25,2024-08,Aug,2024,8,Clothing,Cargo Shorts,8.69,1348.8
506286844,207473,31130263,81.55,5,2023-03-17,2023-03-22,Returned,Debit Card,407.75,2023-03,Mar,2023,3,Clothing,Graphic Tee,66.43,75.59999999999997
429448930,877572,42035886,107.56,4,2024-12-06,2024-12-10,Delivered,Apple Pay,430.24,2024-12,Dec,2024,12,Electronics,USB-C Hub,46.28,245.12
888121101,334053,21267237,151.54,5,2024-05-19,2024-05-23,Delivered,PayPal,757.6999999999999,2024-05,May,2024,5,Electronics,Webcam HD,13.0,692.6999999999999
839269574,671858,40885476,234.9,1,2023-08-02,2023-08-09,Shipped,PayPal,234.9,2023-08,Aug,2023,8,Home & Kitchen,Air Fryer,110.01,124.89
416235507,126225,82909480,288.37,5,2024-07-22,2024-07-23,Returned,PayPal,1441.85,2024-07,Jul,2024,7,Electronics,Bluetooth Speaker,22.88,1327.4499999999998
236739271,126225,57212267,68.13,5,2023-05-14,2023-05-16,Delivered,Apple Pay,340.65,2023-05,May,2023,5,Electronics,Bluetooth Speaker,22.88,226.25
290812817,191161,53779528,37.24,1,2023-01-29,2023-01-30,Delivered,Google Pay,37.24,2023-01,Jan,2023,1,Home & Kitchen,Coffee Maker,50.5,-13.259999999999998
882576281,770487,50962024,227.31,4,2023-10-17,2023-10-19,Delivered,Apple Pay,909.24,2023-10,Oct,2023,10,Electronics,Wireless Headphones,27.87,797.76
101930485,770487,67403166,13.69,1,2024-08-22,2024-08-27,Returned,Google Pay,13.69,2024-08,Aug,2024,8,Electronics,Wireless Headphones,27.87,-14.180000000000001
853775825,877572,45507920,143.47,5,2023-09-14,2023-09-21,Delivered,PayPal,717.35,2023-09,Sep,2023,9,Electronics,USB-C Hub,46.28,485.95000000000005
715076673,191161,42655866,287.15,3,2024-09-09,2024-09-14,Shipped,Debit Card,861.4499999999999,2024-09,Sep,2024,9,Home & Kitchen,Coffee Maker,50.5,709.9499999999999
520478827,872246,81182864,187.79,5,2024-01-26,2024-01-30,Shipped,Apple Pay,938.9499999999999,2024-01,Jan,2024,1,Clothing,Denim Jeans,29.09,793.5
927672827,877572,15334035,205.91,1,2023-02-07,2023-02-12,Delivered,Debit Card,205.91,2023-02,Feb,2023,2,Electronics,USB-C Hub,46.28,159.63
709329975,216739,84813739,205.63,1,2023-11-09,2023-11-11,Delivered,Google Pay,205.63,2023-11,Nov,2023,11,Electronics,Smart Watch,36.99,168.64
134770706,877572,18181586,189.92,4,2023-10-01,2023-10-04,Delivered,PayPal,759.68,2023-10,Oct,2023,10,Electronics,USB-C Hub,46.28,574.56
295508799,356787,92228802,55.51,4,2024-09-24,2024-09-26,Shipped,Credit Card,222.04,2024-09,Sep,2024,9,Electronics,Mechanical Keyboard,38.72,67.16
746809909,126225,50962024,37.79,4,2024-11-25,2024-11-30,Cancelled,Apple Pay,151.16,2024-11,Nov,2024,11,Electronics,Bluetooth Speaker,22.88,59.64
441682804,877572,21003626,246.97,5,2024-02-28,2024-02-29,Shipped,Google Pay,1234.85,2024-02,Feb,2024,2,Electronics,USB-C Hub,46.28,1003.4499999999999
968449816,356787,93394260,261.56,5,2024-12-05,2024-12-10,Shipped,Credit Card,1307.8,2024-12,Dec,2024,12,Electronics,Mechanical Keyboard,38.72,1114.2
756465515,770487,71968116,185.43,2,2023-12-18,2023-12-24,Delivered,Google Pay,370.86,2023-12,Dec,2023,12,Electronics,Wireless Headphones,27.87,315.12
337184468,334053,82828034,250.48,2,2024-08-28,2024-08-31,Returned,Apple Pay,500.96,2024-08,Aug,2024,8,Electronics,Webcam HD,13.0,474.96
786815488,877572,80823176,68.21,4,2023-06-22,2023-06-26,Shipped,Apple Pay,272.84,2023-06,Jun,2023,6,Electronics,USB-C Hub,46.28,87.71999999999997
707254955,809570,64830300,124.17,3,2023-12-26,2023-12-31,Cancelled,PayPal,372.51,2023-12,Dec,2023,12,Clothing,Hoodie,111.42,38.25
211787506,872246,70467027,189.51,5,2024-02-01,2024-02-05,Cancelled,PayPal,947.55,2024-02,Feb,2024,2,Clothing,Denim Jeans,29.09,802.0999999999999
632774653,246316,36445607,192.21,2,2023-12-29,2024-01-05,Delivered,Apple Pay,384.42,2023-12,Dec,2023,12,Clothing,Running Jacket,48.71,287.0
251014666,126225,84514489,195.16,3,2023-02-06,2023-02-12,Delivered,PayPal,585.48,2023-02,Feb,2023,2,Electronics,Bluetooth Speaker,22.88,516.84
455589390,877572,20752378,11.6,3,2024-09-06,2024-09-12,Cancelled,Google Pay,34.8,2024-09,Sep,2024,9,Electronics,USB-C Hub,46.28,-104.04
900306310,216739,79340535,106.49,1,2024-09-30,2024-10-03,Delivered,Apple Pay,106.49,2024-09,Sep,2024,9,Electronics,Smart Watch,36.99,69.5
183544242,671858,38195995,283.13,4,2024-07-21,2024-07-28,Processing,Credit Card,1132.52,2024-07,Jul,2024,7,Home & Kitchen,Air Fryer,110.01,692.48
355546183,216739,50264926,278.21,5,2024-06-30,2024-07-03,Delivered,Debit Card,1391.05,2024-06,Jun,2024,6,Electronics,Smart Watch,36.99,1206.1
472384530,876646,16818112,120.12,5,2024-02-21,2024-02-26,Delivered,PayPal,600.6,2024-02,Feb,2024,2,Clothing,Cargo Shorts,8.69,557.15
443080569,671858,18620650,70.61,3,2023-08-15,2023-08-19,Delivered,PayPal,211.82999999999998,2023-08,Aug,2023,8,Home & Kitchen,Air Fryer,110.01,-118.20000000000005
280267742,770487,53251559,245.12,3,2023-08-12,2023-08-14,Returned,Credit Card,735.36,2023-08,Aug,2023,8,Electronics,Wireless Headphones,27.87,651.75
783100341,216739,13278320,76.82,5,2024-01-05,2024-01-10,Shipped,Google Pay,384.09999999999997,2024-01,Jan,2024,1,Electronics,Smart Watch,36.99,199.14999999999995
195268824,126225,21381064,197.83,3,2024-04-23,2024-04-26,Cancelled,Apple Pay,593.49,2024-04,Apr,2024,4,Electronics,Bluetooth Speaker,22.88,524.85
982252644,191161,42329237,256.71,2,2023-09-11,2023-09-13,Shipped,Debit Card,513.42,2023-09,Sep,2023,9,Home & Kitchen,Coffee Maker,50.5,412.41999999999996
861246240,191161,47437115,42.31,5,2024-04-30,2024-05-03,Delivered,Credit Card,211.55,2024-04,Apr,2024,4,Home & Kitchen,Coffee Maker,50.5,-40.94999999999999
819433407,876646,63238057,246.55,1,2023-10-18,2023-10-25,Delivered,Credit Card,246.55,2023-10,Oct,2023,10,Clothing,Cargo Shorts,8.69,237.86
786231285,126225,27896471,243.21,1,2023-02-15,2023-02-19,Cancelled,Google Pay,243.21,2023-02,Feb,2023,2,Electronics,Bluetooth Speaker,22.88,220.33
883064819,126225,98986321,265.52,4,2023-09-26,2023-10-01,Processing,Apple Pay,1062.08,2023-09,Sep,2023,9,Electronics,Bluetooth Speaker,22.88,970.56
460508244,877572,30863865,35.28,3,2023-01-23,2023-01-27,Delivered,PayPal,105.84,2023-01,Jan,2023,1,Electronics,USB-C Hub,46.28,-33.0
579565240,246316,60888017,284.47,5,2023-10-04,2023-10-10,Processing,Debit Card,1422.3500000000001,2023-10,Oct,2023,10,Clothing,Running Jacket,48.71,1178.8000000000002
112235959,126225,83871890,63.18,1,2024-10-18,2024-10-24,Delivered,Apple Pay,63.18,2024-10,Oct,2024,10,Electronics,Bluetooth Speaker,22.88,40.3
384769690,770487,60882459,135.48,4,2024-04-26,2024-04-29,Delivered,Apple Pay,541.92,2024-04,Apr,2024,4,Electronics,Wireless Headphones,27.87,430.43999999999994
325146786,216739,46817443,283.27,2,2024-07-08,2024-07-14,Processing,Debit Card,566.54,2024-07,Jul,2024,7,Electronics,Smart Watch,36.99,492.55999999999995
367942460,877572,94951883,73.33,1,2023-04-08,2023-04-15,Delivered,Debit Card,73.33,2023-04,Apr,2023,4,Electronics,USB-C Hub,46.28,27.049999999999997
844292151,246316,53779528,180.58,3,2024-09-04,2024-09-10,Cancelled,Credit Card,541.74,2024-09,Sep,2024,9,Clothing,Running Jacket,48.71,395.61
172794091,876646,19832887,129.25,5,2023-09-12,2023-09-16,Shipped,Credit Card,646.25,2023-09,Sep,2023,9,Clothing,Cargo Shorts,8.69,602.8
476326283,356787,62191530,177.84,1,2023-01-12,2023-01-16,Cancelled,Apple Pay,177.84,2023-01,Jan,2023,1,Electronics,Mechanical Keyboard,38.72,139.12
375584366,191161,28814949,133.91,1,2023-01-31,2023-02-07,Shipped,Credit Card,133.91,2023-01,Jan,2023,1,Home & Kitchen,Coffee Maker,50.5,83.41
945056299,246316,84087145,197.18,4,2024-07-04,2024-07-10,Processing,PayPal,788.72,2024-07,Jul,2024,7,Clothing,Running Jacket,48.71,593.88
216001265,872246,70897765,160.08,3,2023-08-22,2023-08-25,Shipped,Debit Card,480.24,2023-08,Aug,2023,8,Clothing,Denim Jeans,29.09,392.97
873538202,334053,87925434,210.12,1,2024-11-06,2024-11-09,Returned,PayPal,210.12,2024-11,Nov,2024,11,Electronics,Webcam HD,13.0,197.12
101375634,216739,82828034,26.74,1,2023-07-09,2023-07-14,Delivered,Credit Card,26.74,2023-07,Jul,2023,7,Electronics,Smart Watch,36.99,-10.250000000000004
151697938,191161,55114543,202.32,4,2023-09-08,2023-09-15,Returned,PayPal,809.28,2023-09,Sep,2023,9,Home & Kitchen,Coffee Maker,50.5,607.28
514396801,877572,19510312,225.81,3,2024-03-14,2024-03-18,Cancelled,Google Pay,677.4300000000001,2024-03,Mar,2024,3,Electronics,USB-C Hub,46.28,538.59
570535289,872246,67403166,169.73,5,2023-10-01,2023-10-02,Delivered,Google Pay,848.65,2023-10,Oct,2023,10,Clothing,Denim Jeans,29.09,703.2
886606608,216739,99682738,191.63,3,2023-02-04,2023-02-08,Shipped,Credit Card,574.89,2023-02,Feb,2023,2,Electronics,Smart Watch,36.99,463.91999999999996
550599217,191161,35511941,189.59,1,2023-06-08,2023-06-12,Delivered,PayPal,189.59,2023-06,Jun,2023,6,Home & Kitchen,Coffee Maker,50.5,139.09
278604541,770487,82556484,200.92,4,2024-09-13,2024-09-18,Shipped,Debit Card,803.68,2024-09,Sep,2024,9,Electronics,Wireless Headphones,27.87,692.1999999999999
544549689,216739,75569635,289.64,3,2024-01-02,2024-01-09,Delivered,Credit Card,868.92,2024-01,Jan,2024,1,Electronics,Smart Watch,36.99,757.9499999999999
629442753,770487,99152472,240.5,1,2023-10-09,2023-10-16,Returned,Debit Card,240.5,2023-10,Oct,2023,10,Electronics,Wireless Headphones,27.87,212.63
506639535,809570,73993471,52.32,5,2023-01-27,2023-01-28,Delivered,Debit Card,261.6,2023-01,Jan,2023,1,Clothing,Hoodie,111.42,-295.5
477131597,216739,45059710,94.73,2,2023-01-05,2023-01-06,Delivered,Google Pay,189.46,2023-01,Jan,2023,1,Electronics,Smart Watch,36.99,115.48
686288768,126225,31079846,121.5,5,2024-12-10,2024-12-17,Delivered,Credit Card,607.5,2024-12,Dec,2024,12,Electronics,Bluetooth Speaker,22.88,493.1
503026384,388389,20117988,174.31,1,2024-12-10,2024-12-11,Delivered,PayPal,174.31,2024-12,Dec,2024,12,Electronics,Laptop Stand,88.92,85.39
208908082,877572,48250360,138.59,4,2024-06-12,2024-06-15,Processing,Apple Pay,554.36,2024-06,Jun,2024,6,Electronics,USB-C Hub,46.28,369.24
989924715,216739,84158663,207.16,2,2023-12-04,2023-12-10,Processing,Credit Card,414.32,2023-12,Dec,2023,12,Electronics,Smart Watch,36.99,340.34
614847663,356787,66581473,52.14,2,2023-06-10,2023-06-14,Returned,Google Pay,104.28,2023-06,Jun,2023,6,Electronics,Mechanical Keyboard,38.72,26.840000000000003
946892378,126225,11980765,261.73,1,2024-08-23,2024-08-26,Processing,PayPal,261.73,2024-08,Aug,2024,8,Electronics,Bluetooth Speaker,22.88,238.85000000000002
720682356,126225,64009265,208.8,5,2024-10-24,2024-10-28,Returned,Google Pay,1044.0,2024-10,Oct,2024,10,Electronics,Bluetooth Speaker,22.88,929.6
798973247,809570,68571795,21.89,1,2023-12-13,2023-12-18,Processing,Credit Card,21.89,2023-12,Dec,2023,12,Clothing,Hoodie,111.42,-89.53
914157804,207473,30364454,255.03,3,2024-09-27,2024-09-30,Cancelled,Google Pay,765.09,2024-09,Sep,2024,9,Clothing,Graphic Tee,66.43,565.8
837832868,126225,78139880,95.3,5,2024-12-26,2025-01-02,Delivered,Google Pay,476.5,2024-12,Dec,2024,12,Electronics,Bluetooth Speaker,22.88,362.1
342217614,126225,90010790,175.9,3,2023-02-01,2023-02-06,Delivered,Apple Pay,527.7,2023-02,Feb,2023,2,Electronics,Bluetooth Speaker,22.88,459.06000000000006
274651099,216739,90070438,280.5,4,2023-01-28,2023-02-01,Processing,PayPal,1122.0,2023-01,Jan,2023,1,Electronics,Smart Watch,36.99,974.04
584566178,356787,58612055,234.33,2,2024-12-15,2024-12-22,Delivered,PayPal,468.66,2024-12,Dec,2024,12,Electronics,Mechanical Keyboard,38.72,391.22
179144854,872246,79467853,216.41,2,2024-06-03,2024-06-10,Shipped,Apple Pay,432.82,2024-06,Jun,2024,6,Clothing,Denim Jeans,29.09,374.64
958128631,877572,73070585,154.02,4,2024-04-07,2024-04-13,Delivered,PayPal,616.08,2024-04,Apr,2024,4,Electronics,USB-C Hub,46.28,430.96000000000004
135876704,207473,66431351,44.06,2,2023-10-18,2023-10-24,Processing,Apple Pay,88.12,2023-10,Oct,2023,10,Clothing,Graphic Tee,66.43,-44.74000000000001
416655712,126225,90010790,245.3,4,2024-08-23,2024-08-30,Processing,Apple Pay,981.2,2024-08,Aug,2024,8,Electronics,Bluetooth Speaker,22.88,889.6800000000001
121558591,877572,79467853,263.5,3,2024-12-28,2024-12-31,Processing,PayPal,790.5,2024-12,Dec,2024,12,Electronics,USB-C Hub,46.28,651.66
442219677,872246,51746937,130.65,3,2024-12-05,2024-12-11,Cancelled,Credit Card,391.95000000000005,2024-12,Dec,2024,12,Clothing,Denim Jeans,29.09,304.68000000000006
380383739,334053,96637649,108.86,4,2024-11-25,2024-11-30,Cancelled,Apple Pay,435.44,2024-11,Nov,2024,11,Electronics,Webcam HD,13.0,383.44
212447665,126225,15512205,271.46,2,2023-08-15,2023-08-18,Returned,Apple Pay,542.92,2023-08,Aug,2023,8,Electronics,Bluetooth Speaker,22.88,497.15999999999997
179672074,334053,91917334,97.32,2,2023-01-22,2023-01-26,Returned,Debit Card,194.64,2023-01,Jan,2023,1,Electronics,Webcam HD,13.0,168.64
467013765,877572,79182797,243.52,3,2024-01-05,2024-01-07,Returned,PayPal,730.5600000000001,2024-01,Jan,2024,1,Electronics,USB-C Hub,46.28,591.72
282649071,216739,19736572,153.96,1,2023-10-10,2023-10-11,Delivered,PayPal,153.96,2023-10,Oct,2023,10,Electronics,Smart Watch,36.99,116.97
503144836,388389,68571795,239.18,3,2024-07-23,2024-07-25,Delivered,Google Pay,717.54,2024-07,Jul,2024,7,Electronics,Laptop Stand,88.92,450.78
272769884,356787,53779528,64.32,1,2024-03-21,2024-03-28,Shipped,Google Pay,64.32,2024-03,Mar,2024,3,Electronics,Mechanical Keyboard,38.72,25.599999999999994
885963005,126225,64277800,291.45,4,2024-05-10,2024-05-16,Shipped,Google Pay,1165.8,2024-05,May,2024,5,Electronics,Bluetooth Speaker,22.88,1074.28
180533234,770487,72394301,12.25,5,2023-12-31,2024-01-07,Delivered,Credit Card,61.25,2023-12,Dec,2023,12,Electronics,Wireless Headphones,27.87,-78.1
687386446,872246,43887075,68.26,4,2023-02-22,2023-02-25,Delivered,PayPal,273.04,2023-02,Feb,2023,2,Clothing,Denim Jeans,29.09,156.68
199970392,877572,85694715,56.01,5,2023-11-25,2023-12-02,Shipped,Google Pay,280.05,2023-11,Nov,2023,11,Electronics,USB-C Hub,46.28,48.650000000000006
462871672,877572,98550256,289.99,1,2024-09-22,2024-09-28,Cancelled,Apple Pay,289.99,2024-09,Sep,2024,9,Electronics,USB-C Hub,46.28,243.71
737835435,770487,98986321,111.57,1,2024-06-02,2024-06-07,Delivered,Credit Card,111.57,2024-06,Jun,2024,6,Electronics,Wireless Headphones,27.87,83.69999999999999
758896006,216739,66379329,41.32,2,2023-03-22,2023-03-23,Delivered,Credit Card,82.64,2023-03,Mar,2023,3,Electronics,Smart Watch,36.99,8.659999999999997
618334675,126225,83793389,215.36,2,2023-02-03,2023-02-08,Cancelled,Debit Card,430.72,2023-02,Feb,2023,2,Electronics,Bluetooth Speaker,22.88,384.96000000000004
856456108,207473,75529051,63.62,1,2024-08-24,2024-08-25,Cancelled,Debit Card,63.62,2024-08,Aug,2024,8,Clothing,Graphic Tee,66.43,-2.8100000000000094
133278698,872246,69849511,283.64,1,2024-06-15,2024-06-17,Processing,Google Pay,283.64,2024-06,Jun,2024,6,Clothing,Denim Jeans,29.09,254.54999999999998
563129902,126225,57469942,38.8,4,2024-04-05,2024-04-10,Returned,Apple Pay,155.2,2024-04,Apr,2024,4,Electronics,Bluetooth Speaker,22.88,63.67999999999999
801835431,334053,86320155,243.26,1,2023-10-07,2023-10-14,Processing,Debit Card,243.26,2023-10,Oct,2023,10,Electronics,Webcam HD,13.0,230.26
277164387,388389,87337818,64.03,4,2023-07-10,2023-07-13,Shipped,PayPal,256.12,2023-07,Jul,2023,7,Electronics,Laptop Stand,88.92,-99.56
752102334,877572,56930359,18.69,4,2023-10-09,2023-10-16,Cancelled,Google Pay,74.76,2023-10,Oct,2023,10,Electronics,USB-C Hub,46.28,-110.36
566219118,877572,64830300,153.51,4,2023-06-20,2023-06-27,Shipped,Debit Card,614.04,2023-06,Jun,2023,6,Electronics,USB-C Hub,46.28,428.91999999999996
268688902,246316,96691619,36.94,5,2023-12-02,2023-12-07,Shipped,Apple Pay,184.7,2023-12,Dec,2023,12,Clothing,Running Jacket,48.71,-58.85000000000002
157505040,191161,67684996,58.93,4,2024-09-16,2024-09-21,Processing,Apple Pay,235.72,2024-09,Sep,2024,9,Home & Kitchen,Coffee Maker,50.5,33.72
208724746,126225,91424737,294.99,5,2024-09-16,2024-09-18,Processing,PayPal,1474.95,2024-09,Sep,2024,9,Electronics,Bluetooth Speaker,22.88,1360.55
455510103,126225,15134794,100.17,2,2024-03-23,2024-03-27,Delivered,Google Pay,200.34,2024-03,Mar,2024,3,Electronics,Bluetooth Speaker,22.88,154.58
320708138,216739,60867083,240.23,1,2024-01-23,2024-01-30,Returned,Google Pay,240.23,2024-01,Jan,2024,1,Electronics,Smart Watch,36.99,203.23999999999998
303994042,207473,14835614,123.23,5,2024-08-26,2024-08-30,Delivered,Credit Card,616.15,2024-08,Aug,2024,8,Clothing,Graphic Tee,66.43,283.99999999999994
539460908,809570,93131979,236.63,2,2023-05-23,2023-05-28,Delivered,Debit Card,473.26,2023-05,May,2023,5,Clothing,Hoodie,111.42,250.42
848609261,877572,74606833,75.69,2,2023-07-10,2023-07-11,Delivered,Apple Pay,151.38,2023-07,Jul,2023,7,Electronics,USB-C Hub,46.28,58.81999999999999
694973692,876646,88183110,205.88,1,2023-02-24,2023-02-28,Delivered,Google Pay,205.88,2023-02,Feb,2023,2,Clothing,Cargo Shorts,8.69,197.19
875282507,334053,61343880,289.45,4,2024-12-24,2024-12-29,Processing,Debit Card,1157.8,2024-12,Dec,2024,12,Electronics,Webcam HD,13.0,1105.8
883803621,770487,45630292,121.65,3,2023-12-02,2023-12-07,Cancelled,Apple Pay,364.95000000000005,2023-12,Dec,2023,12,Electronics,Wireless Headphones,27.87,281.34000000000003
679955265,126225,69038700,172.86,1,2024-05-29,2024-06-02,Delivered,PayPal,172.86,2024-05,May,2024,5,Electronics,Bluetooth Speaker,22.88,149.98000000000002
384825874,216739,48089166,148.89,4,2024-10-14,2024-10-20,Delivered,PayPal,595.56,2024-10,Oct,2024,10,Electronics,Smart Watch,36.99,447.5999999999999
809311588,877572,80993218,20.55,4,2023-06-19,2023-06-23,Delivered,PayPal,82.2,2023-06,Jun,2023,6,Electronics,USB-C Hub,46.28,-102.92
402283096,126225,10475894,27.81,2,2023-07-01,2023-07-02,Delivered,Google Pay,55.62,2023-07,Jul,2023,7,Electronics,Bluetooth Speaker,22.88,9.86
419331516,334053,79967676,116.9,1,2023-04-13,2023-04-20,Delivered,PayPal,116.9,2023-04,Apr,2023,4,Electronics,Webcam HD,13.0,103.9
355065530,216739,87337818,110.79,1,2024-08-08,2024-08-13,Returned,PayPal,110.79,2024-08,Aug,2024,8,Electronics,Smart Watch,36.99,73.80000000000001
202988942,770487,30863865,264.94,5,2023-08-18,2023-08-21,Delivered,Credit Card,1324.7,2023-08,Aug,2023,8,Electronics,Wireless Headphones,27.87,1185.3500000000001
153295652,126225,80166708,63.87,5,2023-07-10,2023-07-17,Processing,Apple Pay,319.34999999999997,2023-07,Jul,2023,7,Electronics,Bluetooth Speaker,22.88,204.95
521875543,719176,48163378,257.71,5,2023-07-29,2023-07-31,Cancelled,Credit Card,1288.55,2023-07,Jul,2023,7,Home & Kitchen,Cast Iron Pan,90.67,835.1999999999999
713933158,216739,93370583,10.44,1,2024-07-15,2024-07-16,Cancelled,Google Pay,10.44,2024-07,Jul,2024,7,Electronics,Smart Watch,36.99,-26.550000000000004
690195758,207473,90010790,21.06,2,2024-05-17,2024-05-18,Delivered,Google Pay,42.12,2024-05,May,2024,5,Clothing,Graphic Tee,66.43,-90.74000000000001
627151698,216739,36445607,199.74,3,2024-04-15,2024-04-22,Processing,Apple Pay,599.22,2024-04,Apr,2024,4,Electronics,Smart Watch,36.99,488.25
264915937,356787,91734598,48.47,1,2023-12-08,2023-12-15,Cancelled,Debit Card,48.47,2023-12,Dec,2023,12,Electronics,Mechanical Keyboard,38.72,9.75
158524142,356787,79519112,242.5,2,2023-04-08,2023-04-09,Delivered,Google Pay,485.0,2023-04,Apr,2023,4,Electronics,Mechanical Keyboard,38.72,407.56
487437109,126225,24972279,148.94,3,2024-10-04,2024-10-08,Delivered,Debit Card,446.82,2024-10,Oct,2024,10,Electronics,Bluetooth Speaker,22.88,378.18
104096941,770487,10435578,54.4,2,2024-09-01,2024-09-08,Delivered,Apple Pay,108.8,2024-09,Sep,2024,9,Electronics,Wireless Headphones,27.87,53.059999999999995
559138405,872246,30743797,281.39,4,2023-12-14,2023-12-21,Delivered,PayPal,1125.56,2023-12,Dec,2023,12,Clothing,Denim Jeans,29.09,1009.1999999999999
194090232,216739,81498611,33.97,2,2023-10-18,2023-10-20,Shipped,PayPal,67.94,2023-10,Oct,2023,10,Electronics,Smart Watch,36.99,-6.040000000000006
416270056,877572,87701200,129.25,4,2024-02-28,2024-03-03,Returned,Credit Card,517.0,2024-02,Feb,2024,2,Electronics,USB-C Hub,46.28,331.88
984652998,877572,99788677,108.52,1,2024-02-28,2024-03-02,Shipped,Debit Card,108.52,2024-02,Feb,2024,2,Electronics,USB-C Hub,46.28,62.239999999999995
810838801,388389,24549543,132.08,2,2023-12-13,2023-12-15,Delivered,Debit Card,264.16,2023-12,Dec,2023,12,Electronics,Laptop Stand,88.92,86.32000000000002
771186296,334053,30509175,141.85,3,2023-02-28,2023-03-02,Delivered,Credit Card,425.54999999999995,2023-02,Feb,2023,2,Electronics,Webcam HD,13.0,386.54999999999995
744476518,770487,52133044,169.45,1,2024-12-02,2024-12-06,Shipped,Google Pay,169.45,2024-12,Dec,2024,12,Electronics,Wireless Headphones,27.87,141.57999999999998
615748688,770487,47945817,34.13,5,2023-03-14,2023-03-16,Delivered,Apple Pay,170.65,2023-03,Mar,2023,3,Electronics,Wireless Headphones,27.87,31.30000000000001
314399191,246316,24165187,62.26,2,2023-07-27,2023-08-03,Delivered,Debit Card,124.52,2023-07,Jul,2023,7,Clothing,Running Jacket,48.71,27.099999999999994
204138894,207473,33328859,14.83,3,2024-12-13,2024-12-15,Delivered,Google Pay,44.49,2024-12,Dec,2024,12,Clothing,Graphic Tee,66.43,-154.8
127633490,388389,16109013,262.54,4,2023-11-24,2023-11-25,Delivered,Apple Pay,1050.16,2023-11,Nov,2023,11,Electronics,Laptop Stand,88.92,694.48
322214072,877572,23676961,52.12,1,2023-10-31,2023-11-02,Cancelled,Google Pay,52.12,2023-10,Oct,2023,10,Electronics,USB-C Hub,46.28,5.839999999999996
283429671,126225,26090908,86.86,5,2024-02-10,2024-02-16,Returned,PayPal,434.3,2024-02,Feb,2024,2,Electronics,Bluetooth Speaker,22.88,319.90000000000003
785252000,809570,15134794,17.11,1,2023-04-24,2023-04-29,Delivered,Credit Card,17.11,2023-04,Apr,2023,4,Clothing,Hoodie,111.42,-94.31
413330168,191161,43273328,98.38,5,2023-11-27,2023-12-03,Delivered,PayPal,491.9,2023-11,Nov,2023,11,Home & Kitchen,Coffee Maker,50.5,239.39999999999998
187978213,216739,44999379,234.65,2,2023-10-19,2023-10-23,Delivered,Apple Pay,469.3,2023-10,Oct,2023,10,Electronics,Smart Watch,36.99,395.32
608492614,877572,24972279,215.5,3,2023-11-20,2023-11-24,Cancelled,PayPal,646.5,2023-11,Nov,2023,11,Electronics,USB-C Hub,46.28,507.65999999999997
224026766,877572,66792612,247.68,3,2023-01-03,2023-01-08,Delivered,Apple Pay,743.04,2023-01,Jan,2023,1,Electronics,USB-C Hub,46.28,604.1999999999999
431091936,671858,25492573,19.56,2,2024-04-06,2024-04-10,Delivered,Apple Pay,39.12,2024-04,Apr,2024,4,Home & Kitchen,Air Fryer,110.01,-180.9
942754807,770487,50987442,27.82,2,2023-10-04,2023-10-08,Delivered,Google Pay,55.64,2023-10,Oct,2023,10,Electronics,Wireless Headphones,27.87,-0.10000000000000142
526777316,126225,81922443,71.52,5,2023-08-18,2023-08-25,Cancelled,Apple Pay,357.59999999999997,2023-08,Aug,2023,8,Electronics,Bluetooth Speaker,22.88,243.2
605672755,216739,12601580,163.45,4,2024-01-19,2024-01-23,Shipped,Google Pay,653.8,2024-01,Jan,2024,1,Electronics,Smart Watch,36.99,505.8399999999999
625163699,126225,30534124,286.02,2,2023-04-07,2023-04-11,Cancelled,Google Pay,572.04,2023-04,Apr,2023,4,Electronics,Bluetooth Speaker,22.88,526.28
809786356,770487,51837852,219.11,5,2024-12-03,2024-12-06,Delivered,Apple Pay,1095.5500000000002,2024-12,Dec,2024,12,Electronics,Wireless Headphones,27.87,956.2000000000002
384546308,207473,52462441,198.62,4,2023-09-11,2023-09-17,Processing,Debit Card,794.48,2023-09,Sep,2023,9,Clothing,Graphic Tee,66.43,528.76
197857474,877572,10076758,216.87,3,2024-06-15,2024-06-20,Cancelled,PayPal,650.61,2024-06,Jun,2024,6,Electronics,USB-C Hub,46.28,511.77
789198776,126225,93638503,106.86,2,2023-06-02,2023-06-08,Returned,PayPal,213.72,2023-06,Jun,2023,6,Electronics,Bluetooth Speaker,22.88,167.96
684250873,877572,67698610,177.19,4,2024-01-13,2024-01-14,Delivered,Credit Card,708.76,2024-01,Jan,2024,1,Electronics,USB-C Hub,46.28,523.64
516104074,246316,84514489,52.68,2,2023-11-25,2023-11-29,Shipped,Credit Card,105.36,2023-11,Nov,2023,11,Clothing,Running Jacket,48.71,7.939999999999998
298514700,207473,52091325,230.42,4,2024-02-25,2024-02-26,Returned,Credit Card,921.68,2024-02,Feb,2024,2,Clothing,Graphic Tee,66.43,655.9599999999999
498380251,216739,93517915,44.08,5,2023-01-21,2023-01-27,Returned,Debit Card,220.39999999999998,2023-01,Jan,2023,1,Electronics,Smart Watch,36.99,35.44999999999996
509573649,334053,56600900,180.96,5,2024-10-26,2024-10-27,Delivered,Google Pay,904.8000000000001,2024-10,Oct,2024,10,Electronics,Webcam HD,13.0,839.8000000000001
496642020,216739,32162965,66.92,2,2023-02-20,2023-02-27,Shipped,Apple Pay,133.84,2023-02,Feb,2023,2,Electronics,Smart Watch,36.99,59.86
300341906,770487,15957459,210.18,4,2024-11-15,2024-11-21,Shipped,Apple Pay,840.72,2024-11,Nov,2024,11,Electronics,Wireless Headphones,27.87,729.24
578647558,191161,32162965,204.59,4,2023-03-28,2023-03-31,Delivered,Apple Pay,818.36,2023-03,Mar,2023,3,Home & Kitchen,Coffee Maker,50.5,616.36
147907058,770487,72682989,133.76,5,2024-07-30,2024-08-02,Shipped,PayPal,668.8,2024-07,Jul,2024,7,Electronics,Wireless Headphones,27.87,529.4499999999999
382711894,877572,73709724,102.19,5,2023-07-27,2023-08-02,Delivered,Apple Pay,510.95,2023-07,Jul,2023,7,Electronics,USB-C Hub,46.28,279.54999999999995
572167680,876646,89133014,247.05,2,2023-04-25,2023-04-30,Delivered,PayPal,494.1,2023-04,Apr,2023,4,Clothing,Cargo Shorts,8.69,476.72
599352182,191161,34627347,126.36,5,2023-07-29,2023-08-01,Cancelled,Apple Pay,631.8,2023-07,Jul,2023,7,Home & Kitchen,Coffee Maker,50.5,379.29999999999995
382824466,216739,19391725,153.83,1,2023-02-15,2023-02-16,Shipped,Apple Pay,153.83,2023-02,Feb,2023,2,Electronics,Smart Watch,36.99,116.84
342925794,877572,47080140,115.29,1,2024-04-29,2024-05-01,Processing,Debit Card,115.29,2024-04,Apr,2024,4,Electronics,USB-C Hub,46.28,69.01
998806471,877572,85283645,283.71,3,2024-06-05,2024-06-09,Shipped,Apple Pay,851.1299999999999,2024-06,Jun,2024,6,Electronics,USB-C Hub,46.28,712.2899999999998
388366246,126225,22489409,72.68,2,2024-07-17,2024-07-20,Delivered,Apple Pay,145.36,2024-07,Jul,2024,7,Electronics,Bluetooth Speaker,22.88,99.60000000000002
705855162,207473,28572252,111.68,1,2023-05-08,2023-05-10,Returned,Credit Card,111.68,2023-05,May,2023,5,Clothing,Graphic Tee,66.43,45.25
166184772,877572,54769200,177.59,2,2024-03-12,2024-03-18,Shipped,Apple Pay,355.18,2024-03,Mar,2024,3,Electronics,USB-C Hub,46.28,262.62
262275325,216739,51746937,176.8,2,2024-03-06,2024-03-11,Delivered,Debit Card,353.6,2024-03,Mar,2024,3,Electronics,Smart Watch,36.99,279.62
907706333,770487,75569635,171.47,1,2024-07-22,2024-07-26,Delivered,Apple Pay,171.47,2024-07,Jul,2024,7,Electronics,Wireless Headphones,27.87,143.6
847829989,877572,92613013,105.52,3,2023-08-26,2023-08-28,Delivered,Apple Pay,316.56,2023-08,Aug,2023,8,Electronics,USB-C Hub,46.28,177.72
816688804,216739,75793759,234.9,4,2024-11-22,2024-11-25,Delivered,Apple Pay,939.6,2024-11,Nov,2024,11,Electronics,Smart Watch,36.99,791.64
203833652,216739,25353091,181.35,5,2023-06-11,2023-06-15,Delivered,PayPal,906.75,2023-06,Jun,2023,6,Electronics,Smart Watch,36.99,721.8
192027526,877572,28024248,242.18,2,2024-08-07,2024-08-09,Processing,Debit Card,484.36,2024-08,Aug,2024,8,Electronics,USB-C Hub,46.28,391.8
817411121,216739,69038700,107.33,1,2024-06-06,2024-06-10,Returned,Debit Card,107.33,2024-06,Jun,2024,6,Electronics,Smart Watch,36.99,70.34
469143184,207473,89133014,252.57,1,2024-03-25,2024-03-28,Delivered,PayPal,252.57,2024-03,Mar,2024,3,Clothing,Graphic Tee,66.43,186.14
967776836,246316,66240084,255.05,1,2024-05-09,2024-05-16,Shipped,PayPal,255.05,2024-05,May,2024,5,Clothing,Running Jacket,48.71,206.34
681376445,216739,54398056,97.51,3,2023-11-05,2023-11-07,Delivered,PayPal,292.53000000000003,2023-11,Nov,2023,11,Electronics,Smart Watch,36.99,181.56000000000003
544514776,877572,50569669,210.07,4,2023-03-20,2023-03-21,Delivered,Credit Card,840.28,2023-03,Mar,2023,3,Electronics,USB-C Hub,46.28,655.16
912239392,191161,46855845,189.47,5,2023-06-11,2023-06-12,Delivered,Debit Card,947.35,2023-06,Jun,2023,6,Home & Kitchen,Coffee Maker,50.5,694.85
733213949,334053,92613013,112.17,4,2024-04-06,2024-04-12,Delivered,Google Pay,448.68,2024-04,Apr,2024,4,Electronics,Webcam HD,13.0,396.68
344289964,770487,29777514,268.06,4,2024-07-02,2024-07-06,Delivered,Google Pay,1072.24,2024-07,Jul,2024,7,Electronics,Wireless Headphones,27.87,960.76
694425527,770487,93115778,88.95,5,2024-08-09,2024-08-16,Cancelled,PayPal,444.75,2024-08,Aug,2024,8,Electronics,Wireless Headphones,27.87,305.4
165480798,388389,60119651,96.94,4,2023-03-11,2023-03-12,Returned,Google Pay,387.76,2023-03,Mar,2023,3,Electronics,Laptop Stand,88.92,32.079999999999984
515652006,216739,36445607,179.51,1,2023-10-13,2023-10-20,Delivered,Credit Card,179.51,2023-10,Oct,2023,10,Electronics,Smart Watch,36.99,142.51999999999998
978755907,191161,84346088,264.4,5,2024-06-01,2024-06-06,Shipped,Google Pay,1322.0,2024-06,Jun,2024,6,Home & Kitchen,Coffee Maker,50.5,1069.5
661118447,719176,11362459,288.21,5,2023-04-27,2023-04-29,Delivered,PayPal,1441.05,2023-04,Apr,2023,4,Home & Kitchen,Cast Iron Pan,90.67,987.6999999999999
549502766,246316,78371272,98.93,5,2023-08-04,2023-08-09,Cancelled,Credit Card,494.65000000000003,2023-08,Aug,2023,8,Clothing,Running Jacket,48.71,251.10000000000002
675004218,877572,42329237,142.83,4,2023-07-13,2023-07-16,Delivered,Credit Card,571.32,2023-07,Jul,2023,7,Electronics,USB-C Hub,46.28,386.20000000000005
837733572,191161,92043803,280.57,2,2023-10-21,2023-10-28,Shipped,Debit Card,561.14,2023-10,Oct,2023,10,Home & Kitchen,Coffee Maker,50.5,460.14
609838807,388389,56397338,130.7,2,2023-11-28,2023-12-01,Delivered,Debit Card,261.4,2023-11,Nov,2023,11,Electronics,Laptop Stand,88.92,83.55999999999997
714947283,216739,87388337,239.97,5,2024-12-27,2024-12-30,Cancelled,Debit Card,1199.85,2024-12,Dec,2024,12,Electronics,Smart Watch,36.99,1014.8999999999999
353018691,126225,24508768,152.15,1,2023-10-19,2023-10-20,Returned,Apple Pay,152.15,2023-10,Oct,2023,10,Electronics,Bluetooth Speaker,22.88,129.27
611382735,877572,99038526,121.07,1,2023-10-10,2023-10-14,Returned,Google Pay,121.07,2023-10,Oct,2023,10,Electronics,USB-C Hub,46.28,74.78999999999999
420890008,126225,61410126,219.01,1,2024-12-02,2024-12-03,Shipped,Credit Card,219.01,2024-12,Dec,2024,12,Electronics,Bluetooth Speaker,22.88,196.13
184777341,671858,87669750,295.72,1,2024-06-22,2024-06-29,Shipped,Google Pay,295.72,2024-06,Jun,2024,6,Home & Kitchen,Air Fryer,110.01,185.71000000000004
523917958,877572,44999379,31.61,1,2023-12-12,2023-12-14,Cancelled,Debit Card,31.61,2023-12,Dec,2023,12,Electronics,USB-C Hub,46.28,-14.670000000000002
866979905,770487,81286543,40.93,3,2023-10-26,2023-11-01,Shipped,Credit Card,122.78999999999999,2023-10,Oct,2023,10,Electronics,Wireless Headphones,27.87,39.17999999999999
137289436,334053,80027662,83.39,1,2023-12-12,2023-12-16,Processing,PayPal,83.39,2023-12,Dec,2023,12,Electronics,Webcam HD,13.0,70.39
639127345,216739,43742830,123.69,1,2023-07-21,2023-07-25,Delivered,Google Pay,123.69,2023-07,Jul,2023,7,Electronics,Smart Watch,36.99,86.69999999999999
713342728,356787,66379329,272.38,3,2023-03-10,2023-03-13,Processing,Credit Card,817.14,2023-03,Mar,2023,3,Electronics,Mechanical Keyboard,38.72,700.98
654928450,246316,23009833,220.83,5,2024-11-13,2024-11-16,Delivered,Google Pay,1104.15,2024-11,Nov,2024,11,Clothing,Running Jacket,48.71,860.6000000000001
959477004,770487,86460539,61.69,1,2023-11-08,2023-11-13,Returned,Google Pay,61.69,2023-11,Nov,2023,11,Electronics,Wireless Headphones,27.87,33.81999999999999
713627778,770487,96691619,175.41,5,2023-10-17,2023-10-19,Delivered,Google Pay,877.05,2023-10,Oct,2023,10,Electronics,Wireless Headphones,27.87,737.6999999999999
827497537,126225,49392920,246.5,3,2023-03-28,2023-03-30,Cancelled,Apple Pay,739.5,2023-03,Mar,2023,3,Electronics,Bluetooth Speaker,22.88,670.86
766013190,719176,44999379,92.5,2,2024-08-17,2024-08-18,Shipped,PayPal,185.0,2024-08,Aug,2024,8,Home & Kitchen,Cast Iron Pan,90.67,3.6599999999999966
258320719,770487,88406989,41.33,3,2024-12-28,2024-12-29,Delivered,Debit Card,123.99,2024-12,Dec,2024,12,Electronics,Wireless Headphones,27.87,40.379999999999995
229151674,770487,55114543,213.52,4,2024-10-24,2024-10-27,Processing,Google Pay,854.08,2024-10,Oct,2024,10,Electronics,Wireless Headphones,27.87,742.6
913025234,872246,78608612,191.02,5,2024-02-17,2024-02-20,Delivered,Google Pay,955.1,2024-02,Feb,2024,2,Clothing,Denim Jeans,29.09,809.6500000000001
582152746,126225,68186525,201.99,4,2023-05-08,2023-05-10,Cancelled,PayPal,807.96,2023-05,May,2023,5,Electronics,Bluetooth Speaker,22.88,716.44
285627380,207473,87265240,211.21,5,2023-11-16,2023-11-19,Delivered,PayPal,1056.05,2023-11,Nov,2023,11,Clothing,Graphic Tee,66.43,723.8999999999999
279491823,877572,25312516,199.83,1,2023-04-27,2023-05-02,Delivered,Debit Card,199.83,2023-04,Apr,2023,4,Electronics,USB-C Hub,46.28,153.55
327515325,770487,74606833,114.19,5,2023-08-11,2023-08-12,Returned,Debit Card,570.95,2023-08,Aug,2023,8,Electronics,Wireless Headphones,27.87,431.6
968078090,719176,31810617,82.69,1,2023-07-07,2023-07-12,Cancelled,Debit Card,82.69,2023-07,Jul,2023,7,Home & Kitchen,Cast Iron Pan,90.67,-7.980000000000004
306938058,126225,65857931,60.5,4,2023-09-15,2023-09-19,Shipped,Credit Card,242.0,2023-09,Sep,2023,9,Electronics,Bluetooth Speaker,22.88,150.48000000000002
235491190,216739,70897765,81.59,3,2023-05-23,2023-05-26,Delivered,Debit Card,244.77,2023-05,May,2023,5,Electronics,Smart Watch,36.99,133.8
145822897,872246,20570592,121.6,3,2024-04-03,2024-04-07,Returned,Debit Card,364.79999999999995,2024-04,Apr,2024,4,Clothing,Denim Jeans,29.09,277.53
554595339,207473,96637649,280.75,5,2024-10-29,2024-11-04,Returned,Google Pay,1403.75,2024-10,Oct,2024,10,Clothing,Graphic Tee,66.43,1071.6
184147554,246316,67062156,273.88,3,2024-12-26,2024-12-30,Delivered,Google Pay,821.64,2024-12,Dec,2024,12,Clothing,Running Jacket,48.71,675.51
833500385,876646,75529051,48.88,1,2024-05-13,2024-05-20,Shipped,PayPal,48.88,2024-05,May,2024,5,Clothing,Cargo Shorts,8.69,40.190000000000005
567499938,126225,90099897,79.91,2,2023-02-23,2023-02-24,Cancelled,Credit Card,159.82,2023-02,Feb,2023,2,Electronics,Bluetooth Speaker,22.88,114.06
316809172,719176,88979095,205.22,5,2023-01-20,2023-01-26,Cancelled,Apple Pay,1026.1,2023-01,Jan,2023,1,Home & Kitchen,Cast Iron Pan,90.67,572.7499999999999
983221403,877572,74606833,63.02,3,2023-12-19,2023-12-22,Delivered,Credit Card,189.06,2023-12,Dec,2023,12,Electronics,USB-C Hub,46.28,50.22
773479021,334053,56138336,204.55,5,2024-06-28,2024-07-03,Delivered,Apple Pay,1022.75,2024-06,Jun,2024,6,Electronics,Webcam HD,13.0,957.75
258783057,191161,87446468,77.83,5,2024-12-27,2025-01-02,Delivered,Debit Card,389.15,2024-12,Dec,2024,12,Home & Kitchen,Coffee Maker,50.5,136.64999999999998
995616775,877572,66851760,240.55,5,2024-07-18,2024-07-20,Processing,Debit Card,1202.75,2024-07,Jul,2024,7,Electronics,USB-C Hub,46.28,971.35
738927559,216739,57219209,235.34,4,2024-10-03,2024-10-05,Processing,Apple Pay,941.36,2024-10,Oct,2024,10,Electronics,Smart Watch,36.99,793.4
376903372,770487,27105448,264.15,3,2023-07-04,2023-07-10,Shipped,Debit Card,792.4499999999999,2023-07,Jul,2023,7,Electronics,Wireless Headphones,27.87,708.8399999999999
443328397,216739,95306788,78.22,1,2024-01-12,2024-01-17,Cancelled,Apple Pay,78.22,2024-01,Jan,2024,1,Electronics,Smart Watch,36.99,41.23
880720904,809570,85863473,198.72,3,2024-11-21,2024-11-22,Delivered,PayPal,596.16,2024-11,Nov,2024,11,Clothing,Hoodie,111.42,261.9
966878665,876646,51837852,246.37,1,2023-12-21,2023-12-22,Shipped,Apple Pay,246.37,2023-12,Dec,2023,12,Clothing,Cargo Shorts,8.69,237.68
171953537,126225,91503378,177.57,5,2023-10-17,2023-10-23,Returned,Apple Pay,887.8499999999999,2023-10,Oct,2023,10,Electronics,Bluetooth Speaker,22.88,773.4499999999999
193445007,877572,75041510,130.67,4,2024-01-22,2024-01-27,Delivered,Credit Card,522.68,2024-01,Jan,2024,1,Electronics,USB-C Hub,46.28,337.55999999999995
516718295,877572,10435578,113.93,5,2023-11-30,2023-12-05,Returned,PayPal,569.6500000000001,2023-11,Nov,2023,11,Electronics,USB-C Hub,46.28,338.2500000000001
697391512,126225,15354599,271.06,5,2023-06-25,2023-06-27,Delivered,PayPal,1355.3,2023-06,Jun,2023,6,Electronics,Bluetooth Speaker,22.88,1240.8999999999999
526656677,216739,23769080,104.94,1,2023-02-05,2023-02-11,Delivered,PayPal,104.94,2023-02,Feb,2023,2,Electronics,Smart Watch,36.99,67.94999999999999
692763677,216739,82160068,112.76,1,2024-11-06,2024-11-12,Delivered,Google Pay,112.76,2024-11,Nov,2024,11,Electronics,Smart Watch,36.99,75.77000000000001
450175988,334053,35511941,76.8,4,2023-04-20,2023-04-26,Delivered,Apple Pay,307.2,2023-04,Apr,2023,4,Electronics,Webcam HD,13.0,255.2
396568375,770487,52101056,28.81,2,2023-02-01,2023-02-04,Shipped,Debit Card,57.62,2023-02,Feb,2023,2,Electronics,Wireless Headphones,27.87,1.8799999999999955
658010933,216739,76354180,254.54,4,2024-12-19,2024-12-23,Returned,Credit Card,1018.16,2024-12,Dec,2024,12,Electronics,Smart Watch,36.99,870.1999999999999
591942526,216739,59597086,168.04,2,2024-10-10,2024-10-17,Processing,Credit Card,336.08,2024-10,Oct,2024,10,Electronics,Smart Watch,36.99,262.09999999999997
113275526,216739,99152472,138.49,3,2023-11-11,2023-11-17,Delivered,Credit Card,415.47,2023-11,Nov,2023,11,Electronics,Smart Watch,36.99,304.5
944552318,216739,89920257,132.69,4,2023-11-21,2023-11-26,Returned,Debit Card,530.76,2023-11,Nov,2023,11,Electronics,Smart Watch,36.99,382.79999999999995
852061786,216739,91178885,298.92,5,2023-04-18,2023-04-19,Shipped,Debit Card,1494.6000000000001,2023-04,Apr,2023,4,Electronics,Smart Watch,36.99,1309.65
769003354,877572,43311626,291.6,3,2023-12-09,2023-12-16,Cancelled,Credit Card,874.8000000000001,2023-12,Dec,2023,12,Electronics,USB-C Hub,46.28,735.96
730905018,770487,32151928,214.44,3,2023-01-20,2023-01-22,Processing,PayPal,643.3199999999999,2023-01,Jan,2023,1,Electronics,Wireless Headphones,27.87,559.7099999999999
661096687,770487,26879290,155.22,3,2023-05-13,2023-05-14,Delivered,PayPal,465.65999999999997,2023-05,May,2023,5,Electronics,Wireless Headphones,27.87,382.04999999999995
939328588,770487,69849511,160.15,4,2023-02-16,2023-02-18,Delivered,Apple Pay,640.6,2023-02,Feb,2023,2,Electronics,Wireless Headphones,27.87,529.12
550535448,809570,55298556,239.83,2,2024-04-01,2024-04-07,Delivered,Credit Card,479.66,2024-04,Apr,2024,4,Clothing,Hoodie,111.42,256.82000000000005
220816186,388389,87282128,275.27,1,2024-05-04,2024-05-11,Delivered,Debit Card,275.27,2024-05,May,2024,5,Electronics,Laptop Stand,88.92,186.34999999999997
545004139,126225,84285882,71.77,2,2024-05-22,2024-05-25,Delivered,PayPal,143.54,2024-05,May,2024,5,Electronics,Bluetooth Speaker,22.88,97.78
260677223,877572,51511484,23.04,1,2023-03-09,2023-03-16,Delivered,Apple Pay,23.04,2023-03,Mar,2023,3,Electronics,USB-C Hub,46.28,-23.240000000000002
259128258,126225,64038913,77.97,3,2023-07-24,2023-07-25,Delivered,Apple Pay,233.91,2023-07,Jul,2023,7,Electronics,Bluetooth Speaker,22.88,165.26999999999998
708375597,770487,63782042,292.96,2,2024-04-28,2024-05-05,Cancelled,Debit Card,585.92,2024-04,Apr,2024,4,Electronics,Wireless Headphones,27.87,530.18
731289471,126225,98054615,47.83,1,2024-12-10,2024-12-14,Shipped,Apple Pay,47.83,2024-12,Dec,2024,12,Electronics,Bluetooth Speaker,22.88,24.95
725644753,671858,48163378,231.63,5,2024-06-19,2024-06-26,Processing,Google Pay,1158.15,2024-06,Jun,2024,6,Home & Kitchen,Air Fryer,110.01,608.1
914301516,246316,95585469,148.07,4,2024-05-17,2024-05-21,Delivered,Credit Card,592.28,2024-05,May,2024,5,Clothing,Running Jacket,48.71,397.43999999999994
207593219,877572,46468984,47.34,2,2024-11-03,2024-11-04,Processing,Google Pay,94.68,2024-11,Nov,2024,11,Electronics,USB-C Hub,46.28,2.1200000000000045
213424523,216739,87282128,142.37,2,2023-08-17,2023-08-22,Delivered,PayPal,284.74,2023-08,Aug,2023,8,Electronics,Smart Watch,36.99,210.76
704177085,872246,86149359,43.89,3,2023-10-09,2023-10-12,Delivered,PayPal,131.67000000000002,2023-10,Oct,2023,10,Clothing,Denim Jeans,29.09,44.40000000000002
937029745,876646,72732043,223.59,4,2023-03-28,2023-04-03,Returned,Debit Card,894.36,2023-03,Mar,2023,3,Clothing,Cargo Shorts,8.69,859.6
208437656,770487,39600202,126.78,3,2024-08-15,2024-08-21,Cancelled,Credit Card,380.34000000000003,2024-08,Aug,2024,8,Electronics,Wireless Headphones,27.87,296.73
943687944,877572,97705310,243.4,5,2023-12-23,2023-12-27,Delivered,Google Pay,1217.0,2023-12,Dec,2023,12,Electronics,USB-C Hub,46.28,985.6
407189861,877572,17270733,104.32,4,2024-07-06,2024-07-12,Cancelled,Debit Card,417.28,2024-07,Jul,2024,7,Electronics,USB-C Hub,46.28,232.15999999999997
675132064,126225,71780854,232.48,5,2024-09-07,2024-09-09,Delivered,Apple Pay,1162.3999999999999,2024-09,Sep,2024,9,Electronics,Bluetooth Speaker,22.88,1047.9999999999998
469226717,216739,47393469,283.51,2,2023-09-15,2023-09-16,Processing,PayPal,567.02,2023-09,Sep,2023,9,Electronics,Smart Watch,36.99,493.03999999999996
541189818,191161,75041510,293.36,4,2023-01-09,2023-01-11,Cancelled,Credit Card,1173.44,2023-01,Jan,2023,1,Home & Kitchen,Coffee Maker,50.5,971.44
383614547,877572,85694715,63.9,3,2024-11-03,2024-11-06,Delivered,PayPal,191.7,2024-11,Nov,2024,11,Electronics,USB-C Hub,46.28,52.859999999999985
511289794,216739,51154241,91.89,1,2023-11-24,2023-11-27,Shipped,Google Pay,91.89,2023-11,Nov,2023,11,Electronics,Smart Watch,36.99,54.9
803072911,876646,71124923,212.57,5,2024-04-11,2024-04-15,Returned,Google Pay,1062.85,2024-04,Apr,2024,4,Clothing,Cargo Shorts,8.69,1019.3999999999999
621392697,872246,56600900,217.57,2,2023-06-18,2023-06-24,Returned,Credit Card,435.14,2023-06,Jun,2023,6,Clothing,Denim Jeans,29.09,376.96
714205272,671858,61053474,236.08,1,2023-02-09,2023-02-13,Delivered,Credit Card,236.08,2023-02,Feb,2023,2,Home & Kitchen,Air Fryer,110.01,126.07000000000001
753868135,671858,39920292,291.26,1,2024-05-21,2024-05-28,Returned,Debit Card,291.26,2024-05,May,2024,5,Home & Kitchen,Air Fryer,110.01,181.25
607929943,388389,90099897,203.9,5,2024-03-30,2024-04-02,Cancelled,Credit Card,1019.5,2024-03,Mar,2024,3,Electronics,Laptop Stand,88.92,574.9
140228456,719176,73481353,295.81,5,2023-01-24,2023-01-30,Shipped,Apple Pay,1479.05,2023-01,Jan,2023,1,Home & Kitchen,Cast Iron Pan,90.67,1025.6999999999998
284898049,877572,45159040,288.37,2,2023-10-07,2023-10-09,Returned,PayPal,576.74,2023-10,Oct,2023,10,Electronics,USB-C Hub,46.28,484.18
395723682,388389,90967191,85.03,5,2023-03-02,2023-03-08,Shipped,Apple Pay,425.15,2023-03,Mar,2023,3,Electronics,Laptop Stand,88.92,-19.450000000000045
532689999,770487,70211891,145.19,1,2024-05-29,2024-06-02,Delivered,Debit Card,145.19,2024-05,May,2024,5,Electronics,Wireless Headphones,27.87,117.32
254460628,770487,40532273,95.18,1,2023-10-20,2023-10-26,Shipped,Debit Card,95.18,2023-10,Oct,2023,10,Electronics,Wireless Headphones,27.87,67.31
763834967,877572,51098277,163.72,5,2024-03-09,2024-03-16,Returned,Apple Pay,818.6,2024-03,Mar,2024,3,Electronics,USB-C Hub,46.28,587.2
753538609,809570,58612055,228.87,1,2024-11-26,2024-11-27,Delivered,Debit Card,228.87,2024-11,Nov,2024,11,Clothing,Hoodie,111.42,117.45
831017246,872246,46468984,182.48,5,2024-03-28,2024-04-02,Processing,Google Pay,912.4,2024-03,Mar,2024,3,Clothing,Denim Jeans,29.09,766.95
844813102,216739,57469942,91.92,5,2024-04-23,2024-04-24,Delivered,Credit Card,459.6,2024-04,Apr,2024,4,Electronics,Smart Watch,36.99,274.65
531343461,719176,99889098,158.37,3,2023-03-02,2023-03-03,Delivered,Debit Card,475.11,2023-03,Mar,2023,3,Home & Kitchen,Cast Iron Pan,90.67,203.10000000000002
141642429,126225,99038359,246.51,1,2024-12-06,2024-12-10,Processing,Credit Card,246.51,2024-12,Dec,2024,12,Electronics,Bluetooth Speaker,22.88,223.63
524979220,126225,96911784,147.63,1,2023-03-24,2023-03-31,Delivered,PayPal,147.63,2023-03,Mar,2023,3,Electronics,Bluetooth Speaker,22.88,124.75
455939049,877572,69038700,221.35,2,2023-10-05,2023-10-07,Delivered,Apple Pay,442.7,2023-10,Oct,2023,10,Electronics,USB-C Hub,46.28,350.14
841433502,671858,99913412,240.23,3,2023-01-30,2023-02-06,Delivered,Apple Pay,720.6899999999999,2023-01,Jan,2023,1,Home & Kitchen,Air Fryer,110.01,390.6599999999999
355098831,216739,85563727,248.26,3,2023-05-07,2023-05-08,Delivered,Credit Card,744.78,2023-05,May,2023,5,Electronics,Smart Watch,36.99,633.81
152925780,216739,81182864,18.04,1,2024-10-17,2024-10-19,Shipped,Credit Card,18.04,2024-10,Oct,2024,10,Electronics,Smart Watch,36.99,-18.950000000000003
900742774,877572,73900135,25.29,1,2024-08-20,2024-08-22,Delivered,Debit Card,25.29,2024-08,Aug,2024,8,Electronics,USB-C Hub,46.28,-20.990000000000002
610261646,126225,20099059,260.73,4,2023-06-17,2023-06-23,Cancelled,Debit Card,1042.92,2023-06,Jun,2023,6,Electronics,Bluetooth Speaker,22.88,951.4000000000001
388390253,876646,71367643,204.22,3,2024-07-27,2024-07-30,Returned,Apple Pay,612.66,2024-07,Jul,2024,7,Clothing,Cargo Shorts,8.69,586.5899999999999
499905152,877572,23209423,203.73,5,2024-12-02,2024-12-05,Processing,Google Pay,1018.65,2024-12,Dec,2024,12,Electronics,USB-C Hub,46.28,787.25
121724902,216739,71124923,164.83,3,2024-12-19,2024-12-20,Delivered,Debit Card,494.49,2024-12,Dec,2024,12,Electronics,Smart Watch,36.99,383.52
462780939,246316,19317495,126.42,2,2024-07-02,2024-07-04,Cancelled,Google Pay,252.84,2024-07,Jul,2024,7,Clothing,Running Jacket,48.71,155.42000000000002
977661452,770487,88183110,246.93,3,2024-09-18,2024-09-23,Delivered,Debit Card,740.79,2024-09,Sep,2024,9,Electronics,Wireless Headphones,27.87,657.18
952177409,216739,79782527,182.01,3,2024-07-22,2024-07-25,Processing,Credit Card,546.03,2024-07,Jul,2024,7,Electronics,Smart Watch,36.99,435.05999999999995
425402780,126225,42394260,160.17,3,2023-06-25,2023-06-30,Delivered,Apple Pay,480.51,2023-06,Jun,2023,6,Electronics,Bluetooth Speaker,22.88,411.87
433879270,877572,16895666,35.52,4,2024-11-12,2024-11-17,Returned,Debit Card,142.08,2024-11,Nov,2024,11,Electronics,USB-C Hub,46.28,-43.03999999999999
401019924,126225,11980765,91.33,4,2024-01-02,2024-01-04,Shipped,Apple Pay,365.32,2024-01,Jan,2024,1,Electronics,Bluetooth Speaker,22.88,273.8
627872109,126225,91503378,240.34,2,2024-02-04,2024-02-07,Delivered,PayPal,480.68,2024-02,Feb,2024,2,Electronics,Bluetooth Speaker,22.88,434.92
847520637,770487,83793389,122.08,5,2024-03-21,2024-03-22,Returned,Google Pay,610.4,2024-03,Mar,2024,3,Electronics,Wireless Headphones,27.87,471.04999999999995
835354265,126225,97477029,288.47,4,2024-03-20,2024-03-22,Delivered,PayPal,1153.88,2024-03,Mar,2024,3,Electronics,Bluetooth Speaker,22.88,1062.3600000000001
205460113,877572,77908907,266.92,5,2023-08-22,2023-08-29,Delivered,PayPal,1334.6000000000001,2023-08,Aug,2023,8,Electronics,USB-C Hub,46.28,1103.2
344767409,809570,91734598,50.51,1,2024-08-19,2024-08-20,Returned,PayPal,50.51,2024-08,Aug,2024,8,Clothing,Hoodie,111.42,-60.910000000000004
244295352,770487,51511484,293.54,2,2023-09-17,2023-09-24,Processing,Apple Pay,587.08,2023-09,Sep,2023,9,Electronics,Wireless Headphones,27.87,531.34
422638422,877572,60119651,297.57,2,2024-08-10,2024-08-17,Delivered,PayPal,595.14,2024-08,Aug,2024,8,Electronics,USB-C Hub,46.28,502.58
898567178,216739,79182797,203.83,1,2023-05-20,2023-05-23,Cancelled,Apple Pay,203.83,2023-05,May,2023,5,Electronics,Smart Watch,36.99,166.84
575786397,877572,70939053,48.18,1,2023-02-28,2023-03-02,Cancelled,Debit Card,48.18,2023-02,Feb,2023,2,Electronics,USB-C Hub,46.28,1.8999999999999986
931109347,876646,40532273,81.48,5,2024-08-21,2024-08-24,Processing,Google Pay,407.40000000000003,2024-08,Aug,2024,8,Clothing,Cargo Shorts,8.69,363.95000000000005
986721049,388389,39219319,176.22,2,2024-04-15,2024-04-20,Cancelled,Debit Card,352.44,2024-04,Apr,2024,4,Electronics,Laptop Stand,88.92,174.6
444529729,877572,59737181,130.09,3,2023-09-28,2023-10-03,Delivered,PayPal,390.27,2023-09,Sep,2023,9,Electronics,USB-C Hub,46.28,251.42999999999998
389287503,207473,54318698,112.66,4,2024-12-29,2025-01-03,Cancelled,Google Pay,450.64,2024-12,Dec,2024,12,Clothing,Graphic Tee,66.43,184.91999999999996
882542411,877572,94482772,41.66,3,2023-07-17,2023-07-23,Cancelled,Debit Card,124.97999999999999,2023-07,Jul,2023,7,Electronics,USB-C Hub,46.28,-13.860000000000014
547506309,246316,53936531,256.49,3,2023-08-23,2023-08-25,Delivered,Debit Card,769.47,2023-08,Aug,2023,8,Clothing,Running Jacket,48.71,623.34
749591392,877572,82160068,203.03,2,2024-02-08,2024-02-15,Shipped,Apple Pay,406.06,2024-02,Feb,2024,2,Electronics,USB-C Hub,46.28,313.5
793159203,216739,84158663,232.26,3,2024-12-28,2024-12-29,Delivered,PayPal,696.78,2024-12,Dec,2024,12,Electronics,Smart Watch,36.99,585.81
195871030,876646,68571795,38.79,2,2024-11-10,2024-11-13,Processing,Apple Pay,77.58,2024-11,Nov,2024,11,Clothing,Cargo Shorts,8.69,60.2
301794412,877572,72092888,11.89,2,2023-01-17,2023-01-20,Cancelled,Debit Card,23.78,2023-01,Jan,2023,1,Electronics,USB-C Hub,46.28,-68.78
574289591,872246,16729990,234.72,3,2023-02-08,2023-02-12,Cancelled,PayPal,704.16,2023-02,Feb,2023,2,Clothing,Denim Jeans,29.09,616.89
326978821,216739,52587010,149.63,3,2024-03-06,2024-03-10,Delivered,Debit Card,448.89,2024-03,Mar,2024,3,Electronics,Smart Watch,36.99,337.91999999999996
984730446,126225,48250360,195.23,4,2023-08-23,2023-08-30,Delivered,Debit Card,780.92,2023-08,Aug,2023,8,Electronics,Bluetooth Speaker,22.88,689.4
537195843,876646,59597086,233.21,5,2024-09-14,2024-09-18,Delivered,Credit Card,1166.05,2024-09,Sep,2024,9,Clothing,Cargo Shorts,8.69,1122.6
895583423,191161,66623995,50.0,1,2023-02-12,2023-02-13,Shipped,Apple Pay,50.0,2023-02,Feb,2023,2,Home & Kitchen,Coffee Maker,50.5,-0.5
620185318,126225,42035886,82.89,5,2024-10-05,2024-10-11,Shipped,Google Pay,414.45,2024-10,Oct,2024,10,Electronics,Bluetooth Speaker,22.88,300.05
915499713,809570,44188276,154.04,3,2023-08-10,2023-08-17,Delivered,Apple Pay,462.12,2023-08,Aug,2023,8,Clothing,Hoodie,111.42,127.86000000000001
654589168,770487,52133044,172.48,5,2023-07-05,2023-07-06,Delivered,Credit Card,862.4,2023-07,Jul,2023,7,Electronics,Wireless Headphones,27.87,723.05
501483027,872246,75579548,174.81,3,2024-11-12,2024-11-19,Delivered,Apple Pay,524.4300000000001,2024-11,Nov,2024,11,Clothing,Denim Jeans,29.09,437.1600000000001
981560713,216739,82498004,250.57,2,2024-04-05,2024-04-12,Delivered,Debit Card,501.14,2024-04,Apr,2024,4,Electronics,Smart Watch,36.99,427.15999999999997
160350543,207473,52169044,225.19,5,2023-10-09,2023-10-10,Delivered,Credit Card,1125.95,2023-10,Oct,2023,10,Clothing,Graphic Tee,66.43,793.8
653266624,719176,52091325,141.61,3,2024-12-01,2024-12-07,Processing,Credit Card,424.83000000000004,2024-12,Dec,2024,12,Home & Kitchen,Cast Iron Pan,90.67,152.82000000000005
949856342,770487,11540956,146.89,2,2024-09-14,2024-09-15,Delivered,Google Pay,293.78,2024-09,Sep,2024,9,Electronics,Wireless Headphones,27.87,238.03999999999996
270695366,809570,47376585,45.15,5,2023-06-10,2023-06-17,Returned,PayPal,225.75,2023-06,Jun,2023,6,Clothing,Hoodie,111.42,-331.35
170455681,126225,24508768,20.95,2,2024-02-28,2024-03-06,Delivered,Credit Card,41.9,2024-02,Feb,2024,2,Electronics,Bluetooth Speaker,22.88,-3.8599999999999994
434065879,877572,67887757,114.62,5,2023-04-28,2023-05-02,Delivered,Debit Card,573.1,2023-04,Apr,2023,4,Electronics,USB-C Hub,46.28,341.70000000000005
861894343,770487,26288475,92.06,1,2023-01-04,2023-01-09,Shipped,PayPal,92.06,2023-01,Jan,2023,1,Electronics,Wireless Headphones,27.87,64.19
644167285,126225,47385696,23.64,5,2023-08-15,2023-08-16,Cancelled,Google Pay,118.2,2023-08,Aug,2023,8,Electronics,Bluetooth Speaker,22.88,3.8000000000000114
533131502,334053,36445607,236.59,3,2024-06-12,2024-06-18,Delivered,Google Pay,709.77,2024-06,Jun,2024,6,Electronics,Webcam HD,13.0,670.77
245652883,356787,55657579,176.75,1,2024-08-24,2024-08-27,Delivered,PayPal,176.75,2024-08,Aug,2024,8,Electronics,Mechanical Keyboard,38.72,138.03
938073130,877572,26090908,129.56,3,2023-09-12,2023-09-16,Cancelled,Apple Pay,388.68,2023-09,Sep,2023,9,Electronics,USB-C Hub,46.28,249.84
662948033,126225,46632757,40.26,1,2024-03-15,2024-03-18,Delivered,Debit Card,40.26,2024-03,Mar,2024,3,Electronics,Bluetooth Speaker,22.88,17.38
710607239,216739,96691619,231.97,3,2024-07-20,2024-07-23,Delivered,PayPal,695.91,2024-07,Jul,2024,7,Electronics,Smart Watch,36.99,584.9399999999999
131082848,719176,17270733,85.62,2,2024-05-13,2024-05-17,Delivered,Google Pay,171.24,2024-05,May,2024,5,Home & Kitchen,Cast Iron Pan,90.67,-10.099999999999994
286549068,126225,97705310,264.85,4,2024-03-11,2024-03-18,Shipped,PayPal,1059.4,2024-03,Mar,2024,3,Electronics,Bluetooth Speaker,22.88,967.8800000000001
306978174,770487,26046365,264.32,4,2024-07-27,2024-08-02,Processing,Google Pay,1057.28,2024-07,Jul,2024,7,Electronics,Wireless Headphones,27.87,945.8
994351711,876646,11898961,101.24,3,2024-01-04,2024-01-09,Processing,Credit Card,303.71999999999997,2024-01,Jan,2024,1,Clothing,Cargo Shorts,8.69,277.65
315528733,877572,64549859,195.91,4,2024-03-23,2024-03-27,Delivered,Credit Card,783.64,2024-03,Mar,2024,3,Electronics,USB-C Hub,46.28,598.52
998696871,872246,30863865,140.49,5,2024-10-30,2024-11-04,Delivered,Debit Card,702.45,2024-10,Oct,2024,10,Clothing,Denim Jeans,29.09,557.0
161877074,246316,88979095,176.74,1,2023-06-13,2023-06-16,Shipped,PayPal,176.74,2023-06,Jun,2023,6,Clothing,Running Jacket,48.71,128.03
367888133,356787,66379329,278.62,3,2024-06-18,2024-06-20,Delivered,Apple Pay,835.86,2024-06,Jun,2024,6,Electronics,Mechanical Keyboard,38.72,719.7
135509761,877572,82070937,149.91,5,2023-10-27,2023-10-28,Delivered,Apple Pay,749.55,2023-10,Oct,2023,10,Electronics,USB-C Hub,46.28,518.15
590108029,877572,92613013,178.16,4,2024-02-08,2024-02-15,Cancelled,Google Pay,712.64,2024-02,Feb,2024,2,Electronics,USB-C Hub,46.28,527.52
154287614,126225,70939053,291.01,2,2023-08-14,2023-08-20,Shipped,Debit Card,582.02,2023-08,Aug,2023,8,Electronics,Bluetooth Speaker,22.88,536.26
486949792,356787,70211891,122.91,4,2023-05-25,2023-05-28,Delivered,Credit Card,491.64,2023-05,May,2023,5,Electronics,Mechanical Keyboard,38.72,336.76
856594938,126225,96028436,236.31,4,2023-01-28,2023-02-02,Cancelled,Google Pay,945.24,2023-01,Jan,2023,1,Electronics,Bluetooth Speaker,22.88,853.72
313792490,191161,56600900,77.89,3,2023-04-28,2023-05-01,Delivered,PayPal,233.67000000000002,2023-04,Apr,2023,4,Home & Kitchen,Coffee Maker,50.5,82.17000000000002
394181098,770487,49392920,237.49,1,2024-08-17,2024-08-22,Returned,PayPal,237.49,2024-08,Aug,2024,8,Electronics,Wireless Headphones,27.87,209.62
495514868,719176,20993268,199.47,1,2023-08-06,2023-08-10,Cancelled,Debit Card,199.47,2023-08,Aug,2023,8,Home & Kitchen,Cast Iron Pan,90.67,108.8
984233149,126225,88979095,194.68,3,2023-09-09,2023-09-16,Cancelled,Debit Card,584.04,2023-09,Sep,2023,9,Electronics,Bluetooth Speaker,22.88,515.4
598450776,126225,81969657,281.49,3,2024-03-20,2024-03-26,Processing,Google Pay,844.47,2024-03,Mar,2024,3,Electronics,Bluetooth Speaker,22.88,775.83
642375317,191161,18770247,289.92,4,2024-03-27,2024-04-03,Returned,Credit Card,1159.68,2024-03,Mar,2024,3,Home & Kitchen,Coffee Maker,50.5,957.6800000000001
526213526,877572,29876811,251.14,2,2024-01-22,2024-01-23,Delivered,Apple Pay,502.28,2024-01,Jan,2024,1,Electronics,USB-C Hub,46.28,409.71999999999997
782266083,770487,15354599,221.57,4,2024-08-28,2024-08-29,Delivered,PayPal,886.28,2024-08,Aug,2024,8,Electronics,Wireless Headphones,27.87,774.8
233007467,877572,19510312,194.7,4,2024-11-07,2024-11-13,Delivered,Google Pay,778.8,2024-11,Nov,2024,11,Electronics,USB-C Hub,46.28,593.68
831405402,719176,72363359,33.0,3,2023-07-10,2023-07-17,Shipped,Apple Pay,99.0,2023-07,Jul,2023,7,Home & Kitchen,Cast Iron Pan,90.67,-173.01
132816979,770487,40291214,291.94,5,2023-11-29,2023-12-02,Shipped,Apple Pay,1459.7,2023-11,Nov,2023,11,Electronics,Wireless Headphones,27.87,1320.3500000000001
359779054,216739,33763566,154.84,1,2024-07-06,2024-07-12,Delivered,Debit Card,154.84,2024-07,Jul,2024,7,Electronics,Smart Watch,36.99,117.85
499933139,246316,24366125,82.69,5,2024-10-04,2024-10-05,Processing,Google Pay,413.45,2024-10,Oct,2024,10,Clothing,Running Jacket,48.71,169.89999999999998
624830763,216739,11646234,175.86,1,2023-09-22,2023-09-28,Cancelled,Debit Card,175.86,2023-09,Sep,2023,9,Electronics,Smart Watch,36.99,138.87
737849448,216739,36619372,242.28,2,2024-08-22,2024-08-29,Delivered,PayPal,484.56,2024-08,Aug,2024,8,Electronics,Smart Watch,36.99,410.58
578999915,207473,33978249,248.43,2,2024-04-17,2024-04-23,Returned,Debit Card,496.86,2024-04,Apr,2024,4,Clothing,Graphic Tee,66.43,364.0
290679038,809570,31810617,84.97,3,2023-10-07,2023-10-12,Shipped,Apple Pay,254.91,2023-10,Oct,2023,10,Clothing,Hoodie,111.42,-79.35
609578849,719176,84346088,250.0,3,2024-01-08,2024-01-15,Delivered,Apple Pay,750.0,2024-01,Jan,2024,1,Home & Kitchen,Cast Iron Pan,90.67,477.99
730157871,809570,38682516,101.53,5,2023-01-08,2023-01-11,Processing,Debit Card,507.65,2023-01,Jan,2023,1,Clothing,Hoodie,111.42,-49.450000000000045
691990078,770487,22534217,224.18,3,2024-12-03,2024-12-10,Shipped,Apple Pay,672.54,2024-12,Dec,2024,12,Electronics,Wireless Headphones,27.87,588.93
475551835,246316,67110154,246.22,3,2024-04-05,2024-04-12,Returned,Apple Pay,738.66,2024-04,Apr,2024,4,Clothing,Running Jacket,48.71,592.53
469634556,876646,54988206,292.06,1,2023-09-15,2023-09-19,Processing,PayPal,292.06,2023-09,Sep,2023,9,Clothing,Cargo Shorts,8.69,283.37
275571407,126225,11362459,136.37,3,2023-05-24,2023-05-29,Delivered,Debit Card,409.11,2023-05,May,2023,5,Electronics,Bluetooth Speaker,22.88,340.47
999423880,216739,79467853,190.72,5,2023-10-22,2023-10-27,Shipped,Google Pay,953.6,2023-10,Oct,2023,10,Electronics,Smart Watch,36.99,768.65
377733976,126225,46632757,145.72,3,2024-05-14,2024-05-16,Cancelled,PayPal,437.15999999999997,2024-05,May,2024,5,Electronics,Bluetooth Speaker,22.88,368.52
904190892,877572,94705205,170.65,1,2024-12-04,2024-12-10,Shipped,Google Pay,170.65,2024-12,Dec,2024,12,Electronics,USB-C Hub,46.28,124.37
992140083,126225,43859311,207.03,5,2024-04-23,2024-04-30,Shipped,PayPal,1035.15,2024-04,Apr,2024,4,Electronics,Bluetooth Speaker,22.88,920.7500000000001
839647637,877572,17869910,259.63,4,2023-11-09,2023-11-13,Delivered,Google Pay,1038.52,2023-11,Nov,2023,11,Electronics,USB-C Hub,46.28,853.4
197057590,770487,45159040,66.24,5,2023-09-11,2023-09-12,Cancelled,Debit Card,331.2,2023-09,Sep,2023,9,Electronics,Wireless Headphones,27.87,191.85
406090918,207473,91178885,15.74,1,2023-09-05,2023-09-12,Delivered,Credit Card,15.74,2023-09,Sep,2023,9,Clothing,Graphic Tee,66.43,-50.690000000000005
129474736,671858,11297845,126.13,3,2024-11-15,2024-11-16,Processing,Google Pay,378.39,2024-11,Nov,2024,11,Home & Kitchen,Air Fryer,110.01,48.35999999999996
515071728,877572,96098221,211.98,3,2024-01-16,2024-01-18,Delivered,Google Pay,635.9399999999999,2024-01,Jan,2024,1,Electronics,USB-C Hub,46.28,497.0999999999999
153312407,770487,58942697,186.49,3,2023-07-17,2023-07-21,Delivered,Apple Pay,559.47,2023-07,Jul,2023,7,Electronics,Wireless Headphones,27.87,475.86
274920492,876646,45594597,281.85,5,2023-11-21,2023-11-22,Processing,Debit Card,1409.25,2023-11,Nov,2023,11,Clothing,Cargo Shorts,8.69,1365.8
714457408,809570,74251933,80.04,3,2023-04-02,2023-04-08,Shipped,Apple Pay,240.12,2023-04,Apr,2023,4,Clothing,Hoodie,111.42,-94.13999999999999
937336224,719176,16818112,244.28,5,2024-11-03,2024-11-05,Cancelled,Google Pay,1221.4,2024-11,Nov,2024,11,Home & Kitchen,Cast Iron Pan,90.67,768.0500000000001
330122826,356787,88990506,202.64,1,2024-07-04,2024-07-08,Shipped,Google Pay,202.64,2024-07,Jul,2024,7,Electronics,Mechanical Keyboard,38.72,163.92
337673911,877572,98550256,183.99,5,2024-12-10,2024-12-11,Delivered,Apple Pay,919.95,2024-12,Dec,2024,12,Electronics,USB-C Hub,46.28,688.5500000000001
795118868,877572,71705170,146.44,2,2023-11-10,2023-11-16,Processing,Debit Card,292.88,2023-11,Nov,2023,11,Electronics,USB-C Hub,46.28,200.32
341712209,334053,74988034,49.83,5,2024-07-03,2024-07-06,Returned,PayPal,249.14999999999998,2024-07,Jul,2024,7,Electronics,Webcam HD,13.0,184.14999999999998
827669728,877572,37415205,173.72,5,2024-03-20,2024-03-24,Delivered,Credit Card,868.6,2024-03,Mar,2024,3,Electronics,USB-C Hub,46.28,637.2
321975705,191161,11980765,256.26,1,2024-11-01,2024-11-08,Processing,Credit Card,256.26,2024-11,Nov,2024,11,Home & Kitchen,Coffee Maker,50.5,205.76
388926290,809570,70505620,218.88,2,2023-11-17,2023-11-24,Returned,Credit Card,437.76,2023-11,Nov,2023,11,Clothing,Hoodie,111.42,214.92
799636574,877572,99115205,39.24,2,2024-04-10,2024-04-12,Delivered,PayPal,78.48,2024-04,Apr,2024,4,Electronics,USB-C Hub,46.28,-14.079999999999998
539705006,770487,57623800,221.98,4,2023-10-08,2023-10-11,Delivered,PayPal,887.92,2023-10,Oct,2023,10,Electronics,Wireless Headphones,27.87,776.4399999999999
651131533,191161,84158663,63.02,1,2024-03-03,2024-03-09,Delivered,Apple Pay,63.02,2024-03,Mar,2024,3,Home & Kitchen,Coffee Maker,50.5,12.520000000000003
121531054,356787,48250360,78.38,2,2024-10-09,2024-10-16,Cancelled,PayPal,156.76,2024-10,Oct,2024,10,Electronics,Mechanical Keyboard,38.72,79.32
937844678,770487,30743797,48.12,2,2023-07-13,2023-07-19,Delivered,Debit Card,96.24,2023-07,Jul,2023,7,Electronics,Wireless Headphones,27.87,40.49999999999999
924174943,809570,58942697,25.55,4,2023-01-15,2023-01-17,Delivered,PayPal,102.2,2023-01,Jan,2023,1,Clothing,Hoodie,111.42,-343.48
832506384,191161,44917589,205.03,2,2023-10-18,2023-10-19,Delivered,Debit Card,410.06,2023-10,Oct,2023,10,Home & Kitchen,Coffee Maker,50.5,309.06
109554136,126225,44999379,151.47,3,2023-12-21,2023-12-22,Delivered,Google Pay,454.40999999999997,2023-12,Dec,2023,12,Electronics,Bluetooth Speaker,22.88,385.77
609057994,877572,43704923,25.68,5,2023-07-08,2023-07-13,Cancelled,Google Pay,128.4,2023-07,Jul,2023,7,Electronics,USB-C Hub,46.28,-103.0
242071170,207473,31682744,88.24,3,2023-05-24,2023-05-27,Returned,Debit Card,264.71999999999997,2023-05,May,2023,5,Clothing,Graphic Tee,66.43,65.42999999999995
795109916,770487,20814950,204.08,2,2024-05-10,2024-05-11,Delivered,PayPal,408.16,2024-05,May,2024,5,Electronics,Wireless Headphones,27.87,352.42
285972787,876646,97529405,192.57,2,2024-05-15,2024-05-19,Shipped,Apple Pay,385.14,2024-05,May,2024,5,Clothing,Cargo Shorts,8.69,367.76
745471251,877572,99100953,46.9,3,2023-03-08,2023-03-12,Shipped,Debit Card,140.7,2023-03,Mar,2023,3,Electronics,USB-C Hub,46.28,1.8599999999999852
959922040,770487,41774346,62.11,4,2024-04-24,2024-04-25,Shipped,Apple Pay,248.44,2024-04,Apr,2024,4,Electronics,Wireless Headphones,27.87,136.95999999999998
109087862,216739,42594692,233.84,2,2023-08-11,2023-08-18,Processing,PayPal,467.68,2023-08,Aug,2023,8,Electronics,Smart Watch,36.99,393.7
340271240,126225,80823176,110.26,1,2023-05-23,2023-05-24,Delivered,PayPal,110.26,2023-05,May,2023,5,Electronics,Bluetooth Speaker,22.88,87.38000000000001
371002172,191161,55679506,24.65,2,2023-09-13,2023-09-18,Shipped,Google Pay,49.3,2023-09,Sep,2023,9,Home & Kitchen,Coffee Maker,50.5,-51.7
753204271,191161,72394301,156.22,3,2024-10-21,2024-10-24,Returned,Apple Pay,468.65999999999997,2024-10,Oct,2024,10,Home & Kitchen,Coffee Maker,50.5,317.15999999999997
964454042,770487,11980765,185.06,1,2024-09-09,2024-09-16,Delivered,Apple Pay,185.06,2024-09,Sep,2024,9,Electronics,Wireless Headphones,27.87,157.19
427984850,770487,66775103,183.83,5,2024-03-28,2024-03-31,Cancelled,PayPal,919.1500000000001,2024-03,Mar,2024,3,Electronics,Wireless Headphones,27.87,779.8000000000001
865299271,356787,75151231,62.41,1,2023-10-22,2023-10-29,Shipped,Debit Card,62.41,2023-10,Oct,2023,10,Electronics,Mechanical Keyboard,38.72,23.689999999999998
861678303,877572,12314351,183.42,1,2024-11-20,2024-11-23,Delivered,PayPal,183.42,2024-11,Nov,2024,11,Electronics,USB-C Hub,46.28,137.14
790137154,877572,47135391,87.43,3,2023-08-09,2023-08-13,Delivered,Debit Card,262.29,2023-08,Aug,2023,8,Electronics,USB-C Hub,46.28,123.45000000000002
395685474,876646,61536717,83.33,2,2024-08-25,2024-08-26,Cancelled,Credit Card,166.66,2024-08,Aug,2024,8,Clothing,Cargo Shorts,8.69,149.28
555059083,216739,81286543,218.15,2,2024-03-28,2024-04-01,Delivered,Debit Card,436.3,2024-03,Mar,2024,3,Electronics,Smart Watch,36.99,362.32
504237434,246316,55150390,277.29,3,2024-06-03,2024-06-07,Cancelled,Apple Pay,831.8700000000001,2024-06,Jun,2024,6,Clothing,Running Jacket,48.71,685.7400000000001
474423649,216739,80166708,117.91,1,2024-07-07,2024-07-14,Delivered,Credit Card,117.91,2024-07,Jul,2024,7,Electronics,Smart Watch,36.99,80.91999999999999
592845370,770487,81259135,193.89,2,2024-03-09,2024-03-11,Delivered,Google Pay,387.78,2024-03,Mar,2024,3,Electronics,Wireless Headphones,27.87,332.03999999999996
370581558,876646,42394260,266.56,3,2024-05-02,2024-05-06,Shipped,PayPal,799.6800000000001,2024-05,May,2024,5,Clothing,Cargo Shorts,8.69,773.61
334300190,872246,82828034,200.83,4,2023-06-19,2023-06-24,Cancelled,Credit Card,803.32,2023-06,Jun,2023,6,Clothing,Denim Jeans,29.09,686.96
601113183,877572,90014570,63.3,3,2023-08-10,2023-08-12,Returned,Apple Pay,189.89999999999998,2023-08,Aug,2023,8,Electronics,USB-C Hub,46.28,51.059999999999974
424425818,356787,33328859,258.13,5,2024-11-17,2024-11-21,Delivered,Credit Card,1290.65,2024-11,Nov,2024,11,Electronics,Mechanical Keyboard,38.72,1097.0500000000002
827133833,877572,65857931,45.11,3,2023-07-25,2023-07-28,Shipped,Debit Card,135.32999999999998,2023-07,Jul,2023,7,Electronics,USB-C Hub,46.28,-3.5100000000000193
659030686,356787,98641164,296.9,3,2023-03-11,2023-03-18,Delivered,Apple Pay,890.6999999999999,2023-03,Mar,2023,3,Electronics,Mechanical Keyboard,38.72,774.54
985097007,334053,53251559,246.92,3,2024-01-03,2024-01-09,Processing,Apple Pay,740.76,2024-01,Jan,2024,1,Electronics,Webcam HD,13.0,701.76
769591945,356787,45351479,279.29,2,2023-02-12,2023-02-19,Cancelled,Debit Card,558.58,2023-02,Feb,2023,2,Electronics,Mechanical Keyboard,38.72,481.14000000000004
526439295,246316,49823450,254.46,3,2023-07-06,2023-07-11,Processing,PayPal,763.38,2023-07,Jul,2023,7,Clothing,Running Jacket,48.71,617.25
727588309,770487,32520277,291.51,2,2023-06-13,2023-06-15,Delivered,Credit Card,583.02,2023-06,Jun,2023,6,Electronics,Wireless Headphones,27.87,527.28
209856785,126225,72535301,116.79,2,2024-08-24,2024-08-30,Shipped,Debit Card,233.58,2024-08,Aug,2024,8,Electronics,Bluetooth Speaker,22.88,187.82000000000002
107889398,877572,71124923,30.32,2,2023-02-16,2023-02-19,Shipped,PayPal,60.64,2023-02,Feb,2023,2,Electronics,USB-C Hub,46.28,-31.92
649233665,877572,98550256,73.99,4,2024-07-12,2024-07-13,Delivered,Debit Card,295.96,2024-07,Jul,2024,7,Electronics,USB-C Hub,46.28,110.83999999999997
811198748,207473,47385696,235.95,3,2023-01-17,2023-01-22,Cancelled,Debit Card,707.8499999999999,2023-01,Jan,2023,1,Clothing,Graphic Tee,66.43,508.5599999999999
501826151,388389,70900658,54.31,5,2023-07-14,2023-07-19,Cancelled,PayPal,271.55,2023-07,Jul,2023,7,Electronics,Laptop Stand,88.92,-173.05
702859986,126225,31980274,171.52,1,2024-02-08,2024-02-10,Shipped,Apple Pay,171.52,2024-02,Feb,2024,2,Electronics,Bluetooth Speaker,22.88,148.64000000000001
795078308,809570,59737181,184.99,5,2023-12-03,2023-12-05,Shipped,Google Pay,924.95,2023-12,Dec,2023,12,Clothing,Hoodie,111.42,367.85
737558411,126225,23318904,142.78,5,2024-05-25,2024-05-29,Delivered,Credit Card,713.9,2024-05,May,2024,5,Electronics,Bluetooth Speaker,22.88,599.5
753962570,246316,13176186,134.96,4,2023-11-07,2023-11-11,Shipped,Google Pay,539.84,2023-11,Nov,2023,11,Clothing,Running Jacket,48.71,345.0
403521991,388389,92097999,247.67,5,2024-03-17,2024-03-23,Cancelled,PayPal,1238.35,2024-03,Mar,2024,3,Electronics,Laptop Stand,88.92,793.7499999999999
420486085,877572,62191530,225.58,1,2023-06-12,2023-06-18,Processing,PayPal,225.58,2023-06,Jun,2023,6,Electronics,USB-C Hub,46.28,179.3
834883010,356787,56397338,57.89,4,2024-10-10,2024-10-14,Returned,Debit Card,231.56,2024-10,Oct,2024,10,Electronics,Mechanical Keyboard,38.72,76.68
216076355,216739,77898694,139.89,2,2023-05-27,2023-05-30,Shipped,Debit Card,279.78,2023-05,May,2023,5,Electronics,Smart Watch,36.99,205.79999999999995
617262695,809570,74119726,247.8,5,2024-02-27,2024-03-03,Cancelled,Debit Card,1239.0,2024-02,Feb,2024,2,Clothing,Hoodie,111.42,681.9
168544512,246316,30024960,145.57,2,2024-11-29,2024-12-02,Returned,Debit Card,291.14,2024-11,Nov,2024,11,Clothing,Running Jacket,48.71,193.71999999999997
461081823,388389,72350830,40.54,3,2024-03-02,2024-03-06,Delivered,PayPal,121.62,2024-03,Mar,2024,3,Electronics,Laptop Stand,88.92,-145.14
396871629,207473,53251559,23.97,4,2023-03-31,2023-04-05,Returned,Google Pay,95.88,2023-03,Mar,2023,3,Clothing,Graphic Tee,66.43,-169.84000000000003
787833374,877572,20896797,161.31,4,2024-06-16,2024-06-22,Processing,Debit Card,645.24,2024-06,Jun,2024,6,Electronics,USB-C Hub,46.28,460.12
449113269,388389,30534124,228.62,5,2023-09-18,2023-09-19,Delivered,Credit Card,1143.1,2023-09,Sep,2023,9,Electronics,Laptop Stand,88.92,698.4999999999999
397302928,872246,42730796,130.95,1,2024-12-25,2024-12-28,Delivered,PayPal,130.95,2024-12,Dec,2024,12,Clothing,Denim Jeans,29.09,101.85999999999999
380404354,216739,50569669,261.95,5,2024-11-02,2024-11-04,Delivered,Google Pay,1309.75,2024-11,Nov,2024,11,Electronics,Smart Watch,36.99,1124.8
804503060,216739,14835614,179.82,2,2024-04-25,2024-04-29,Cancelled,Debit Card,359.64,2024-04,Apr,2024,4,Electronics,Smart Watch,36.99,285.65999999999997
863531123,246316,95306788,291.21,5,2023-09-11,2023-09-17,Returned,Credit Card,1456.05,2023-09,Sep,2023,9,Clothing,Running Jacket,48.71,1212.5
799506796,216739,82772208,18.05,4,2023-06-13,2023-06-20,Delivered,Credit Card,72.2,2023-06,Jun,2023,6,Electronics,Smart Watch,36.99,-75.76
420824516,872246,89795010,191.87,2,2023-02-01,2023-02-02,Processing,Credit Card,383.74,2023-02,Feb,2023,2,Clothing,Denim Jeans,29.09,325.56
302250101,770487,45650176,249.52,2,2023-09-06,2023-09-13,Cancelled,Credit Card,499.04,2023-09,Sep,2023,9,Electronics,Wireless Headphones,27.87,443.3
260985353,388389,77908907,33.06,4,2024-07-20,2024-07-22,Delivered,Debit Card,132.24,2024-07,Jul,2024,7,Electronics,Laptop Stand,88.92,-223.44
655439758,877572,66390708,251.78,2,2023-07-11,2023-07-12,Processing,PayPal,503.56,2023-07,Jul,2023,7,Electronics,USB-C Hub,46.28,411.0
921921869,216739,22660194,142.37,3,2024-11-10,2024-11-17,Shipped,Google Pay,427.11,2024-11,Nov,2024,11,Electronics,Smart Watch,36.99,316.14
358022386,876646,49392920,210.17,5,2024-12-16,2024-12-17,Cancelled,Credit Card,1050.85,2024-12,Dec,2024,12,Clothing,Cargo Shorts,8.69,1007.3999999999999
160961339,126225,27778019,256.47,5,2023-06-28,2023-07-01,Delivered,PayPal,1282.3500000000001,2023-06,Jun,2023,6,Electronics,Bluetooth Speaker,22.88,1167.95
964823687,877572,72732043,118.08,1,2024-05-07,2024-05-08,Delivered,PayPal,118.08,2024-05,May,2024,5,Electronics,USB-C Hub,46.28,71.8
961531511,876646,71265269,42.92,1,2024-09-25,2024-09-26,Cancelled,Google Pay,42.92,2024-09,Sep,2024,9,Clothing,Cargo Shorts,8.69,34.230000000000004
969761986,877572,32097220,272.76,3,2024-06-29,2024-07-01,Delivered,Credit Card,818.28,2024-06,Jun,2024,6,Electronics,USB-C Hub,46.28,679.4399999999999
744280854,770487,19209801,191.85,5,2023-07-26,2023-07-29,Cancelled,Credit Card,959.25,2023-07,Jul,2023,7,Electronics,Wireless Headphones,27.87,819.9
533897383,126225,17634247,203.15,1,2023-04-26,2023-04-30,Delivered,PayPal,203.15,2023-04,Apr,2023,4,Electronics,Bluetooth Speaker,22.88,180.27
809239039,191161,48163378,86.93,1,2023-08-08,2023-08-10,Processing,Debit Card,86.93,2023-08,Aug,2023,8,Home & Kitchen,Coffee Maker,50.5,36.43000000000001
443152572,126225,38323322,216.3,4,2023-12-25,2023-12-27,Delivered,PayPal,865.2,2023-12,Dec,2023,12,Electronics,Bluetooth Speaker,22.88,773.6800000000001
830955923,126225,19289546,73.86,1,2023-06-17,2023-06-18,Shipped,Apple Pay,73.86,2023-06,Jun,2023,6,Electronics,Bluetooth Speaker,22.88,50.980000000000004
250248163,126225,81286543,72.37,4,2024-06-25,2024-07-01,Shipped,Credit Card,289.48,2024-06,Jun,2024,6,Electronics,Bluetooth Speaker,22.88,197.96000000000004
874471936,216739,79008866,156.6,1,2024-02-15,2024-02-19,Returned,Apple Pay,156.6,2024-02,Feb,2024,2,Electronics,Smart Watch,36.99,119.60999999999999
127332385,719176,70467027,223.68,5,2024-07-03,2024-07-07,Delivered,Debit Card,1118.4,2024-07,Jul,2024,7,Home & Kitchen,Cast Iron Pan,90.67,665.0500000000001
803731001,216739,99774697,84.4,2,2024-02-11,2024-02-18,Shipped,Apple Pay,168.8,2024-02,Feb,2024,2,Electronics,Smart Watch,36.99,94.82000000000001
634050001,877572,34941004,188.28,3,2023-06-25,2023-06-26,Delivered,Apple Pay,564.84,2023-06,Jun,2023,6,Electronics,USB-C Hub,46.28,426.0
417403063,809570,78642041,258.56,3,2023-08-02,2023-08-08,Cancelled,Credit Card,775.6800000000001,2023-08,Aug,2023,8,Clothing,Hoodie,111.42,441.4200000000001
378556835,356787,17901903,91.48,1,2024-09-14,2024-09-19,Delivered,PayPal,91.48,2024-09,Sep,2024,9,Electronics,Mechanical Keyboard,38.72,52.760000000000005
549431487,770487,96098221,85.23,3,2023-01-03,2023-01-08,Delivered,Google Pay,255.69,2023-01,Jan,2023,1,Electronics,Wireless Headphones,27.87,172.07999999999998
534434754,388389,74019136,77.47,4,2024-04-02,2024-04-03,Processing,PayPal,309.88,2024-04,Apr,2024,4,Electronics,Laptop Stand,88.92,-45.80000000000001
516907018,334053,57212267,12.0,2,2023-02-20,2023-02-26,Delivered,Apple Pay,24.0,2023-02,Feb,2023,2,Electronics,Webcam HD,13.0,-2.0
891060070,126225,21496211,77.35,3,2023-12-14,2023-12-19,Cancelled,Credit Card,232.04999999999998,2023-12,Dec,2023,12,Electronics,Bluetooth Speaker,22.88,163.40999999999997
137923492,216739,73993471,141.81,5,2024-03-28,2024-03-30,Shipped,Debit Card,709.05,2024-03,Mar,2024,3,Electronics,Smart Watch,36.99,524.0999999999999
726016935,719176,14164775,17.47,5,2023-07-11,2023-07-16,Delivered,Debit Card,87.35,2023-07,Jul,2023,7,Home & Kitchen,Cast Iron Pan,90.67,-366.0
860283250,770487,23318904,249.65,3,2023-06-11,2023-06-12,Delivered,Apple Pay,748.95,2023-06,Jun,2023,6,Electronics,Wireless Headphones,27.87,665.34
714225883,877572,60885459,266.87,5,2023-02-01,2023-02-02,Delivered,PayPal,1334.35,2023-02,Feb,2023,2,Electronics,USB-C Hub,46.28,1102.9499999999998
976189113,770487,54988206,29.17,4,2023-11-19,2023-11-20,Cancelled,PayPal,116.68,2023-11,Nov,2023,11,Electronics,Wireless Headphones,27.87,5.200000000000003
303919854,191161,17901903,24.21,4,2023-04-01,2023-04-05,Delivered,Google Pay,96.84,2023-04,Apr,2023,4,Home & Kitchen,Coffee Maker,50.5,-105.16
468472812,356787,85017682,274.57,5,2024-08-03,2024-08-07,Shipped,Debit Card,1372.85,2024-08,Aug,2024,8,Electronics,Mechanical Keyboard,38.72,1179.25
880126986,809570,73993471,26.23,5,2023-09-18,2023-09-25,Delivered,PayPal,131.15,2023-09,Sep,2023,9,Clothing,Hoodie,111.42,-425.95000000000005
865974442,770487,43704923,161.14,5,2024-07-09,2024-07-15,Delivered,Credit Card,805.6999999999999,2024-07,Jul,2024,7,Electronics,Wireless Headphones,27.87,666.3499999999999
338760659,216739,27105448,127.98,4,2023-12-10,2023-12-16,Shipped,Apple Pay,511.92,2023-12,Dec,2023,12,Electronics,Smart Watch,36.99,363.96000000000004
836928463,334053,26247735,87.7,4,2023-12-13,2023-12-15,Cancelled,Credit Card,350.8,2023-12,Dec,2023,12,Electronics,Webcam HD,13.0,298.8
674060064,216739,31980274,37.41,4,2023-06-06,2023-06-13,Delivered,PayPal,149.64,2023-06,Jun,2023,6,Electronics,Smart Watch,36.99,1.6799999999999784
785383997,216739,37760841,241.56,2,2024-04-22,2024-04-29,Delivered,Debit Card,483.12,2024-04,Apr,2024,4,Electronics,Smart Watch,36.99,409.14
942776797,126225,23903144,156.38,2,2023-11-09,2023-11-13,Shipped,Apple Pay,312.76,2023-11,Nov,2023,11,Electronics,Bluetooth Speaker,22.88,267.0
610816782,216739,85543051,189.0,3,2023-06-02,2023-06-03,Cancelled,Google Pay,567.0,2023-06,Jun,2023,6,Electronics,Smart Watch,36.99,456.03
821413281,809570,53868501,173.56,4,2023-10-02,2023-10-07,Returned,Debit Card,694.24,2023-10,Oct,2023,10,Clothing,Hoodie,111.42,248.56
484933362,356787,39600202,287.61,5,2023-06-28,2023-07-02,Processing,Debit Card,1438.0500000000002,2023-06,Jun,2023,6,Electronics,Mechanical Keyboard,38.72,1244.4500000000003
644725181,877572,25521714,268.6,1,2024-12-18,2024-12-22,Delivered,PayPal,268.6,2024-12,Dec,2024,12,Electronics,USB-C Hub,46.28,222.32000000000002
422331737,770487,72394301,155.87,4,2023-09-06,2023-09-11,Delivered,Google Pay,623.48,2023-09,Sep,2023,9,Electronics,Wireless Headphones,27.87,512.0
282521788,671858,70465583,164.77,3,2024-01-29,2024-02-01,Delivered,Apple Pay,494.31000000000006,2024-01,Jan,2024,1,Home & Kitchen,Air Fryer,110.01,164.28000000000003
806108387,877572,25492573,230.04,3,2023-11-23,2023-11-29,Delivered,Debit Card,690.12,2023-11,Nov,2023,11,Electronics,USB-C Hub,46.28,551.28
699414278,877572,88055069,58.14,2,2024-04-09,2024-04-13,Shipped,Debit Card,116.28,2024-04,Apr,2024,4,Electronics,USB-C Hub,46.28,23.72
294493146,356787,99639081,100.39,1,2023-08-29,2023-09-05,Shipped,Debit Card,100.39,2023-08,Aug,2023,8,Electronics,Mechanical Keyboard,38.72,61.67
415448230,770487,73771720,81.28,1,2024-03-10,2024-03-12,Delivered,PayPal,81.28,2024-03,Mar,2024,3,Electronics,Wireless Headphones,27.87,53.41
204800493,876646,87337818,210.01,3,2024-01-19,2024-01-23,Cancelled,PayPal,630.03,2024-01,Jan,2024,1,Clothing,Cargo Shorts,8.69,603.9599999999999
605497119,126225,94525678,59.67,5,2023-08-05,2023-08-09,Processing,Apple Pay,298.35,2023-08,Aug,2023,8,Electronics,Bluetooth Speaker,22.88,183.95000000000005
237378973,126225,45650176,19.31,3,2024-01-09,2024-01-13,Delivered,PayPal,57.92999999999999,2024-01,Jan,2024,1,Electronics,Bluetooth Speaker,22.88,-10.710000000000008
895555607,356787,70211891,68.97,3,2024-10-30,2024-11-02,Delivered,Credit Card,206.91,2024-10,Oct,2024,10,Electronics,Mechanical Keyboard,38.72,90.75
377725308,126225,20099059,94.97,5,2024-08-12,2024-08-15,Delivered,Apple Pay,474.85,2024-08,Aug,2024,8,Electronics,Bluetooth Speaker,22.88,360.45000000000005
878663220,770487,34406132,218.38,2,2024-07-21,2024-07-26,Returned,PayPal,436.76,2024-07,Jul,2024,7,Electronics,Wireless Headphones,27.87,381.02
967952618,770487,84411983,190.96,1,2023-03-18,2023-03-20,Shipped,PayPal,190.96,2023-03,Mar,2023,3,Electronics,Wireless Headphones,27.87,163.09
700255667,671858,82232344,201.57,3,2023-06-27,2023-06-30,Delivered,Google Pay,604.71,2023-06,Jun,2023,6,Home & Kitchen,Air Fryer,110.01,274.68
919177195,207473,52587010,137.86,2,2023-06-27,2023-06-30,Delivered,Debit Card,275.72,2023-06,Jun,2023,6,Clothing,Graphic Tee,66.43,142.86
296568144,809570,21631697,118.64,5,2024-06-24,2024-06-28,Returned,Credit Card,593.2,2024-06,Jun,2024,6,Clothing,Hoodie,111.42,36.10000000000002
829835592,770487,68800797,244.75,3,2024-04-20,2024-04-23,Delivered,Credit Card,734.25,2024-04,Apr,2024,4,Electronics,Wireless Headphones,27.87,650.64
460382610,671858,15354599,61.44,2,2024-05-06,2024-05-11,Delivered,PayPal,122.88,2024-05,May,2024,5,Home & Kitchen,Air Fryer,110.01,-97.14000000000001
802693852,246316,25353091,104.03,2,2023-06-25,2023-06-28,Delivered,Credit Card,208.06,2023-06,Jun,2023,6,Clothing,Running Jacket,48.71,110.64
195884955,876646,17869910,294.1,2,2023-09-15,2023-09-19,Cancelled,Apple Pay,588.2,2023-09,Sep,2023,9,Clothing,Cargo Shorts,8.69,570.82
338642889,872246,91424737,69.61,1,2023-06-22,2023-06-25,Returned,Credit Card,69.61,2023-06,Jun,2023,6,Clothing,Denim Jeans,29.09,40.519999999999996
481482646,877572,77187530,223.54,5,2024-03-11,2024-03-15,Shipped,Credit Card,1117.7,2024-03,Mar,2024,3,Electronics,USB-C Hub,46.28,886.3000000000001
339796534,877572,95125977,186.06,2,2024-04-01,2024-04-04,Returned,Credit Card,372.12,2024-04,Apr,2024,4,Electronics,USB-C Hub,46.28,279.56
899089320,872246,75793759,20.71,3,2024-12-17,2024-12-23,Delivered,Apple Pay,62.13,2024-12,Dec,2024,12,Clothing,Denim Jeans,29.09,-25.139999999999993
429730298,216739,30005727,111.49,1,2024-03-24,2024-03-25,Delivered,Credit Card,111.49,2024-03,Mar,2024,3,Electronics,Smart Watch,36.99,74.5
551478978,770487,63826716,130.43,1,2023-07-15,2023-07-16,Delivered,Credit Card,130.43,2023-07,Jul,2023,7,Electronics,Wireless Headphones,27.87,102.56
946205663,126225,65804273,279.21,5,2023-06-19,2023-06-24,Processing,Apple Pay,1396.05,2023-06,Jun,2023,6,Electronics,Bluetooth Speaker,22.88,1281.6499999999999
455749066,671858,27129912,48.75,2,2023-08-21,2023-08-27,Delivered,Google Pay,97.5,2023-08,Aug,2023,8,Home & Kitchen,Air Fryer,110.01,-122.52000000000001
499090969,334053,25015458,168.91,2,2024-12-19,2024-12-24,Delivered,Credit Card,337.82,2024-12,Dec,2024,12,Electronics,Webcam HD,13.0,311.82
379773344,191161,21381064,185.3,4,2024-01-25,2024-01-30,Processing,PayPal,741.2,2024-01,Jan,2024,1,Home & Kitchen,Coffee Maker,50.5,539.2
728751749,770487,75575808,34.58,3,2023-03-11,2023-03-14,Delivered,PayPal,103.74,2023-03,Mar,2023,3,Electronics,Wireless Headphones,27.87,20.129999999999995
415734988,877572,97775215,81.53,5,2024-05-15,2024-05-17,Shipped,Credit Card,407.65,2024-05,May,2024,5,Electronics,USB-C Hub,46.28,176.24999999999997
597959181,876646,89470029,160.45,3,2024-01-13,2024-01-15,Cancelled,Google Pay,481.34999999999997,2024-01,Jan,2024,1,Clothing,Cargo Shorts,8.69,455.28
226466892,876646,67684996,201.3,4,2024-04-12,2024-04-15,Delivered,Apple Pay,805.2,2024-04,Apr,2024,4,Clothing,Cargo Shorts,8.69,770.44
605234798,876646,75181765,76.58,3,2023-06-24,2023-06-29,Delivered,Apple Pay,229.74,2023-06,Jun,2023,6,Clothing,Cargo Shorts,8.69,203.67000000000002
157635190,246316,51098277,165.04,2,2024-09-07,2024-09-13,Shipped,Apple Pay,330.08,2024-09,Sep,2024,9,Clothing,Running Jacket,48.71,232.65999999999997
781178315,126225,18770247,21.69,5,2024-10-02,2024-10-03,Delivered,Google Pay,108.45,2024-10,Oct,2024,10,Electronics,Bluetooth Speaker,22.88,-5.949999999999989
726608478,388389,66581473,11.28,3,2023-04-16,2023-04-19,Returned,Debit Card,33.839999999999996,2023-04,Apr,2023,4,Electronics,Laptop Stand,88.92,-232.92
723106450,216739,87388337,17.36,2,2024-03-20,2024-03-26,Processing,PayPal,34.72,2024-03,Mar,2024,3,Electronics,Smart Watch,36.99,-39.260000000000005
766422911,671858,42862209,289.5,4,2024-09-25,2024-10-01,Cancelled,Credit Card,1158.0,2024-09,Sep,2024,9,Home & Kitchen,Air Fryer,110.01,717.96
176467315,191161,45594597,206.18,4,2024-01-01,2024-01-04,Delivered,Apple Pay,824.72,2024-01,Jan,2024,1,Home & Kitchen,Coffee Maker,50.5,622.72
607042021,356787,19196777,35.68,3,2023-03-31,2023-04-01,Delivered,Apple Pay,107.03999999999999,2023-03,Mar,2023,3,Electronics,Mechanical Keyboard,38.72,-9.120000000000005
308889819,126225,50785405,200.06,1,2023-11-15,2023-11-22,Processing,Credit Card,200.06,2023-11,Nov,2023,11,Electronics,Bluetooth Speaker,22.88,177.18
637383490,719176,15354599,95.07,5,2023-12-20,2023-12-25,Delivered,Google Pay,475.34999999999997,2023-12,Dec,2023,12,Home & Kitchen,Cast Iron Pan,90.67,21.999999999999943
228651382,877572,92613013,55.66,3,2023-09-04,2023-09-07,Cancelled,Debit Card,166.98,2023-09,Sep,2023,9,Electronics,USB-C Hub,46.28,28.139999999999986
830893658,246316,10359129,21.03,4,2024-08-27,2024-08-30,Cancelled,Apple Pay,84.12,2024-08,Aug,2024,8,Clothing,Running Jacket,48.71,-110.72
509814203,719176,64813568,269.84,4,2023-11-27,2023-12-01,Returned,PayPal,1079.36,2023-11,Nov,2023,11,Home & Kitchen,Cast Iron Pan,90.67,716.6799999999998
668909764,872246,30364454,276.93,2,2023-12-28,2024-01-03,Delivered,Credit Card,553.86,2023-12,Dec,2023,12,Clothing,Denim Jeans,29.09,495.68
420357050,126225,88990506,94.22,4,2024-07-18,2024-07-25,Returned,Google Pay,376.88,2024-07,Jul,2024,7,Electronics,Bluetooth Speaker,22.88,285.36
543570539,191161,19510312,243.57,2,2024-11-06,2024-11-10,Returned,Debit Card,487.14,2024-11,Nov,2024,11,Home & Kitchen,Coffee Maker,50.5,386.14
158048598,191161,23318904,190.13,5,2024-10-11,2024-10-13,Cancelled,Apple Pay,950.65,2024-10,Oct,2024,10,Home & Kitchen,Coffee Maker,50.5,698.15
261897130,356787,38609087,153.93,5,2024-10-01,2024-10-05,Processing,Google Pay,769.6500000000001,2024-10,Oct,2024,10,Electronics,Mechanical Keyboard,38.72,576.0500000000001
247494816,216739,84285882,88.06,4,2024-06-13,2024-06-16,Delivered,Credit Card,352.24,2024-06,Jun,2024,6,Electronics,Smart Watch,36.99,204.28
315066828,770487,35511941,33.81,2,2024-08-07,2024-08-13,Delivered,Debit Card,67.62,2024-08,Aug,2024,8,Electronics,Wireless Headphones,27.87,11.880000000000003
467938988,334053,96098221,74.19,5,2024-04-26,2024-04-29,Delivered,Credit Card,370.95,2024-04,Apr,2024,4,Electronics,Webcam HD,13.0,305.95
539366395,876646,40942292,149.79,2,2024-09-14,2024-09-21,Delivered,Debit Card,299.58,2024-09,Sep,2024,9,Clothing,Cargo Shorts,8.69,282.2
711392447,770487,98588154,135.96,2,2023-05-14,2023-05-20,Delivered,PayPal,271.92,2023-05,May,2023,5,Electronics,Wireless Headphones,27.87,216.18
591313587,770487,32097220,239.27,2,2023-01-23,2023-01-27,Delivered,Apple Pay,478.54,2023-01,Jan,2023,1,Electronics,Wireless Headphones,27.87,422.8
253785761,877572,16749089,140.15,5,2024-05-22,2024-05-24,Delivered,Apple Pay,700.75,2024-05,May,2024,5,Electronics,USB-C Hub,46.28,469.35
439714150,216739,42655866,157.19,3,2023-08-12,2023-08-18,Delivered,Google Pay,471.57,2023-08,Aug,2023,8,Electronics,Smart Watch,36.99,360.6
868443155,216739,91424737,68.67,2,2023-02-19,2023-02-21,Delivered,Google Pay,137.34,2023-02,Feb,2023,2,Electronics,Smart Watch,36.99,63.36
293656603,126225,99788677,97.38,4,2024-06-25,2024-07-01,Cancelled,Apple Pay,389.52,2024-06,Jun,2024,6,Electronics,Bluetooth Speaker,22.88,298.0
936381727,770487,35848226,185.41,2,2023-01-17,2023-01-23,Delivered,Debit Card,370.82,2023-01,Jan,2023,1,Electronics,Wireless Headphones,27.87,315.08
186770648,246316,82399599,55.91,1,2023-02-19,2023-02-25,Delivered,Google Pay,55.91,2023-02,Feb,2023,2,Clothing,Running Jacket,48.71,7.199999999999996
623535947,877572,88393811,282.46,4,2024-02-28,2024-03-03,Shipped,Debit Card,1129.84,2024-02,Feb,2024,2,Electronics,USB-C Hub,46.28,944.7199999999999
457158145,191161,64830300,100.22,3,2024-04-12,2024-04-16,Delivered,PayPal,300.65999999999997,2024-04,Apr,2024,4,Home & Kitchen,Coffee Maker,50.5,149.15999999999997
777566277,207473,82160068,42.13,3,2023-09-14,2023-09-19,Returned,PayPal,126.39000000000001,2023-09,Sep,2023,9,Clothing,Graphic Tee,66.43,-72.9
289863614,770487,96728778,120.72,2,2023-02-21,2023-02-23,Processing,PayPal,241.44,2023-02,Feb,2023,2,Electronics,Wireless Headphones,27.87,185.7
436525794,770487,20993268,227.81,2,2024-09-25,2024-10-01,Cancelled,Debit Card,455.62,2024-09,Sep,2024,9,Electronics,Wireless Headphones,27.87,399.88
781288086,877572,19510312,206.82,1,2023-07-30,2023-08-02,Delivered,Google Pay,206.82,2023-07,Jul,2023,7,Electronics,USB-C Hub,46.28,160.54
162291621,770487,46468984,119.18,1,2023-01-24,2023-01-26,Shipped,Debit Card,119.18,2023-01,Jan,2023,1,Electronics,Wireless Headphones,27.87,91.31
105061082,671858,33978249,91.61,1,2024-01-30,2024-02-03,Delivered,Credit Card,91.61,2024-01,Jan,2024,1,Home & Kitchen,Air Fryer,110.01,-18.400000000000006
585388459,876646,71780854,136.71,1,2024-06-03,2024-06-07,Shipped,PayPal,136.71,2024-06,Jun,2024,6,Clothing,Cargo Shorts,8.69,128.02
393698307,872246,65857931,49.37,5,2023-09-19,2023-09-25,Shipped,Debit Card,246.85,2023-09,Sep,2023,9,Clothing,Denim Jeans,29.09,101.4
324822604,126225,66792612,104.88,4,2024-03-23,2024-03-28,Delivered,PayPal,419.52,2024-03,Mar,2024,3,Electronics,Bluetooth Speaker,22.88,328.0
917325063,126225,82772208,241.3,3,2023-08-23,2023-08-29,Processing,Google Pay,723.9000000000001,2023-08,Aug,2023,8,Electronics,Bluetooth Speaker,22.88,655.2600000000001
930584689,877572,73070585,118.52,2,2023-04-25,2023-04-27,Processing,PayPal,237.04,2023-04,Apr,2023,4,Electronics,USB-C Hub,46.28,144.48
281039053,872246,85694715,181.59,5,2024-09-09,2024-09-10,Delivered,Google Pay,907.95,2024-09,Sep,2024,9,Clothing,Denim Jeans,29.09,762.5
718774770,356787,91424737,106.8,5,2024-11-25,2024-12-01,Delivered,Google Pay,534.0,2024-11,Nov,2024,11,Electronics,Mechanical Keyboard,38.72,340.4
920858166,877572,39742165,135.43,3,2023-10-28,2023-10-31,Delivered,Debit Card,406.29,2023-10,Oct,2023,10,Electronics,USB-C Hub,46.28,267.45000000000005
270118413,191161,53507489,290.87,2,2023-09-22,2023-09-23,Delivered,Debit Card,581.74,2023-09,Sep,2023,9,Home & Kitchen,Coffee Maker,50.5,480.74
625679392,719176,93002706,153.69,3,2024-06-22,2024-06-26,Delivered,PayPal,461.07,2024-06,Jun,2024,6,Home & Kitchen,Cast Iron Pan,90.67,189.06
943113786,246316,12823170,146.27,4,2024-05-29,2024-06-03,Processing,PayPal,585.08,2024-05,May,2024,5,Clothing,Running Jacket,48.71,390.24
919876144,126225,50392808,227.09,5,2024-04-07,2024-04-08,Cancelled,Debit Card,1135.45,2024-04,Apr,2024,4,Electronics,Bluetooth Speaker,22.88,1021.0500000000001
937252824,334053,31079846,272.06,2,2024-10-19,2024-10-22,Processing,Credit Card,544.12,2024-10,Oct,2024,10,Electronics,Webcam HD,13.0,518.12
194533678,770487,39920292,143.8,1,2024-11-13,2024-11-14,Returned,Apple Pay,143.8,2024-11,Nov,2024,11,Electronics,Wireless Headphones,27.87,115.93
238948590,877572,19289546,40.69,1,2024-11-20,2024-11-22,Delivered,PayPal,40.69,2024-11,Nov,2024,11,Electronics,USB-C Hub,46.28,-5.590000000000003
759792599,770487,56600900,242.54,1,2024-09-24,2024-09-26,Shipped,PayPal,242.54,2024-09,Sep,2024,9,Electronics,Wireless Headphones,27.87,214.67
565694083,356787,86460539,93.68,2,2024-05-14,2024-05-17,Cancelled,Google Pay,187.36,2024-05,May,2024,5,Electronics,Mechanical Keyboard,38.72,109.92000000000002
780202067,876646,19736572,172.84,4,2023-05-09,2023-05-16,Shipped,Google Pay,691.36,2023-05,May,2023,5,Clothing,Cargo Shorts,8.69,656.6
561075177,356787,93638503,132.63,4,2024-11-27,2024-11-28,Processing,Google Pay,530.52,2024-11,Nov,2024,11,Electronics,Mechanical Keyboard,38.72,375.64
533140455,877572,18135295,115.78,4,2024-12-10,2024-12-13,Cancelled,Apple Pay,463.12,2024-12,Dec,2024,12,Electronics,USB-C Hub,46.28,278.0
560662565,216739,65625330,268.52,1,2024-07-27,2024-08-01,Processing,Debit Card,268.52,2024-07,Jul,2024,7,Electronics,Smart Watch,36.99,231.52999999999997
612604642,334053,91178885,128.12,1,2024-02-02,2024-02-05,Delivered,Google Pay,128.12,2024-02,Feb,2024,2,Electronics,Webcam HD,13.0,115.12
511582876,770487,50569669,260.44,1,2024-02-28,2024-02-29,Delivered,Debit Card,260.44,2024-02,Feb,2024,2,Electronics,Wireless Headphones,27.87,232.57
105013454,216739,85863473,272.82,1,2023-05-15,2023-05-18,Processing,Debit Card,272.82,2023-05,May,2023,5,Electronics,Smart Watch,36.99,235.82999999999998
140507249,877572,18593410,33.63,2,2024-08-30,2024-09-01,Cancelled,Apple Pay,67.26,2024-08,Aug,2024,8,Electronics,USB-C Hub,46.28,-25.299999999999997
673144707,719176,40291214,253.45,4,2023-11-16,2023-11-21,Processing,Apple Pay,1013.8,2023-11,Nov,2023,11,Home & Kitchen,Cast Iron Pan,90.67,651.1199999999999
314119421,877572,87669750,185.88,4,2024-06-03,2024-06-09,Cancelled,Debit Card,743.52,2024-06,Jun,2024,6,Electronics,USB-C Hub,46.28,558.4
884539206,216739,80993218,56.98,1,2023-03-01,2023-03-04,Delivered,Debit Card,56.98,2023-03,Mar,2023,3,Electronics,Smart Watch,36.99,19.989999999999995
500614581,334053,21003626,110.78,5,2023-07-04,2023-07-11,Cancelled,Credit Card,553.9,2023-07,Jul,2023,7,Electronics,Webcam HD,13.0,488.9
115115189,216739,96028436,149.97,4,2023-05-04,2023-05-06,Processing,Credit Card,599.88,2023-05,May,2023,5,Electronics,Smart Watch,36.99,451.91999999999996
445973716,216739,71510041,185.71,5,2023-04-21,2023-04-28,Returned,Google Pay,928.5500000000001,2023-04,Apr,2023,4,Electronics,Smart Watch,36.99,743.6
912659064,191161,52910691,14.91,5,2024-11-29,2024-12-05,Delivered,PayPal,74.55,2024-11,Nov,2024,11,Home & Kitchen,Coffee Maker,50.5,-177.95
994672466,877572,96028436,53.46,2,2024-03-06,2024-03-13,Delivered,Apple Pay,106.92,2024-03,Mar,2024,3,Electronics,USB-C Hub,46.28,14.36
670193187,877572,23419256,112.3,4,2024-10-18,2024-10-24,Delivered,Apple Pay,449.2,2024-10,Oct,2024,10,Electronics,USB-C Hub,46.28,264.08
304630191,207473,31130263,99.71,1,2024-09-14,2024-09-19,Delivered,PayPal,99.71,2024-09,Sep,2024,9,Clothing,Graphic Tee,66.43,33.27999999999999
119237294,770487,48250360,68.93,2,2023-06-13,2023-06-17,Returned,Debit Card,137.86,2023-06,Jun,2023,6,Electronics,Wireless Headphones,27.87,82.12
826652789,388389,41568532,98.33,4,2024-12-27,2024-12-31,Delivered,PayPal,393.32,2024-12,Dec,2024,12,Electronics,Laptop Stand,88.92,37.639999999999986
104427929,126225,99038526,129.81,1,2023-12-16,2023-12-23,Processing,Google Pay,129.81,2023-12,Dec,2023,12,Electronics,Bluetooth Speaker,22.88,106.93
772899961,876646,77187530,292.91,1,2023-09-06,2023-09-13,Cancelled,Apple Pay,292.91,2023-09,Sep,2023,9,Clothing,Cargo Shorts,8.69,284.22
887700486,191161,49209916,156.61,4,2024-08-19,2024-08-22,Delivered,Credit Card,626.44,2024-08,Aug,2024,8,Home & Kitchen,Coffee Maker,50.5,424.44000000000005
367171793,770487,48163378,200.19,2,2023-04-16,2023-04-17,Processing,Credit Card,400.38,2023-04,Apr,2023,4,Electronics,Wireless Headphones,27.87,344.64
342950952,246316,71705170,282.37,4,2023-01-31,2023-02-07,Shipped,Apple Pay,1129.48,2023-01,Jan,2023,1,Clothing,Running Jacket,48.71,934.64
844666527,126225,72535301,31.34,2,2023-06-29,2023-07-04,Delivered,Apple Pay,62.68,2023-06,Jun,2023,6,Electronics,Bluetooth Speaker,22.88,16.92
469742752,126225,68571795,68.29,4,2023-01-11,2023-01-13,Processing,Credit Card,273.16,2023-01,Jan,2023,1,Electronics,Bluetooth Speaker,22.88,181.64000000000004
435106513,126225,75579548,114.75,3,2023-08-19,2023-08-23,Cancelled,Debit Card,344.25,2023-08,Aug,2023,8,Electronics,Bluetooth Speaker,22.88,275.61
238438399,809570,51098277,216.03,3,2023-07-25,2023-07-27,Delivered,Apple Pay,648.09,2023-07,Jul,2023,7,Clothing,Hoodie,111.42,313.83000000000004
210282113,877572,22660194,109.26,2,2024-08-19,2024-08-25,Delivered,PayPal,218.52,2024-08,Aug,2024,8,Electronics,USB-C Hub,46.28,125.96000000000001
511834185,334053,26941092,239.0,2,2023-03-05,2023-03-09,Cancelled,Apple Pay,478.0,2023-03,Mar,2023,3,Electronics,Webcam HD,13.0,452.0
640453426,126225,16990811,155.13,2,2024-09-10,2024-09-11,Returned,Google Pay,310.26,2024-09,Sep,2024,9,Electronics,Bluetooth Speaker,22.88,264.5
732080338,216739,96028436,105.11,3,2024-12-31,2025-01-01,Processing,Apple Pay,315.33,2024-12,Dec,2024,12,Electronics,Smart Watch,36.99,204.35999999999999
428688580,246316,14835614,81.36,1,2024-08-11,2024-08-12,Shipped,PayPal,81.36,2024-08,Aug,2024,8,Clothing,Running Jacket,48.71,32.65
279336562,246316,10226999,271.64,2,2023-05-21,2023-05-26,Delivered,Apple Pay,543.28,2023-05,May,2023,5,Clothing,Running Jacket,48.71,445.85999999999996
170101400,216739,49491631,87.97,5,2023-12-02,2023-12-08,Cancelled,Credit Card,439.85,2023-12,Dec,2023,12,Electronics,Smart Watch,36.99,254.9
984595578,719176,11980765,172.94,3,2024-07-30,2024-08-02,Processing,PayPal,518.8199999999999,2024-07,Jul,2024,7,Home & Kitchen,Cast Iron Pan,90.67,246.80999999999995
149089708,877572,88990506,258.92,4,2023-09-20,2023-09-26,Shipped,Apple Pay,1035.68,2023-09,Sep,2023,9,Electronics,USB-C Hub,46.28,850.5600000000001
420192227,216739,56970882,136.7,3,2024-07-02,2024-07-09,Delivered,Credit Card,410.09999999999997,2024-07,Jul,2024,7,Electronics,Smart Watch,36.99,299.13
412273967,876646,27758595,182.35,4,2024-12-15,2024-12-18,Cancelled,Apple Pay,729.4,2024-12,Dec,2024,12,Clothing,Cargo Shorts,8.69,694.64
589547144,216739,32520277,292.15,3,2024-12-14,2024-12-20,Returned,Google Pay,876.4499999999999,2024-12,Dec,2024,12,Electronics,Smart Watch,36.99,765.4799999999999
881503560,770487,81979055,92.58,2,2024-08-16,2024-08-23,Cancelled,Apple Pay,185.16,2024-08,Aug,2024,8,Electronics,Wireless Headphones,27.87,129.42
658655427,770487,17270733,104.87,2,2024-07-29,2024-08-05,Shipped,Credit Card,209.74,2024-07,Jul,2024,7,Electronics,Wireless Headphones,27.87,154.0
740347321,876646,47346970,49.38,2,2023-02-12,2023-02-16,Delivered,Debit Card,98.76,2023-02,Feb,2023,2,Clothing,Cargo Shorts,8.69,81.38000000000001
662767039,719176,19233013,39.05,1,2024-07-17,2024-07-22,Delivered,Credit Card,39.05,2024-07,Jul,2024,7,Home & Kitchen,Cast Iron Pan,90.67,-51.620000000000005
462747729,671858,42949803,257.19,4,2024-03-13,2024-03-17,Delivered,Apple Pay,1028.76,2024-03,Mar,2024,3,Home & Kitchen,Air Fryer,110.01,588.72
565644493,126225,71367643,74.82,3,2024-10-24,2024-10-28,Processing,Debit Card,224.45999999999998,2024-10,Oct,2024,10,Electronics,Bluetooth Speaker,22.88,155.82
837424573,877572,37760841,195.76,5,2023-01-01,2023-01-05,Cancelled,Credit Card,978.8,2023-01,Jan,2023,1,Electronics,USB-C Hub,46.28,747.4
243655310,356787,25480907,93.22,2,2024-05-17,2024-05-24,Processing,Apple Pay,186.44,2024-05,May,2024,5,Electronics,Mechanical Keyboard,38.72,109.0
468006578,246316,47463522,247.41,2,2023-09-24,2023-09-28,Processing,Debit Card,494.82,2023-09,Sep,2023,9,Clothing,Running Jacket,48.71,397.4
626325353,770487,98787891,296.43,5,2023-12-16,2023-12-19,Cancelled,Google Pay,1482.15,2023-12,Dec,2023,12,Electronics,Wireless Headphones,27.87,1342.8000000000002
485742696,246316,56020613,228.96,5,2024-11-07,2024-11-08,Processing,Apple Pay,1144.8,2024-11,Nov,2024,11,Clothing,Running Jacket,48.71,901.25
905430477,216739,15134794,49.6,5,2023-08-06,2023-08-07,Returned,Debit Card,248.0,2023-08,Aug,2023,8,Electronics,Smart Watch,36.99,63.04999999999998
302320914,334053,76354180,88.91,4,2023-05-11,2023-05-14,Returned,Google Pay,355.64,2023-05,May,2023,5,Electronics,Webcam HD,13.0,303.64
277042316,770487,32520277,25.0,1,2023-12-02,2023-12-07,Returned,Credit Card,25.0,2023-12,Dec,2023,12,Electronics,Wireless Headphones,27.87,-2.870000000000001
971887294,770487,47393469,145.38,1,2024-09-14,2024-09-21,Delivered,Credit Card,145.38,2024-09,Sep,2024,9,Electronics,Wireless Headphones,27.87,117.50999999999999
533138485,216739,70900658,140.71,5,2023-02-26,2023-02-27,Processing,PayPal,703.5500000000001,2023-02,Feb,2023,2,Electronics,Smart Watch,36.99,518.6
120535029,216739,53622663,153.87,2,2023-11-13,2023-11-19,Returned,Apple Pay,307.74,2023-11,Nov,2023,11,Electronics,Smart Watch,36.99,233.76
345262270,671858,87282128,170.79,3,2024-10-13,2024-10-14,Delivered,Debit Card,512.37,2024-10,Oct,2024,10,Home & Kitchen,Air Fryer,110.01,182.33999999999997
340863230,216739,47463522,154.36,5,2024-08-12,2024-08-16,Delivered,Debit Card,771.8000000000001,2024-08,Aug,2024,8,Electronics,Smart Watch,36.99,586.85
880791577,770487,58884978,280.42,5,2023-10-28,2023-10-30,Cancelled,PayPal,1402.1000000000001,2023-10,Oct,2023,10,Electronics,Wireless Headphones,27.87,1262.7500000000002
240881133,809570,64193837,29.64,1,2024-01-03,2024-01-09,Processing,Credit Card,29.64,2024-01,Jan,2024,1,Clothing,Hoodie,111.42,-81.78
326763783,877572,58612055,226.91,5,2023-11-04,2023-11-11,Delivered,Debit Card,1134.55,2023-11,Nov,2023,11,Electronics,USB-C Hub,46.28,903.15
888208775,809570,70597444,173.76,5,2023-07-05,2023-07-08,Processing,Google Pay,868.8,2023-07,Jul,2023,7,Clothing,Hoodie,111.42,311.69999999999993
123529192,770487,50181935,171.76,4,2023-05-23,2023-05-25,Cancelled,Apple Pay,687.04,2023-05,May,2023,5,Electronics,Wireless Headphones,27.87,575.56
733177858,877572,17774584,251.09,5,2024-10-09,2024-10-13,Processing,PayPal,1255.45,2024-10,Oct,2024,10,Electronics,USB-C Hub,46.28,1024.05
641846158,719176,84346088,285.2,3,2023-07-26,2023-08-02,Delivered,Debit Card,855.5999999999999,2023-07,Jul,2023,7,Home & Kitchen,Cast Iron Pan,90.67,583.5899999999999
281445989,207473,30244148,164.78,3,2024-07-17,2024-07-19,Delivered,Debit Card,494.34000000000003,2024-07,Jul,2024,7,Clothing,Graphic Tee,66.43,295.05
232244172,770487,72732043,79.25,5,2023-07-21,2023-07-25,Cancelled,Debit Card,396.25,2023-07,Jul,2023,7,Electronics,Wireless Headphones,27.87,256.9
493624575,809570,74988034,12.46,4,2024-04-03,2024-04-09,Returned,Apple Pay,49.84,2024-04,Apr,2024,4,Clothing,Hoodie,111.42,-395.84000000000003
863548641,877572,96028436,110.98,3,2024-04-28,2024-04-29,Processing,Credit Card,332.94,2024-04,Apr,2024,4,Electronics,USB-C Hub,46.28,194.1
798512415,216739,97775215,245.68,5,2023-04-18,2023-04-19,Shipped,Credit Card,1228.4,2023-04,Apr,2023,4,Electronics,Smart Watch,36.99,1043.45
950540063,356787,31361812,141.16,1,2024-02-20,2024-02-27,Processing,Debit Card,141.16,2024-02,Feb,2024,2,Electronics,Mechanical Keyboard,38.72,102.44
140118673,876646,84285882,185.95,1,2024-07-26,2024-07-31,Returned,Debit Card,185.95,2024-07,Jul,2024,7,Clothing,Cargo Shorts,8.69,177.26
502859804,770487,71028710,243.1,3,2024-03-30,2024-04-02,Delivered,PayPal,729.3,2024-03,Mar,2024,3,Electronics,Wireless Headphones,27.87,645.6899999999999
787539531,872246,88339168,252.42,2,2023-09-01,2023-09-07,Shipped,Credit Card,504.84,2023-09,Sep,2023,9,Clothing,Denim Jeans,29.09,446.65999999999997
374651533,334053,38408562,182.43,2,2024-05-08,2024-05-09,Delivered,Google Pay,364.86,2024-05,May,2024,5,Electronics,Webcam HD,13.0,338.86
928123020,246316,64193837,109.06,4,2024-01-23,2024-01-26,Delivered,Debit Card,436.24,2024-01,Jan,2024,1,Clothing,Running Jacket,48.71,241.4
674165650,719176,36619372,284.92,3,2024-02-29,2024-03-04,Delivered,PayPal,854.76,2024-02,Feb,2024,2,Home & Kitchen,Cast Iron Pan,90.67,582.75
769085879,126225,64830300,138.58,3,2023-07-01,2023-07-04,Returned,PayPal,415.74,2023-07,Jul,2023,7,Electronics,Bluetooth Speaker,22.88,347.1
152169850,809570,98986321,295.09,3,2024-06-28,2024-06-30,Delivered,Apple Pay,885.27,2024-06,Jun,2024,6,Clothing,Hoodie,111.42,551.01
737721108,809570,30534124,215.08,5,2024-08-10,2024-08-11,Delivered,Credit Card,1075.4,2024-08,Aug,2024,8,Clothing,Hoodie,111.42,518.3000000000001
151497057,671858,55540424,135.5,2,2023-11-19,2023-11-25,Returned,Debit Card,271.0,2023-11,Nov,2023,11,Home & Kitchen,Air Fryer,110.01,50.97999999999999
810784787,872246,10965138,134.06,4,2023-11-24,2023-11-28,Shipped,Credit Card,536.24,2023-11,Nov,2023,11,Clothing,Denim Jeans,29.09,419.88
216085930,877572,91823275,291.45,5,2024-06-28,2024-06-29,Delivered,Google Pay,1457.25,2024-06,Jun,2024,6,Electronics,USB-C Hub,46.28,1225.85
801762883,770487,50477742,135.83,1,2023-08-17,2023-08-20,Delivered,Apple Pay,135.83,2023-08,Aug,2023,8,Electronics,Wireless Headphones,27.87,107.96000000000001
997777024,356787,33607110,277.29,3,2023-02-22,2023-02-24,Cancelled,PayPal,831.8700000000001,2023-02,Feb,2023,2,Electronics,Mechanical Keyboard,38.72,715.7100000000002
121197567,216739,23419256,53.7,3,2024-07-07,2024-07-12,Processing,PayPal,161.10000000000002,2024-07,Jul,2024,7,Electronics,Smart Watch,36.99,50.130000000000024
151791998,126225,44788100,32.36,3,2023-02-24,2023-02-27,Cancelled,Apple Pay,97.08,2023-02,Feb,2023,2,Electronics,Bluetooth Speaker,22.88,28.439999999999998
840613153,191161,90014570,65.78,5,2023-05-17,2023-05-21,Delivered,Debit Card,328.9,2023-05,May,2023,5,Home & Kitchen,Coffee Maker,50.5,76.39999999999998
224328383,126225,35848226,35.71,1,2023-05-29,2023-06-02,Cancelled,Google Pay,35.71,2023-05,May,2023,5,Electronics,Bluetooth Speaker,22.88,12.830000000000002
547509357,876646,47945817,279.6,5,2023-06-14,2023-06-20,Cancelled,Apple Pay,1398.0,2023-06,Jun,2023,6,Clothing,Cargo Shorts,8.69,1354.55
577078832,207473,91378577,131.2,2,2023-09-14,2023-09-18,Delivered,Apple Pay,262.4,2023-09,Sep,2023,9,Clothing,Graphic Tee,66.43,129.53999999999996
508294370,126225,75876924,172.47,4,2023-10-13,2023-10-17,Returned,Debit Card,689.88,2023-10,Oct,2023,10,Electronics,Bluetooth Speaker,22.88,598.36
232709191,334053,87669750,240.98,2,2023-07-13,2023-07-14,Delivered,Google Pay,481.96,2023-07,Jul,2023,7,Electronics,Webcam HD,13.0,455.96
687639985,216739,17318358,158.01,1,2023-08-17,2023-08-19,Returned,Apple Pay,158.01,2023-08,Aug,2023,8,Electronics,Smart Watch,36.99,121.01999999999998
371375678,126225,43311626,114.54,3,2023-04-08,2023-04-13,Delivered,PayPal,343.62,2023-04,Apr,2023,4,Electronics,Bluetooth Speaker,22.88,274.98
609379184,216739,72394301,166.23,5,2023-06-18,2023-06-21,Delivered,Credit Card,831.15,2023-06,Jun,2023,6,Electronics,Smart Watch,36.99,646.1999999999999
853625262,388389,80823176,126.67,1,2023-08-26,2023-08-29,Delivered,Debit Card,126.67,2023-08,Aug,2023,8,Electronics,Laptop Stand,88.92,37.75
264418972,877572,37415205,97.79,5,2023-12-01,2023-12-07,Delivered,PayPal,488.95000000000005,2023-12,Dec,2023,12,Electronics,USB-C Hub,46.28,257.55000000000007
320648482,246316,45520201,114.47,1,2024-07-13,2024-07-17,Shipped,Google Pay,114.47,2024-07,Jul,2024,7,Clothing,Running Jacket,48.71,65.75999999999999
846456758,207473,12314351,66.45,3,2023-05-23,2023-05-24,Delivered,Google Pay,199.35000000000002,2023-05,May,2023,5,Clothing,Graphic Tee,66.43,0.060000000000002274
836307746,877572,43859311,94.72,2,2023-11-18,2023-11-22,Delivered,Apple Pay,189.44,2023-11,Nov,2023,11,Electronics,USB-C Hub,46.28,96.88
776791654,216739,77898694,59.29,3,2023-01-21,2023-01-26,Processing,Apple Pay,177.87,2023-01,Jan,2023,1,Electronics,Smart Watch,36.99,66.9
109990686,126225,96691619,124.56,2,2024-10-17,2024-10-20,Shipped,Debit Card,249.12,2024-10,Oct,2024,10,Electronics,Bluetooth Speaker,22.88,203.36
423321334,216739,24282218,122.35,1,2024-07-21,2024-07-24,Shipped,Debit Card,122.35,2024-07,Jul,2024,7,Electronics,Smart Watch,36.99,85.35999999999999
551907286,216739,13619375,283.95,4,2023-01-15,2023-01-17,Delivered,Google Pay,1135.8,2023-01,Jan,2023,1,Electronics,Smart Watch,36.99,987.8399999999999
810456933,770487,57469942,91.56,1,2024-11-14,2024-11-18,Cancelled,Credit Card,91.56,2024-11,Nov,2024,11,Electronics,Wireless Headphones,27.87,63.69
208426285,334053,38270233,199.07,2,2023-09-18,2023-09-25,Returned,Credit Card,398.14,2023-09,Sep,2023,9,Electronics,Webcam HD,13.0,372.14
811335671,877572,68800797,38.39,4,2024-12-31,2025-01-06,Delivered,Apple Pay,153.56,2024-12,Dec,2024,12,Electronics,USB-C Hub,46.28,-31.560000000000002
658677789,216739,71968116,252.74,3,2023-10-08,2023-10-11,Delivered,PayPal,758.22,2023-10,Oct,2023,10,Electronics,Smart Watch,36.99,647.25
389885759,126225,95585469,285.87,2,2024-09-22,2024-09-29,Delivered,Google Pay,571.74,2024-09,Sep,2024,9,Electronics,Bluetooth Speaker,22.88,525.98
768724016,770487,57623800,100.53,4,2023-01-02,2023-01-07,Delivered,Credit Card,402.12,2023-01,Jan,2023,1,Electronics,Wireless Headphones,27.87,290.64
750294914,334053,70939053,22.68,1,2024-02-29,2024-03-06,Delivered,Apple Pay,22.68,2024-02,Feb,2024,2,Electronics,Webcam HD,13.0,9.68
852399189,877572,59737181,40.12,3,2023-01-19,2023-01-25,Processing,PayPal,120.35999999999999,2023-01,Jan,2023,1,Electronics,USB-C Hub,46.28,-18.480000000000018
247278210,877572,57623800,273.6,4,2024-10-01,2024-10-02,Returned,Debit Card,1094.4,2024-10,Oct,2024,10,Electronics,USB-C Hub,46.28,909.2800000000001
549710722,770487,60185867,191.67,5,2024-03-02,2024-03-06,Processing,PayPal,958.3499999999999,2024-03,Mar,2024,3,Electronics,Wireless Headphones,27.87,818.9999999999999
991906567,356787,50603163,134.86,1,2023-06-01,2023-06-02,Returned,Debit Card,134.86,2023-06,Jun,2023,6,Electronics,Mechanical Keyboard,38.72,96.14000000000001
212650803,719176,35487660,162.19,2,2023-08-05,2023-08-12,Delivered,PayPal,324.38,2023-08,Aug,2023,8,Home & Kitchen,Cast Iron Pan,90.67,143.04
649309976,770487,69038700,29.61,1,2023-03-20,2023-03-27,Cancelled,Apple Pay,29.61,2023-03,Mar,2023,3,Electronics,Wireless Headphones,27.87,1.7399999999999984
871769353,126225,60185867,201.74,1,2023-06-22,2023-06-24,Delivered,Credit Card,201.74,2023-06,Jun,2023,6,Electronics,Bluetooth Speaker,22.88,178.86
763248135,191161,77750178,166.85,2,2023-04-07,2023-04-10,Delivered,Debit Card,333.7,2023-04,Apr,2023,4,Home & Kitchen,Coffee Maker,50.5,232.7
226416530,770487,54769200,230.49,3,2024-04-11,2024-04-16,Delivered,Credit Card,691.47,2024-04,Apr,2024,4,Electronics,Wireless Headphones,27.87,607.86
403554082,126225,93394260,94.87,5,2024-12-12,2024-12-14,Delivered,Debit Card,474.35,2024-12,Dec,2024,12,Electronics,Bluetooth Speaker,22.88,359.95000000000005
222420042,770487,89795010,271.13,1,2024-06-03,2024-06-09,Delivered,Debit Card,271.13,2024-06,Jun,2024,6,Electronics,Wireless Headphones,27.87,243.26
942629710,770487,81922443,42.08,4,2023-12-29,2023-12-31,Returned,Apple Pay,168.32,2023-12,Dec,2023,12,Electronics,Wireless Headphones,27.87,56.83999999999999
214099789,216739,36096655,58.2,1,2024-09-13,2024-09-17,Returned,PayPal,58.2,2024-09,Sep,2024,9,Electronics,Smart Watch,36.99,21.21
634443249,216739,74251933,227.44,5,2023-05-20,2023-05-23,Delivered,Debit Card,1137.2,2023-05,May,2023,5,Electronics,Smart Watch,36.99,952.25
313295228,719176,91178885,247.31,2,2023-02-25,2023-02-27,Delivered,Credit Card,494.62,2023-02,Feb,2023,2,Home & Kitchen,Cast Iron Pan,90.67,313.28
753910715,876646,12621534,125.25,2,2023-09-14,2023-09-19,Returned,Debit Card,250.5,2023-09,Sep,2023,9,Clothing,Cargo Shorts,8.69,233.12
314479266,126225,65259205,274.64,2,2023-02-18,2023-02-25,Shipped,Apple Pay,549.28,2023-02,Feb,2023,2,Electronics,Bluetooth Speaker,22.88,503.52
935327024,126225,39219319,113.34,5,2024-07-29,2024-08-05,Delivered,Debit Card,566.7,2024-07,Jul,2024,7,Electronics,Bluetooth Speaker,22.88,452.30000000000007
382387564,877572,28213276,83.84,1,2024-02-25,2024-03-02,Delivered,Google Pay,83.84,2024-02,Feb,2024,2,Electronics,USB-C Hub,46.28,37.56
992815061,334053,16789850,23.56,3,2024-08-27,2024-09-02,Returned,Credit Card,70.67999999999999,2024-08,Aug,2024,8,Electronics,Webcam HD,13.0,31.679999999999993
661723850,356787,38323322,158.23,4,2023-10-06,2023-10-12,Cancelled,Credit Card,632.92,2023-10,Oct,2023,10,Electronics,Mechanical Keyboard,38.72,478.03999999999996
316544937,356787,54058573,46.31,2,2023-05-01,2023-05-06,Shipped,Apple Pay,92.62,2023-05,May,2023,5,Electronics,Mechanical Keyboard,38.72,15.180000000000007
484315640,770487,37760841,84.57,5,2023-09-17,2023-09-20,Cancelled,Debit Card,422.84999999999997,2023-09,Sep,2023,9,Electronics,Wireless Headphones,27.87,283.5
855309458,770487,41039390,282.49,1,2023-05-08,2023-05-12,Delivered,Debit Card,282.49,2023-05,May,2023,5,Electronics,Wireless Headphones,27.87,254.62
539972403,877572,60882459,209.45,5,2024-11-26,2024-12-01,Shipped,PayPal,1047.25,2024-11,Nov,2024,11,Electronics,USB-C Hub,46.28,815.85
417130941,809570,38323322,95.18,3,2023-08-02,2023-08-06,Processing,Apple Pay,285.54,2023-08,Aug,2023,8,Clothing,Hoodie,111.42,-48.71999999999997
272199842,770487,69401199,124.18,1,2023-05-19,2023-05-21,Returned,PayPal,124.18,2023-05,May,2023,5,Electronics,Wireless Headphones,27.87,96.31
142311558,191161,30244148,52.9,5,2023-09-27,2023-09-28,Delivered,Google Pay,264.5,2023-09,Sep,2023,9,Home & Kitchen,Coffee Maker,50.5,12.0
688559516,216739,46632757,113.11,2,2024-10-16,2024-10-18,Returned,Google Pay,226.22,2024-10,Oct,2024,10,Electronics,Smart Watch,36.99,152.24
632956813,809570,99682738,98.77,5,2023-10-16,2023-10-17,Delivered,PayPal,493.84999999999997,2023-10,Oct,2023,10,Clothing,Hoodie,111.42,-63.25000000000006
323009714,216739,74606833,234.49,3,2024-02-10,2024-02-15,Shipped,Apple Pay,703.47,2024-02,Feb,2024,2,Electronics,Smart Watch,36.99,592.5
838953322,877572,61536717,284.66,1,2024-07-28,2024-07-31,Delivered,Credit Card,284.66,2024-07,Jul,2024,7,Electronics,USB-C Hub,46.28,238.38000000000002
616108982,877572,28213276,101.37,3,2023-03-13,2023-03-17,Returned,Google Pay,304.11,2023-03,Mar,2023,3,Electronics,USB-C Hub,46.28,165.27
454982932,216739,87267850,55.44,5,2024-01-30,2024-02-02,Delivered,Google Pay,277.2,2024-01,Jan,2024,1,Electronics,Smart Watch,36.99,92.24999999999997
351798116,126225,56020613,49.33,4,2024-09-05,2024-09-08,Delivered,Google Pay,197.32,2024-09,Sep,2024,9,Electronics,Bluetooth Speaker,22.88,105.8
102939907,809570,10226999,184.02,5,2023-07-12,2023-07-14,Returned,Apple Pay,920.1,2023-07,Jul,2023,7,Clothing,Hoodie,111.42,363.0
113689561,770487,73440831,189.62,5,2023-03-28,2023-03-31,Shipped,PayPal,948.1,2023-03,Mar,2023,3,Electronics,Wireless Headphones,27.87,808.75
821160591,246316,29876811,204.86,4,2024-05-16,2024-05-18,Returned,Apple Pay,819.44,2024-05,May,2024,5,Clothing,Running Jacket,48.71,624.6
195566069,770487,63238057,164.85,5,2024-03-03,2024-03-07,Delivered,PayPal,824.25,2024-03,Mar,2024,3,Electronics,Wireless Headphones,27.87,684.9
218574293,191161,68571795,284.27,2,2024-08-11,2024-08-15,Processing,Apple Pay,568.54,2024-08,Aug,2024,8,Home & Kitchen,Coffee Maker,50.5,467.53999999999996
996823706,216739,12614124,234.25,3,2024-11-10,2024-11-12,Delivered,PayPal,702.75,2024-11,Nov,2024,11,Electronics,Smart Watch,36.99,591.78
716491837,877572,16990811,277.52,5,2024-08-17,2024-08-18,Returned,Credit Card,1387.6,2024-08,Aug,2024,8,Electronics,USB-C Hub,46.28,1156.1999999999998
818356830,388389,95613415,290.24,3,2024-11-21,2024-11-25,Shipped,Google Pay,870.72,2024-11,Nov,2024,11,Electronics,Laptop Stand,88.92,603.96
630540166,216739,12614124,216.88,2,2024-04-30,2024-05-07,Returned,Credit Card,433.76,2024-04,Apr,2024,4,Electronics,Smart Watch,36.99,359.78
260142678,719176,99115205,201.9,1,2024-06-02,2024-06-06,Cancelled,Apple Pay,201.9,2024-06,Jun,2024,6,Home & Kitchen,Cast Iron Pan,90.67,111.23
196725534,719176,67854710,156.82,2,2024-02-01,2024-02-04,Delivered,Apple Pay,313.64,2024-02,Feb,2024,2,Home & Kitchen,Cast Iron Pan,90.67,132.29999999999998
937009907,770487,28814949,166.02,3,2023-02-02,2023-02-05,Shipped,Google Pay,498.06000000000006,2023-02,Feb,2023,2,Electronics,Wireless Headphones,27.87,414.45000000000005
649439435,719176,73709724,121.65,4,2023-04-24,2023-04-26,Cancelled,Debit Card,486.6,2023-04,Apr,2023,4,Home & Kitchen,Cast Iron Pan,90.67,123.92000000000002
180582403,872246,30452412,233.35,1,2023-05-28,2023-06-04,Delivered,Apple Pay,233.35,2023-05,May,2023,5,Clothing,Denim Jeans,29.09,204.26
876920515,671858,11362459,116.43,2,2024-06-30,2024-07-05,Delivered,Google Pay,232.86,2024-06,Jun,2024,6,Home & Kitchen,Air Fryer,110.01,12.840000000000003
876934082,809570,91917334,195.06,3,2024-02-19,2024-02-20,Delivered,PayPal,585.1800000000001,2024-02,Feb,2024,2,Clothing,Hoodie,111.42,250.92000000000007
208759822,809570,89160218,66.05,2,2023-12-09,2023-12-12,Delivered,PayPal,132.1,2023-12,Dec,2023,12,Clothing,Hoodie,111.42,-90.74000000000001
374762050,877572,87265240,163.58,3,2023-07-28,2023-07-29,Processing,Apple Pay,490.74,2023-07,Jul,2023,7,Electronics,USB-C Hub,46.28,351.9
791851361,770487,71265269,84.07,5,2024-09-29,2024-10-06,Cancelled,Credit Card,420.34999999999997,2024-09,Sep,2024,9,Electronics,Wireless Headphones,27.87,281.0
348206466,388389,82070937,226.43,3,2023-01-05,2023-01-06,Delivered,Apple Pay,679.29,2023-01,Jan,2023,1,Electronics,Laptop Stand,88.92,412.53
590432899,356787,84593961,259.81,1,2023-09-02,2023-09-09,Delivered,Apple Pay,259.81,2023-09,Sep,2023,9,Electronics,Mechanical Keyboard,38.72,221.09
417851397,388389,21496211,297.63,4,2024-03-31,2024-04-07,Delivered,Google Pay,1190.52,2024-03,Mar,2024,3,Electronics,Laptop Stand,88.92,834.8399999999999
383602087,334053,16729990,172.92,3,2023-06-30,2023-07-06,Cancelled,PayPal,518.76,2023-06,Jun,2023,6,Electronics,Webcam HD,13.0,479.76
598514021,126225,23419256,298.51,4,2023-10-01,2023-10-04,Processing,Google Pay,1194.04,2023-10,Oct,2023,10,Electronics,Bluetooth Speaker,22.88,1102.52
153773200,126225,86384014,257.27,5,2023-04-28,2023-05-05,Shipped,Debit Card,1286.35,2023-04,Apr,2023,4,Electronics,Bluetooth Speaker,22.88,1171.9499999999998
207169001,671858,34406132,139.14,3,2023-11-26,2023-11-29,Processing,Apple Pay,417.41999999999996,2023-11,Nov,2023,11,Home & Kitchen,Air Fryer,110.01,87.38999999999993
973143678,191161,67110154,150.44,1,2023-09-07,2023-09-13,Delivered,PayPal,150.44,2023-09,Sep,2023,9,Home & Kitchen,Coffee Maker,50.5,99.94
287584639,877572,88990506,112.83,5,2024-12-13,2024-12-15,Delivered,Apple Pay,564.15,2024-12,Dec,2024,12,Electronics,USB-C Hub,46.28,332.75
142353230,876646,46855845,103.9,4,2023-05-04,2023-05-09,Delivered,Credit Card,415.6,2023-05,May,2023,5,Clothing,Cargo Shorts,8.69,380.84000000000003
411994135,216739,16109013,27.76,2,2023-01-21,2023-01-24,Delivered,Apple Pay,55.52,2023-01,Jan,2023,1,Electronics,Smart Watch,36.99,-18.46
486777550,126225,34627347,128.6,4,2023-07-25,2023-07-26,Returned,Apple Pay,514.4,2023-07,Jul,2023,7,Electronics,Bluetooth Speaker,22.88,422.88
960707259,877572,45507920,42.03,2,2023-01-01,2023-01-05,Shipped,Google Pay,84.06,2023-01,Jan,2023,1,Electronics,USB-C Hub,46.28,-8.5
826672529,876646,20814950,134.68,3,2023-04-16,2023-04-20,Delivered,Apple Pay,404.04,2023-04,Apr,2023,4,Clothing,Cargo Shorts,8.69,377.97
435766697,191161,65259205,142.96,5,2023-07-02,2023-07-08,Cancelled,Google Pay,714.8000000000001,2023-07,Jul,2023,7,Home & Kitchen,Coffee Maker,50.5,462.30000000000007
557408869,126225,77898694,192.42,4,2024-06-08,2024-06-13,Cancelled,Apple Pay,769.68,2024-06,Jun,2024,6,Electronics,Bluetooth Speaker,22.88,678.16
893001503,216739,99600766,224.08,3,2023-02-05,2023-02-07,Delivered,Credit Card,672.24,2023-02,Feb,2023,2,Electronics,Smart Watch,36.99,561.27
224447810,334053,45496015,102.37,3,2024-08-11,2024-08-12,Shipped,PayPal,307.11,2024-08,Aug,2024,8,Electronics,Webcam HD,13.0,268.11
202003827,719176,52101056,249.58,4,2024-03-04,2024-03-05,Returned,Apple Pay,998.32,2024-03,Mar,2024,3,Home & Kitchen,Cast Iron Pan,90.67,635.6400000000001
914115345,719176,12314351,69.2,5,2023-02-15,2023-02-21,Delivered,Apple Pay,346.0,2023-02,Feb,2023,2,Home & Kitchen,Cast Iron Pan,90.67,-107.35000000000002
149273037,876646,96098221,213.84,1,2024-12-28,2025-01-04,Cancelled,Debit Card,213.84,2024-12,Dec,2024,12,Clothing,Cargo Shorts,8.69,205.15
110385578,334053,47816686,213.45,4,2023-09-21,2023-09-22,Delivered,Credit Card,853.8,2023-09,Sep,2023,9,Electronics,Webcam HD,13.0,801.8
248599901,770487,74251933,137.32,4,2024-03-18,2024-03-22,Delivered,PayPal,549.28,2024-03,Mar,2024,3,Electronics,Wireless Headphones,27.87,437.79999999999995
812272035,216739,91378577,90.53,1,2024-10-12,2024-10-14,Cancelled,Apple Pay,90.53,2024-10,Oct,2024,10,Electronics,Smart Watch,36.99,53.54
794924237,126225,80993218,284.05,5,2024-12-19,2024-12-21,Cancelled,Apple Pay,1420.25,2024-12,Dec,2024,12,Electronics,Bluetooth Speaker,22.88,1305.85
283086166,770487,49682169,79.52,5,2024-07-21,2024-07-22,Delivered,PayPal,397.59999999999997,2024-07,Jul,2024,7,Electronics,Wireless Headphones,27.87,258.25
452896879,770487,97775215,243.86,5,2024-01-23,2024-01-30,Returned,Google Pay,1219.3000000000002,2024-01,Jan,2024,1,Electronics,Wireless Headphones,27.87,1079.9500000000003
483892122,126225,33357554,41.95,1,2023-05-17,2023-05-21,Delivered,Apple Pay,41.95,2023-05,May,2023,5,Electronics,Bluetooth Speaker,22.88,19.070000000000004
569992383,770487,82269803,294.71,1,2024-11-12,2024-11-15,Delivered,Debit Card,294.71,2024-11,Nov,2024,11,Electronics,Wireless Headphones,27.87,266.84
767660223,207473,42138745,164.15,3,2024-07-29,2024-08-02,Delivered,Credit Card,492.45000000000005,2024-07,Jul,2024,7,Clothing,Graphic Tee,66.43,293.16
388095021,126225,44188276,178.93,5,2024-11-20,2024-11-25,Processing,Apple Pay,894.6500000000001,2024-11,Nov,2024,11,Electronics,Bluetooth Speaker,22.88,780.2500000000001
887125715,126225,72415804,53.63,4,2024-02-11,2024-02-16,Delivered,PayPal,214.52,2024-02,Feb,2024,2,Electronics,Bluetooth Speaker,22.88,123.00000000000001
199805719,877572,84514489,202.99,1,2023-07-11,2023-07-14,Delivered,Credit Card,202.99,2023-07,Jul,2023,7,Electronics,USB-C Hub,46.28,156.71
500099988,246316,56600900,286.11,1,2024-04-02,2024-04-08,Returned,Google Pay,286.11,2024-04,Apr,2024,4,Clothing,Running Jacket,48.71,237.4
975061242,877572,96268397,107.02,1,2023-09-14,2023-09-19,Returned,Debit Card,107.02,2023-09,Sep,2023,9,Electronics,USB-C Hub,46.28,60.739999999999995
467995726,246316,83227889,261.74,5,2023-09-15,2023-09-22,Cancelled,Credit Card,1308.7,2023-09,Sep,2023,9,Clothing,Running Jacket,48.71,1065.15
296354549,877572,98054615,42.47,3,2024-12-05,2024-12-07,Shipped,Credit Card,127.41,2024-12,Dec,2024,12,Electronics,USB-C Hub,46.28,-11.430000000000007
222226183,877572,94705205,282.16,4,2023-11-24,2023-11-26,Returned,PayPal,1128.64,2023-11,Nov,2023,11,Electronics,USB-C Hub,46.28,943.5200000000001
530331581,216739,23141087,85.89,4,2024-11-22,2024-11-29,Delivered,Google Pay,343.56,2024-11,Nov,2024,11,Electronics,Smart Watch,36.99,195.6
529765405,216739,82070937,163.12,1,2023-04-20,2023-04-23,Delivered,Google Pay,163.12,2023-04,Apr,2023,4,Electronics,Smart Watch,36.99,126.13
590204687,876646,46023439,89.01,5,2024-07-25,2024-07-30,Processing,PayPal,445.05,2024-07,Jul,2024,7,Clothing,Cargo Shorts,8.69,401.6
391878557,877572,15197528,231.64,1,2024-07-21,2024-07-27,Returned,Debit Card,231.64,2024-07,Jul,2024,7,Electronics,USB-C Hub,46.28,185.35999999999999
997335002,719176,18135295,278.52,2,2024-05-14,2024-05-21,Delivered,Credit Card,557.04,2024-05,May,2024,5,Home & Kitchen,Cast Iron Pan,90.67,375.69999999999993
514158850,872246,54446182,243.85,5,2024-06-11,2024-06-16,Returned,Credit Card,1219.25,2024-06,Jun,2024,6,Clothing,Denim Jeans,29.09,1073.8
840777094,356787,64266464,45.0,1,2023-02-12,2023-02-17,Delivered,Debit Card,45.0,2023-02,Feb,2023,2,Electronics,Mechanical Keyboard,38.72,6.280000000000001
613511668,388389,31682744,170.32,1,2023-12-15,2023-12-16,Cancelled,Credit Card,170.32,2023-12,Dec,2023,12,Electronics,Laptop Stand,88.92,81.39999999999999
958885115,216739,87388337,218.98,4,2024-10-18,2024-10-23,Returned,Google Pay,875.92,2024-10,Oct,2024,10,Electronics,Smart Watch,36.99,727.9599999999999
552839683,216739,17270733,38.18,4,2023-08-30,2023-08-31,Processing,PayPal,152.72,2023-08,Aug,2023,8,Electronics,Smart Watch,36.99,4.759999999999991
796693603,216739,55679506,274.64,3,2023-03-18,2023-03-20,Shipped,Apple Pay,823.92,2023-03,Mar,2023,3,Electronics,Smart Watch,36.99,712.9499999999999
955675121,191161,31687165,43.27,3,2023-05-28,2023-06-02,Processing,Google Pay,129.81,2023-05,May,2023,5,Home & Kitchen,Coffee Maker,50.5,-21.689999999999998
279077296,216739,80823176,244.52,5,2024-04-13,2024-04-20,Processing,Google Pay,1222.6000000000001,2024-04,Apr,2024,4,Electronics,Smart Watch,36.99,1037.65
221393557,671858,26247735,103.09,1,2024-12-07,2024-12-13,Returned,Debit Card,103.09,2024-12,Dec,2024,12,Home & Kitchen,Air Fryer,110.01,-6.920000000000002
242283221,216739,11540956,32.91,3,2023-09-08,2023-09-10,Cancelled,Apple Pay,98.72999999999999,2023-09,Sep,2023,9,Electronics,Smart Watch,36.99,-12.240000000000009
847506709,356787,80415568,217.47,1,2023-12-29,2024-01-02,Returned,Apple Pay,217.47,2023-12,Dec,2023,12,Electronics,Mechanical Keyboard,38.72,178.75
879977998,770487,45594597,294.18,5,2023-01-24,2023-01-27,Delivered,Credit Card,1470.9,2023-01,Jan,2023,1,Electronics,Wireless Headphones,27.87,1331.5500000000002
162971085,877572,33763566,125.39,3,2024-10-26,2024-10-27,Delivered,Google Pay,376.17,2024-10,Oct,2024,10,Electronics,USB-C Hub,46.28,237.33
271149511,126225,44999379,46.84,2,2023-05-14,2023-05-21,Delivered,Apple Pay,93.68,2023-05,May,2023,5,Electronics,Bluetooth Speaker,22.88,47.92000000000001
211361103,126225,30364454,121.8,1,2024-07-19,2024-07-23,Delivered,Apple Pay,121.8,2024-07,Jul,2024,7,Electronics,Bluetooth Speaker,22.88,98.92
546706352,216739,54398056,246.27,3,2024-08-05,2024-08-08,Shipped,PayPal,738.8100000000001,2024-08,Aug,2024,8,Electronics,Smart Watch,36.99,627.84
734313309,356787,28814949,13.85,3,2024-05-31,2024-06-06,Returned,Google Pay,41.55,2024-05,May,2024,5,Electronics,Mechanical Keyboard,38.72,-74.61
618268171,877572,98588154,73.57,3,2023-02-07,2023-02-12,Cancelled,PayPal,220.70999999999998,2023-02,Feb,2023,2,Electronics,USB-C Hub,46.28,81.86999999999998
961425250,877572,62884503,173.72,5,2024-06-27,2024-06-30,Delivered,Google Pay,868.6,2024-06,Jun,2024,6,Electronics,USB-C Hub,46.28,637.2
710898358,877572,33357554,66.87,3,2024-01-26,2024-01-31,Cancelled,Google Pay,200.61,2024-01,Jan,2024,1,Electronics,USB-C Hub,46.28,61.77000000000001
828419083,334053,42111036,57.33,2,2024-03-22,2024-03-28,Shipped,Google Pay,114.66,2024-03,Mar,2024,3,Electronics,Webcam HD,13.0,88.66
570473733,216739,30244148,272.66,1,2023-12-15,2023-12-17,Processing,Debit Card,272.66,2023-12,Dec,2023,12,Electronics,Smart Watch,36.99,235.67000000000002
294627041,207473,49209916,194.08,4,2023-12-19,2023-12-22,Returned,Google Pay,776.32,2023-12,Dec,2023,12,Clothing,Graphic Tee,66.43,510.6
756403241,191161,25014631,279.2,2,2023-06-14,2023-06-21,Processing,Credit Card,558.4,2023-06,Jun,2023,6,Home & Kitchen,Coffee Maker,50.5,457.4
507754288,216739,90967191,292.21,4,2023-03-24,2023-03-30,Delivered,Google Pay,1168.84,2023-03,Mar,2023,3,Electronics,Smart Watch,36.99,1020.8799999999999
936621291,770487,41726318,229.93,3,2024-01-31,2024-02-06,Delivered,Apple Pay,689.79,2024-01,Jan,2024,1,Electronics,Wireless Headphones,27.87,606.18
485042651,877572,56138336,37.68,3,2023-08-07,2023-08-10,Cancelled,Debit Card,113.03999999999999,2023-08,Aug,2023,8,Electronics,USB-C Hub,46.28,-25.80000000000001
756441105,216739,88339168,213.05,5,2023-09-02,2023-09-08,Shipped,Apple Pay,1065.25,2023-09,Sep,2023,9,Electronics,Smart Watch,36.99,880.3
130941191,246316,47535126,132.38,4,2023-02-21,2023-02-25,Cancelled,PayPal,529.52,2023-02,Feb,2023,2,Clothing,Running Jacket,48.71,334.67999999999995
834937767,246316,57623800,24.99,1,2023-05-20,2023-05-27,Delivered,Credit Card,24.99,2023-05,May,2023,5,Clothing,Running Jacket,48.71,-23.720000000000002
880909484,216739,32151928,225.08,5,2023-09-14,2023-09-16,Delivered,Apple Pay,1125.4,2023-09,Sep,2023,9,Electronics,Smart Watch,36.99,940.45
240290090,770487,79340535,145.93,4,2024-07-13,2024-07-17,Returned,Google Pay,583.72,2024-07,Jul,2024,7,Electronics,Wireless Headphones,27.87,472.24
618702826,216739,80166708,48.63,2,2023-10-17,2023-10-19,Processing,Debit Card,97.26,2023-10,Oct,2023,10,Electronics,Smart Watch,36.99,23.28
624117847,126225,16789850,152.83,4,2024-01-04,2024-01-11,Returned,Debit Card,611.32,2024-01,Jan,2024,1,Electronics,Bluetooth Speaker,22.88,519.8000000000001
221265692,246316,99508850,108.32,2,2024-04-01,2024-04-07,Delivered,Google Pay,216.64,2024-04,Apr,2024,4,Clothing,Running Jacket,48.71,119.21999999999998
541613113,872246,85863473,281.34,3,2023-04-06,2023-04-07,Processing,PayPal,844.02,2023-04,Apr,2023,4,Clothing,Denim Jeans,29.09,756.75
573185010,334053,84437458,64.98,2,2024-12-29,2025-01-02,Processing,Apple Pay,129.96,2024-12,Dec,2024,12,Electronics,Webcam HD,13.0,103.96000000000001
149362414,876646,61053877,156.58,3,2024-07-09,2024-07-16,Delivered,Credit Card,469.74,2024-07,Jul,2024,7,Clothing,Cargo Shorts,8.69,443.67
168006560,671858,67110154,106.05,5,2023-10-20,2023-10-24,Returned,Google Pay,530.25,2023-10,Oct,2023,10,Home & Kitchen,Air Fryer,110.01,-19.800000000000068
380904676,126225,83534128,265.32,5,2024-05-01,2024-05-02,Cancelled,Debit Card,1326.6,2024-05,May,2024,5,Electronics,Bluetooth Speaker,22.88,1212.1999999999998
803272515,809570,16749089,47.92,1,2023-12-15,2023-12-17,Delivered,PayPal,47.92,2023-12,Dec,2023,12,Clothing,Hoodie,111.42,-63.5
437410428,388389,76354180,214.17,4,2024-12-30,2025-01-05,Processing,PayPal,856.68,2024-12,Dec,2024,12,Electronics,Laptop Stand,88.92,500.99999999999994
113271672,334053,77750178,162.34,1,2024-10-22,2024-10-26,Processing,Google Pay,162.34,2024-10,Oct,2024,10,Electronics,Webcam HD,13.0,149.34
856524312,872246,42787299,276.65,2,2024-02-29,2024-03-06,Returned,Google Pay,553.3,2024-02,Feb,2024,2,Clothing,Denim Jeans,29.09,495.11999999999995
827920634,356787,33763566,293.65,5,2024-10-14,2024-10-17,Delivered,Credit Card,1468.25,2024-10,Oct,2024,10,Electronics,Mechanical Keyboard,38.72,1274.65
663518937,216739,52101056,76.59,3,2024-03-24,2024-03-26,Cancelled,Credit Card,229.77,2024-03,Mar,2024,3,Electronics,Smart Watch,36.99,118.80000000000001
924127682,216739,69038700,151.34,4,2023-08-07,2023-08-11,Delivered,Apple Pay,605.36,2023-08,Aug,2023,8,Electronics,Smart Watch,36.99,457.4
898459991,877572,99152472,288.37,5,2023-10-27,2023-11-03,Shipped,Apple Pay,1441.85,2023-10,Oct,2023,10,Electronics,USB-C Hub,46.28,1210.4499999999998
719172154,877572,42016960,54.56,2,2024-10-04,2024-10-10,Delivered,Credit Card,109.12,2024-10,Oct,2024,10,Electronics,USB-C Hub,46.28,16.560000000000002
877145921,872246,43528453,18.74,3,2023-01-24,2023-01-31,Delivered,Google Pay,56.22,2023-01,Jan,2023,1,Clothing,Denim Jeans,29.09,-31.049999999999997
706677256,191161,87265240,124.57,3,2024-09-02,2024-09-03,Delivered,PayPal,373.71,2024-09,Sep,2024,9,Home & Kitchen,Coffee Maker,50.5,222.20999999999998
340501969,126225,96728778,178.97,1,2023-09-17,2023-09-24,Processing,Apple Pay,178.97,2023-09,Sep,2023,9,Electronics,Bluetooth Speaker,22.88,156.09
819239897,770487,73519947,10.44,3,2024-06-07,2024-06-08,Cancelled,PayPal,31.32,2024-06,Jun,2024,6,Electronics,Wireless Headphones,27.87,-52.29
463247548,872246,21003626,201.09,4,2023-10-07,2023-10-09,Returned,PayPal,804.36,2023-10,Oct,2023,10,Clothing,Denim Jeans,29.09,688.0
657379037,719176,49761527,132.82,2,2024-08-26,2024-08-30,Processing,PayPal,265.64,2024-08,Aug,2024,8,Home & Kitchen,Cast Iron Pan,90.67,84.29999999999998
661677752,191161,26879290,142.42,5,2023-12-20,2023-12-21,Shipped,Debit Card,712.0999999999999,2023-12,Dec,2023,12,Home & Kitchen,Coffee Maker,50.5,459.5999999999999
838993835,216739,70152969,273.91,2,2023-08-11,2023-08-18,Returned,Debit Card,547.82,2023-08,Aug,2023,8,Electronics,Smart Watch,36.99,473.84000000000003
852242243,877572,41473195,139.76,4,2024-01-18,2024-01-24,Shipped,Apple Pay,559.04,2024-01,Jan,2024,1,Electronics,USB-C Hub,46.28,373.91999999999996
763829091,216739,69295515,257.71,3,2023-12-09,2023-12-14,Delivered,Debit Card,773.1299999999999,2023-12,Dec,2023,12,Electronics,Smart Watch,36.99,662.1599999999999
202265468,126225,11646234,136.89,1,2024-10-24,2024-10-29,Delivered,Credit Card,136.89,2024-10,Oct,2024,10,Electronics,Bluetooth Speaker,22.88,114.00999999999999
564766900,246316,10965138,192.04,5,2024-10-06,2024-10-12,Delivered,Apple Pay,960.1999999999999,2024-10,Oct,2024,10,Clothing,Running Jacket,48.71,716.6499999999999
810509206,216739,36619372,149.59,3,2024-09-02,2024-09-03,Shipped,Apple Pay,448.77,2024-09,Sep,2024,9,Electronics,Smart Watch,36.99,337.79999999999995
880236611,719176,19774839,154.28,3,2024-09-10,2024-09-17,Shipped,Debit Card,462.84000000000003,2024-09,Sep,2024,9,Home & Kitchen,Cast Iron Pan,90.67,190.83000000000004
366907512,671858,18083974,44.71,2,2023-04-03,2023-04-07,Delivered,Debit Card,89.42,2023-04,Apr,2023,4,Home & Kitchen,Air Fryer,110.01,-130.60000000000002
617468048,216739,65857931,54.55,2,2023-02-21,2023-02-23,Shipped,Google Pay,109.1,2023-02,Feb,2023,2,Electronics,Smart Watch,36.99,35.11999999999999
471245687,356787,64813568,139.18,4,2023-11-30,2023-12-05,Shipped,Debit Card,556.72,2023-11,Nov,2023,11,Electronics,Mechanical Keyboard,38.72,401.84000000000003
812653878,356787,38716269,37.14,1,2024-07-27,2024-08-03,Cancelled,Apple Pay,37.14,2024-07,Jul,2024,7,Electronics,Mechanical Keyboard,38.72,-1.5799999999999983
826166835,126225,80993218,96.28,4,2024-10-30,2024-11-04,Returned,Apple Pay,385.12,2024-10,Oct,2024,10,Electronics,Bluetooth Speaker,22.88,293.6
788702788,388389,94525678,63.18,4,2024-11-25,2024-11-26,Delivered,PayPal,252.72,2024-11,Nov,2024,11,Electronics,Laptop Stand,88.92,-102.96000000000001
513258121,207473,97302916,127.41,2,2023-07-29,2023-08-04,Delivered,Google Pay,254.82,2023-07,Jul,2023,7,Clothing,Graphic Tee,66.43,121.95999999999998
259616499,877572,68326160,96.44,2,2024-02-08,2024-02-14,Processing,Credit Card,192.88,2024-02,Feb,2024,2,Electronics,USB-C Hub,46.28,100.32
987380851,126225,32775593,299.65,1,2024-02-15,2024-02-17,Cancelled,Apple Pay,299.65,2024-02,Feb,2024,2,Electronics,Bluetooth Speaker,22.88,276.77
699517559,770487,38427073,32.38,3,2024-01-03,2024-01-09,Delivered,Apple Pay,97.14000000000001,2024-01,Jan,2024,1,Electronics,Wireless Headphones,27.87,13.530000000000015
758111412,872246,61053474,197.9,3,2024-12-30,2025-01-06,Returned,Google Pay,593.7,2024-12,Dec,2024,12,Clothing,Denim Jeans,29.09,506.43000000000006
158589922,126225,64830300,280.32,4,2023-07-20,2023-07-27,Cancelled,Debit Card,1121.28,2023-07,Jul,2023,7,Electronics,Bluetooth Speaker,22.88,1029.76
112503578,207473,52091325,267.17,5,2024-05-09,2024-05-15,Delivered,Google Pay,1335.8500000000001,2024-05,May,2024,5,Clothing,Graphic Tee,66.43,1003.7
790844104,876646,89920257,212.11,3,2024-04-16,2024-04-20,Delivered,PayPal,636.33,2024-04,Apr,2024,4,Clothing,Cargo Shorts,8.69,610.26
268499484,872246,55728776,35.85,2,2023-02-07,2023-02-11,Cancelled,Google Pay,71.7,2023-02,Feb,2023,2,Clothing,Denim Jeans,29.09,13.520000000000003
642849045,719176,46249845,104.43,5,2024-09-07,2024-09-08,Delivered,Apple Pay,522.1500000000001,2024-09,Sep,2024,9,Home & Kitchen,Cast Iron Pan,90.67,68.80000000000007
603895158,216739,87282128,235.01,1,2023-09-11,2023-09-13,Delivered,Debit Card,235.01,2023-09,Sep,2023,9,Electronics,Smart Watch,36.99,198.01999999999998
632398698,334053,45650176,85.92,1,2024-04-27,2024-05-04,Delivered,Credit Card,85.92,2024-04,Apr,2024,4,Electronics,Webcam HD,13.0,72.92
277601056,877572,19209801,31.96,4,2024-07-02,2024-07-05,Shipped,Credit Card,127.84,2024-07,Jul,2024,7,Electronics,USB-C Hub,46.28,-57.28
180385942,770487,16749089,213.1,3,2023-09-30,2023-10-02,Delivered,Google Pay,639.3,2023-09,Sep,2023,9,Electronics,Wireless Headphones,27.87,555.6899999999999
906841821,356787,37888820,136.35,3,2023-03-29,2023-04-02,Delivered,Google Pay,409.04999999999995,2023-03,Mar,2023,3,Electronics,Mechanical Keyboard,38.72,292.89
627902980,216739,40532273,266.03,5,2024-01-13,2024-01-16,Delivered,Google Pay,1330.1499999999999,2024-01,Jan,2024,1,Electronics,Smart Watch,36.99,1145.1999999999998
444277942,246316,72363359,237.3,2,2023-07-19,2023-07-20,Returned,Debit Card,474.6,2023-07,Jul,2023,7,Clothing,Running Jacket,48.71,377.18
358655621,872246,69118721,279.22,2,2023-07-01,2023-07-06,Delivered,Debit Card,558.44,2023-07,Jul,2023,7,Clothing,Denim Jeans,29.09,500.26000000000005
455295629,872246,44917589,40.11,2,2024-09-19,2024-09-23,Delivered,Google Pay,80.22,2024-09,Sep,2024,9,Clothing,Denim Jeans,29.09,22.04
398668947,809570,62274692,162.6,3,2023-06-10,2023-06-14,Returned,Apple Pay,487.79999999999995,2023-06,Jun,2023,6,Clothing,Hoodie,111.42,153.53999999999996
154063666,388389,26194158,19.8,2,2024-01-04,2024-01-07,Processing,Debit Card,39.6,2024-01,Jan,2024,1,Electronics,Laptop Stand,88.92,-138.24
644311226,216739,72092888,220.52,1,2024-07-17,2024-07-20,Processing,Google Pay,220.52,2024-07,Jul,2024,7,Electronics,Smart Watch,36.99,183.53
339129305,770487,72535301,224.6,3,2023-11-20,2023-11-24,Returned,Credit Card,673.8,2023-11,Nov,2023,11,Electronics,Wireless Headphones,27.87,590.1899999999999
691090113,876646,56970882,13.46,5,2023-04-24,2023-04-30,Delivered,Credit Card,67.30000000000001,2023-04,Apr,2023,4,Clothing,Cargo Shorts,8.69,23.850000000000016
790756707,770487,79340535,248.86,4,2024-07-23,2024-07-29,Processing,Apple Pay,995.44,2024-07,Jul,2024,7,Electronics,Wireless Headphones,27.87,883.96
506559022,671858,10475894,33.01,2,2024-05-26,2024-05-30,Shipped,Google Pay,66.02,2024-05,May,2024,5,Home & Kitchen,Air Fryer,110.01,-154.0
533015368,671858,14164775,66.21,4,2024-03-13,2024-03-17,Returned,PayPal,264.84,2024-03,Mar,2024,3,Home & Kitchen,Air Fryer,110.01,-175.20000000000005
977357994,334053,95125977,97.09,4,2023-08-13,2023-08-15,Shipped,PayPal,388.36,2023-08,Aug,2023,8,Electronics,Webcam HD,13.0,336.36
352329335,876646,99038526,177.37,2,2023-07-23,2023-07-27,Delivered,Apple Pay,354.74,2023-07,Jul,2023,7,Clothing,Cargo Shorts,8.69,337.36
184643708,719176,68496914,278.2,3,2023-04-28,2023-05-03,Delivered,Debit Card,834.5999999999999,2023-04,Apr,2023,4,Home & Kitchen,Cast Iron Pan,90.67,562.5899999999999
592949064,877572,23419256,154.62,3,2024-07-16,2024-07-22,Delivered,Credit Card,463.86,2024-07,Jul,2024,7,Electronics,USB-C Hub,46.28,325.02
576944168,356787,35529407,12.51,1,2024-09-06,2024-09-09,Delivered,Apple Pay,12.51,2024-09,Sep,2024,9,Electronics,Mechanical Keyboard,38.72,-26.21
960347752,126225,81182864,260.64,5,2024-10-01,2024-10-05,Shipped,Debit Card,1303.1999999999998,2024-10,Oct,2024,10,Electronics,Bluetooth Speaker,22.88,1188.7999999999997
715291571,126225,56600900,78.5,4,2024-05-13,2024-05-17,Shipped,Credit Card,314.0,2024-05,May,2024,5,Electronics,Bluetooth Speaker,22.88,222.48000000000002
581142194,207473,70467027,43.3,5,2023-11-21,2023-11-26,Delivered,Apple Pay,216.5,2023-11,Nov,2023,11,Clothing,Graphic Tee,66.43,-115.65000000000003
194510603,216739,69345683,69.44,4,2024-03-22,2024-03-25,Cancelled,Google Pay,277.76,2024-03,Mar,2024,3,Electronics,Smart Watch,36.99,129.79999999999998
635213213,877572,31367172,182.71,3,2024-06-02,2024-06-08,Cancelled,PayPal,548.13,2024-06,Jun,2024,6,Electronics,USB-C Hub,46.28,409.28999999999996
580035742,770487,34406132,83.41,3,2024-09-18,2024-09-23,Delivered,Google Pay,250.23,2024-09,Sep,2024,9,Electronics,Wireless Headphones,27.87,166.62
439368482,877572,95125977,62.51,4,2024-08-01,2024-08-04,Delivered,Apple Pay,250.04,2024-08,Aug,2024,8,Electronics,USB-C Hub,46.28,64.91999999999999
227460504,246316,46553958,55.76,2,2024-03-25,2024-03-31,Delivered,Google Pay,111.52,2024-03,Mar,2024,3,Clothing,Running Jacket,48.71,14.099999999999994
634050562,388389,77750178,271.7,1,2024-01-14,2024-01-18,Returned,Google Pay,271.7,2024-01,Jan,2024,1,Electronics,Laptop Stand,88.92,182.77999999999997
900194244,216739,98641164,160.54,3,2024-07-30,2024-08-06,Delivered,Apple Pay,481.62,2024-07,Jul,2024,7,Electronics,Smart Watch,36.99,370.65
801553920,207473,20993268,221.83,5,2023-08-15,2023-08-17,Delivered,Credit Card,1109.15,2023-08,Aug,2023,8,Clothing,Graphic Tee,66.43,777.0
119079456,770487,96098221,224.43,4,2023-10-21,2023-10-24,Delivered,Apple Pay,897.72,2023-10,Oct,2023,10,Electronics,Wireless Headphones,27.87,786.24
210212429,356787,85146293,221.5,1,2023-02-03,2023-02-06,Processing,Debit Card,221.5,2023-02,Feb,2023,2,Electronics,Mechanical Keyboard,38.72,182.78
533190034,216739,33763566,259.31,4,2024-02-23,2024-02-25,Delivered,Debit Card,1037.24,2024-02,Feb,2024,2,Electronics,Smart Watch,36.99,889.28
542745150,877572,43704923,293.9,4,2023-02-26,2023-03-05,Delivered,Debit Card,1175.6,2023-02,Feb,2023,2,Electronics,USB-C Hub,46.28,990.4799999999999
138474240,216739,69118721,284.01,3,2024-01-13,2024-01-18,Returned,Google Pay,852.03,2024-01,Jan,2024,1,Electronics,Smart Watch,36.99,741.06
698214865,809570,87669750,55.35,2,2024-02-10,2024-02-17,Cancelled,Credit Card,110.7,2024-02,Feb,2024,2,Clothing,Hoodie,111.42,-112.14
689590340,207473,11540956,172.43,3,2024-06-21,2024-06-25,Cancelled,Apple Pay,517.29,2024-06,Jun,2024,6,Clothing,Graphic Tee,66.43,317.99999999999994
100182231,872246,93394260,213.44,4,2023-05-30,2023-06-06,Delivered,Apple Pay,853.76,2023-05,May,2023,5,Clothing,Denim Jeans,29.09,737.4
986812783,191161,16818112,280.26,4,2023-02-18,2023-02-23,Delivered,Google Pay,1121.04,2023-02,Feb,2023,2,Home & Kitchen,Coffee Maker,50.5,919.04
197598351,809570,94482772,136.82,4,2023-09-11,2023-09-18,Shipped,Credit Card,547.28,2023-09,Sep,2023,9,Clothing,Hoodie,111.42,101.59999999999997
950170825,207473,24508768,245.01,3,2024-05-25,2024-05-30,Delivered,Credit Card,735.03,2024-05,May,2024,5,Clothing,Graphic Tee,66.43,535.74
748758323,809570,15354599,23.44,2,2024-01-08,2024-01-14,Processing,Apple Pay,46.88,2024-01,Jan,2024,1,Clothing,Hoodie,111.42,-175.96
764717221,126225,85543051,33.68,4,2023-01-28,2023-02-03,Processing,Debit Card,134.72,2023-01,Jan,2023,1,Electronics,Bluetooth Speaker,22.88,43.2
784551346,216739,40150759,140.1,2,2023-12-31,2024-01-02,Delivered,PayPal,280.2,2023-12,Dec,2023,12,Electronics,Smart Watch,36.99,206.21999999999997
427059567,126225,42730796,32.73,3,2023-11-08,2023-11-14,Shipped,Apple Pay,98.19,2023-11,Nov,2023,11,Electronics,Bluetooth Speaker,22.88,29.549999999999997
645823493,877572,96098221,169.82,4,2023-07-28,2023-08-02,Delivered,PayPal,679.28,2023-07,Jul,2023,7,Electronics,USB-C Hub,46.28,494.15999999999997
703800000,671858,30452412,264.98,5,2023-04-03,2023-04-09,Shipped,Credit Card,1324.9,2023-04,Apr,2023,4,Home & Kitchen,Air Fryer,110.01,774.85
322104833,872246,39854548,105.5,3,2023-01-08,2023-01-12,Returned,Debit Card,316.5,2023-01,Jan,2023,1,Clothing,Denim Jeans,29.09,229.23000000000002
802867083,876646,82070937,225.07,3,2024-01-09,2024-01-11,Processing,Apple Pay,675.21,2024-01,Jan,2024,1,Clothing,Cargo Shorts,8.69,649.14
820990117,126225,48250360,19.63,4,2024-09-26,2024-09-29,Cancelled,Credit Card,78.52,2024-09,Sep,2024,9,Electronics,Bluetooth Speaker,22.88,-13.0
589849525,216739,27232410,130.46,2,2024-02-23,2024-02-28,Delivered,Debit Card,260.92,2024-02,Feb,2024,2,Electronics,Smart Watch,36.99,186.94
465989408,877572,15403355,140.46,1,2023-09-06,2023-09-11,Returned,Debit Card,140.46,2023-09,Sep,2023,9,Electronics,USB-C Hub,46.28,94.18
490136011,246316,96268397,140.43,5,2023-12-08,2023-12-10,Returned,Debit Card,702.1500000000001,2023-12,Dec,2023,12,Clothing,Running Jacket,48.71,458.6000000000001
986170931,216739,39920292,147.2,4,2023-03-28,2023-03-30,Delivered,Credit Card,588.8,2023-03,Mar,2023,3,Electronics,Smart Watch,36.99,440.8399999999999
158277565,191161,47983442,20.24,5,2023-07-16,2023-07-21,Delivered,Google Pay,101.19999999999999,2023-07,Jul,2023,7,Home & Kitchen,Coffee Maker,50.5,-151.3
976805431,126225,39042654,293.55,4,2024-05-28,2024-05-30,Returned,Google Pay,1174.2,2024-05,May,2024,5,Electronics,Bluetooth Speaker,22.88,1082.68
339356496,877572,16729990,124.44,3,2023-07-23,2023-07-28,Cancelled,Apple Pay,373.32,2023-07,Jul,2023,7,Electronics,USB-C Hub,46.28,234.48
587972689,770487,18620650,298.74,3,2024-05-07,2024-05-10,Processing,PayPal,896.22,2024-05,May,2024,5,Electronics,Wireless Headphones,27.87,812.61
456452891,246316,65857931,39.13,1,2023-12-01,2023-12-04,Delivered,Apple Pay,39.13,2023-12,Dec,2023,12,Clothing,Running Jacket,48.71,-9.579999999999998
701457391,246316,82556484,95.15,2,2023-12-29,2023-12-30,Delivered,Google Pay,190.3,2023-12,Dec,2023,12,Clothing,Running Jacket,48.71,92.88000000000001
924007087,809570,68496914,17.47,5,2024-07-15,2024-07-16,Delivered,PayPal,87.35,2024-07,Jul,2024,7,Clothing,Hoodie,111.42,-469.75
765460052,872246,45594597,156.11,3,2023-12-17,2023-12-21,Returned,Apple Pay,468.33000000000004,2023-12,Dec,2023,12,Clothing,Denim Jeans,29.09,381.06000000000006
744192644,770487,35487660,14.75,3,2023-10-23,2023-10-24,Delivered,PayPal,44.25,2023-10,Oct,2023,10,Electronics,Wireless Headphones,27.87,-39.36
608023421,770487,65857931,80.95,4,2023-11-07,2023-11-12,Shipped,Credit Card,323.8,2023-11,Nov,2023,11,Electronics,Wireless Headphones,27.87,212.32
869505738,872246,33607110,43.22,3,2024-11-27,2024-12-04,Cancelled,PayPal,129.66,2024-11,Nov,2024,11,Clothing,Denim Jeans,29.09,42.39
805627914,877572,82374753,92.5,3,2023-08-25,2023-08-31,Shipped,PayPal,277.5,2023-08,Aug,2023,8,Electronics,USB-C Hub,46.28,138.66
490084550,126225,52101056,19.83,5,2024-07-19,2024-07-22,Processing,Debit Card,99.14999999999999,2024-07,Jul,2024,7,Electronics,Bluetooth Speaker,22.88,-15.25
868706268,126225,30513739,268.62,5,2024-02-20,2024-02-27,Cancelled,Credit Card,1343.1,2024-02,Feb,2024,2,Electronics,Bluetooth Speaker,22.88,1228.6999999999998
585903027,719176,39920292,99.24,2,2024-09-13,2024-09-20,Delivered,Apple Pay,198.48,2024-09,Sep,2024,9,Home & Kitchen,Cast Iron Pan,90.67,17.139999999999986
222431652,770487,52352128,200.06,2,2023-08-19,2023-08-26,Processing,Debit Card,400.12,2023-08,Aug,2023,8,Electronics,Wireless Headphones,27.87,344.38
204622201,216739,77491435,104.3,5,2023-11-08,2023-11-11,Cancelled,Credit Card,521.5,2023-11,Nov,2023,11,Electronics,Smart Watch,36.99,336.54999999999995
915313588,216739,30863865,236.87,3,2023-12-24,2023-12-25,Returned,Debit Card,710.61,2023-12,Dec,2023,12,Electronics,Smart Watch,36.99,599.64
807499502,877572,22534217,204.64,1,2024-12-20,2024-12-22,Returned,Credit Card,204.64,2024-12,Dec,2024,12,Electronics,USB-C Hub,46.28,158.35999999999999
338099150,126225,45594597,169.13,3,2024-08-28,2024-09-03,Cancelled,Google Pay,507.39,2024-08,Aug,2024,8,Electronics,Bluetooth Speaker,22.88,438.75
102358958,191161,90010790,193.26,3,2024-03-03,2024-03-07,Delivered,PayPal,579.78,2024-03,Mar,2024,3,Home & Kitchen,Coffee Maker,50.5,428.28
466529415,770487,64502486,136.87,5,2023-04-23,2023-04-29,Processing,Google Pay,684.35,2023-04,Apr,2023,4,Electronics,Wireless Headphones,27.87,545.0
481327572,877572,33978249,290.89,4,2024-08-27,2024-09-01,Shipped,Google Pay,1163.56,2024-08,Aug,2024,8,Electronics,USB-C Hub,46.28,978.4399999999999
991081037,719176,97775215,258.79,5,2023-01-19,2023-01-21,Delivered,Apple Pay,1293.95,2023-01,Jan,2023,1,Home & Kitchen,Cast Iron Pan,90.67,840.6
780388507,216739,43189803,25.84,4,2023-04-09,2023-04-12,Delivered,PayPal,103.36,2023-04,Apr,2023,4,Electronics,Smart Watch,36.99,-44.60000000000001
958899743,388389,97873101,137.36,1,2023-06-07,2023-06-10,Delivered,PayPal,137.36,2023-06,Jun,2023,6,Electronics,Laptop Stand,88.92,48.44000000000001
413514967,877572,23141087,182.11,4,2024-03-27,2024-03-31,Shipped,Debit Card,728.44,2024-03,Mar,2024,3,Electronics,USB-C Hub,46.28,543.32
688078280,671858,98641164,279.08,5,2024-08-21,2024-08-24,Delivered,Apple Pay,1395.3999999999999,2024-08,Aug,2024,8,Home & Kitchen,Air Fryer,110.01,845.3499999999998
660477218,770487,34406132,156.62,4,2024-07-31,2024-08-06,Delivered,Apple Pay,626.48,2024-07,Jul,2024,7,Electronics,Wireless Headphones,27.87,515.0
501461715,216739,82374753,153.84,4,2023-12-11,2023-12-18,Delivered,PayPal,615.36,2023-12,Dec,2023,12,Electronics,Smart Watch,36.99,467.4
853869899,770487,20099059,35.38,4,2023-09-16,2023-09-20,Delivered,Credit Card,141.52,2023-09,Sep,2023,9,Electronics,Wireless Headphones,27.87,30.040000000000006
214162630,770487,66431351,85.75,3,2023-07-09,2023-07-13,Cancelled,Google Pay,257.25,2023-07,Jul,2023,7,Electronics,Wireless Headphones,27.87,173.64
149153870,876646,24165187,182.85,3,2024-02-29,2024-03-06,Delivered,Credit Card,548.55,2024-02,Feb,2024,2,Clothing,Cargo Shorts,8.69,522.4799999999999
276260482,809570,87282128,73.56,4,2023-04-28,2023-05-05,Processing,Credit Card,294.24,2023-04,Apr,2023,4,Clothing,Hoodie,111.42,-151.44
628734252,388389,62274692,16.06,2,2024-03-14,2024-03-16,Returned,Google Pay,32.12,2024-03,Mar,2024,3,Electronics,Laptop Stand,88.92,-145.72
250806165,216739,96911784,223.41,3,2024-02-06,2024-02-09,Delivered,Apple Pay,670.23,2024-02,Feb,2024,2,Electronics,Smart Watch,36.99,559.26
982442542,809570,26948946,201.36,1,2024-05-12,2024-05-15,Delivered,Apple Pay,201.36,2024-05,May,2024,5,Clothing,Hoodie,111.42,89.94000000000001
869718389,388389,88183110,59.39,1,2023-01-04,2023-01-11,Delivered,PayPal,59.39,2023-01,Jan,2023,1,Electronics,Laptop Stand,88.92,-29.53
897264993,126225,99152472,35.02,2,2023-12-16,2023-12-20,Delivered,Apple Pay,70.04,2023-12,Dec,2023,12,Electronics,Bluetooth Speaker,22.88,24.28000000000001
874768179,770487,19832887,282.26,3,2024-06-30,2024-07-03,Delivered,Credit Card,846.78,2024-06,Jun,2024,6,Electronics,Wireless Headphones,27.87,763.17
539386707,126225,67684996,290.64,3,2023-05-16,2023-05-23,Returned,Debit Card,871.92,2023-05,May,2023,5,Electronics,Bluetooth Speaker,22.88,803.28
214849044,191161,24972279,271.75,5,2024-01-12,2024-01-16,Cancelled,Credit Card,1358.75,2024-01,Jan,2024,1,Home & Kitchen,Coffee Maker,50.5,1106.25
373041065,872246,75575808,212.16,4,2024-06-22,2024-06-24,Delivered,Apple Pay,848.64,2024-06,Jun,2024,6,Clothing,Denim Jeans,29.09,732.28
755897094,216739,85563727,210.75,2,2023-11-11,2023-11-12,Cancelled,Google Pay,421.5,2023-11,Nov,2023,11,Electronics,Smart Watch,36.99,347.52
310369078,877572,72682989,127.94,2,2023-09-12,2023-09-14,Shipped,Debit Card,255.88,2023-09,Sep,2023,9,Electronics,USB-C Hub,46.28,163.32
301373196,877572,69476001,275.6,4,2024-04-04,2024-04-08,Shipped,PayPal,1102.4,2024-04,Apr,2024,4,Electronics,USB-C Hub,46.28,917.2800000000001
229649816,334053,52101056,157.51,1,2024-06-02,2024-06-09,Processing,PayPal,157.51,2024-06,Jun,2024,6,Electronics,Webcam HD,13.0,144.51
521869399,877572,84597009,228.23,5,2024-12-24,2024-12-28,Cancelled,Debit Card,1141.1499999999999,2024-12,Dec,2024,12,Electronics,USB-C Hub,46.28,909.7499999999999
331487470,216739,88979095,151.8,4,2023-07-26,2023-07-30,Delivered,Apple Pay,607.2,2023-07,Jul,2023,7,Electronics,Smart Watch,36.99,459.24
590749409,334053,87049595,273.84,3,2024-09-10,2024-09-11,Delivered,Apple Pay,821.52,2024-09,Sep,2024,9,Electronics,Webcam HD,13.0,782.52
985358270,809570,81287314,70.67,2,2024-10-23,2024-10-28,Delivered,Debit Card,141.34,2024-10,Oct,2024,10,Clothing,Hoodie,111.42,-81.5
939043773,216739,97705310,183.08,3,2024-05-10,2024-05-14,Delivered,PayPal,549.24,2024-05,May,2024,5,Electronics,Smart Watch,36.99,438.27
304632391,770487,42016960,74.26,2,2024-11-27,2024-12-02,Delivered,PayPal,148.52,2024-11,Nov,2024,11,Electronics,Wireless Headphones,27.87,92.78
869645166,671858,30024960,14.55,4,2023-04-09,2023-04-14,Shipped,PayPal,58.2,2023-04,Apr,2023,4,Home & Kitchen,Air Fryer,110.01,-381.84000000000003
462853390,872246,82772208,49.19,1,2023-09-13,2023-09-17,Returned,Credit Card,49.19,2023-09,Sep,2023,9,Clothing,Denim Jeans,29.09,20.099999999999998
215712585,191161,39450273,211.0,5,2024-06-25,2024-07-02,Cancelled,PayPal,1055.0,2024-06,Jun,2024,6,Home & Kitchen,Coffee Maker,50.5,802.5
912982916,126225,51373735,173.37,5,2024-11-15,2024-11-17,Delivered,PayPal,866.85,2024-11,Nov,2024,11,Electronics,Bluetooth Speaker,22.88,752.45
545034151,770487,47463522,34.48,4,2024-08-16,2024-08-23,Returned,Apple Pay,137.92,2024-08,Aug,2024,8,Electronics,Wireless Headphones,27.87,26.439999999999984
149929379,770487,21003626,120.21,1,2023-08-30,2023-09-05,Delivered,Apple Pay,120.21,2023-08,Aug,2023,8,Electronics,Wireless Headphones,27.87,92.33999999999999
779936769,770487,73771720,244.81,3,2024-10-30,2024-11-01,Returned,Apple Pay,734.4300000000001,2024-10,Oct,2024,10,Electronics,Wireless Headphones,27.87,650.82
999222522,872246,11980765,40.37,5,2023-05-29,2023-06-01,Cancelled,Debit Card,201.85,2023-05,May,2023,5,Clothing,Denim Jeans,29.09,56.400000000000006
821706730,191161,67062156,283.39,2,2024-10-18,2024-10-19,Delivered,Credit Card,566.78,2024-10,Oct,2024,10,Home & Kitchen,Coffee Maker,50.5,465.78
732231115,770487,38408562,32.43,4,2023-10-24,2023-10-25,Returned,Google Pay,129.72,2023-10,Oct,2023,10,Electronics,Wireless Headphones,27.87,18.239999999999995
232305596,719176,75876924,49.41,5,2023-01-19,2023-01-23,Processing,Credit Card,247.04999999999998,2023-01,Jan,2023,1,Home & Kitchen,Cast Iron Pan,90.67,-206.30000000000004
929084565,770487,74893936,112.6,4,2024-05-04,2024-05-10,Processing,Apple Pay,450.4,2024-05,May,2024,5,Electronics,Wireless Headphones,27.87,338.91999999999996
583725630,334053,32162965,131.43,1,2024-06-30,2024-07-02,Returned,Apple Pay,131.43,2024-06,Jun,2024,6,Electronics,Webcam HD,13.0,118.43
591116494,872246,51154241,94.35,4,2023-06-17,2023-06-18,Delivered,Apple Pay,377.4,2023-06,Jun,2023,6,Clothing,Denim Jeans,29.09,261.03999999999996
807012492,877572,19510312,67.32,1,2023-10-15,2023-10-22,Delivered,Google Pay,67.32,2023-10,Oct,2023,10,Electronics,USB-C Hub,46.28,21.039999999999992
732773408,770487,39219319,108.96,4,2023-01-27,2023-01-28,Delivered,Apple Pay,435.84,2023-01,Jan,2023,1,Electronics,Wireless Headphones,27.87,324.35999999999996
641378026,770487,75437844,281.36,4,2023-07-01,2023-07-07,Delivered,Google Pay,1125.44,2023-07,Jul,2023,7,Electronics,Wireless Headphones,27.87,1013.96
244564312,877572,86483924,164.93,5,2024-06-19,2024-06-25,Processing,Debit Card,824.6500000000001,2024-06,Jun,2024,6,Electronics,USB-C Hub,46.28,593.2500000000001
635613177,877572,50181935,268.02,2,2024-06-29,2024-06-30,Delivered,Google Pay,536.04,2024-06,Jun,2024,6,Electronics,USB-C Hub,46.28,443.47999999999996
104657489,671858,19121552,141.51,2,2023-05-19,2023-05-24,Returned,PayPal,283.02,2023-05,May,2023,5,Home & Kitchen,Air Fryer,110.01,62.99999999999997
669474377,126225,19255216,206.02,5,2024-11-17,2024-11-24,Cancelled,PayPal,1030.1000000000001,2024-11,Nov,2024,11,Electronics,Bluetooth Speaker,22.88,915.7000000000002
890503688,246316,27084279,195.85,5,2023-10-26,2023-10-28,Processing,Apple Pay,979.25,2023-10,Oct,2023,10,Clothing,Running Jacket,48.71,735.7
152153364,126225,47220099,26.64,5,2024-07-13,2024-07-14,Delivered,PayPal,133.2,2024-07,Jul,2024,7,Electronics,Bluetooth Speaker,22.88,18.799999999999997
694022242,671858,93115778,252.38,2,2024-02-25,2024-03-01,Shipped,PayPal,504.76,2024-02,Feb,2024,2,Home & Kitchen,Air Fryer,110.01,284.74
564726604,356787,73900135,14.94,3,2024-01-10,2024-01-16,Processing,Debit Card,44.82,2024-01,Jan,2024,1,Electronics,Mechanical Keyboard,38.72,-71.34
728268579,872246,86149359,225.08,4,2023-01-14,2023-01-21,Delivered,Google Pay,900.32,2023-01,Jan,2023,1,Clothing,Denim Jeans,29.09,783.96
618544245,216739,35529407,51.99,1,2024-03-30,2024-04-06,Returned,Debit Card,51.99,2024-03,Mar,2024,3,Electronics,Smart Watch,36.99,15.0
645818292,770487,23796726,78.57,3,2023-07-17,2023-07-19,Cancelled,Apple Pay,235.70999999999998,2023-07,Jul,2023,7,Electronics,Wireless Headphones,27.87,152.09999999999997
938679870,207473,50056581,34.17,4,2023-04-29,2023-04-30,Delivered,Credit Card,136.68,2023-04,Apr,2023,4,Clothing,Graphic Tee,66.43,-129.04000000000002
290269669,719176,71367643,63.81,4,2023-08-02,2023-08-05,Delivered,Debit Card,255.24,2023-08,Aug,2023,8,Home & Kitchen,Cast Iron Pan,90.67,-107.44
842833609,671858,38427073,70.04,4,2024-12-04,2024-12-09,Cancelled,PayPal,280.16,2024-12,Dec,2024,12,Home & Kitchen,Air Fryer,110.01,-159.88
721218046,126225,94951883,43.91,1,2023-08-21,2023-08-23,Delivered,Credit Card,43.91,2023-08,Aug,2023,8,Electronics,Bluetooth Speaker,22.88,21.029999999999998
286455552,719176,17849494,12.25,4,2023-07-14,2023-07-15,Delivered,Apple Pay,49.0,2023-07,Jul,2023,7,Home & Kitchen,Cast Iron Pan,90.67,-313.68
884362665,216739,50477742,144.87,3,2023-10-30,2023-11-02,Delivered,PayPal,434.61,2023-10,Oct,2023,10,Electronics,Smart Watch,36.99,323.64
975361748,126225,90388981,183.41,1,2024-07-21,2024-07-22,Delivered,PayPal,183.41,2024-07,Jul,2024,7,Electronics,Bluetooth Speaker,22.88,160.53
237848895,334053,25492573,55.61,4,2024-10-14,2024-10-17,Delivered,PayPal,222.44,2024-10,Oct,2024,10,Electronics,Webcam HD,13.0,170.44
211190223,877572,84813739,62.8,1,2023-09-02,2023-09-05,Delivered,Credit Card,62.8,2023-09,Sep,2023,9,Electronics,USB-C Hub,46.28,16.519999999999996
515973568,126225,44917589,298.32,1,2024-01-21,2024-01-25,Shipped,Apple Pay,298.32,2024-01,Jan,2024,1,Electronics,Bluetooth Speaker,22.88,275.44
806008664,356787,36697396,178.51,2,2023-06-22,2023-06-25,Delivered,Apple Pay,357.02,2023-06,Jun,2023,6,Electronics,Mechanical Keyboard,38.72,279.58
744831376,246316,54349361,178.18,3,2024-11-11,2024-11-14,Shipped,Credit Card,534.54,2024-11,Nov,2024,11,Clothing,Running Jacket,48.71,388.40999999999997
750860170,216739,16789850,260.48,5,2024-12-31,2025-01-04,Processing,Apple Pay,1302.4,2024-12,Dec,2024,12,Electronics,Smart Watch,36.99,1117.45
445577110,876646,73070585,124.18,1,2023-12-23,2023-12-25,Delivered,Google Pay,124.18,2023-12,Dec,2023,12,Clothing,Cargo Shorts,8.69,115.49000000000001
641284117,246316,28213276,273.92,5,2024-10-01,2024-10-07,Processing,Credit Card,1369.6000000000001,2024-10,Oct,2024,10,Clothing,Running Jacket,48.71,1126.0500000000002
513028367,334053,42016960,148.42,1,2023-09-13,2023-09-14,Delivered,Credit Card,148.42,2023-09,Sep,2023,9,Electronics,Webcam HD,13.0,135.42
549537843,216739,19943140,55.58,5,2023-09-27,2023-09-28,Delivered,PayPal,277.9,2023-09,Sep,2023,9,Electronics,Smart Watch,36.99,92.94999999999996
753901994,877572,85017682,275.43,2,2023-08-11,2023-08-12,Shipped,Credit Card,550.86,2023-08,Aug,2023,8,Electronics,USB-C Hub,46.28,458.3
843582889,719176,55728776,176.27,1,2023-09-28,2023-09-29,Cancelled,Apple Pay,176.27,2023-09,Sep,2023,9,Home & Kitchen,Cast Iron Pan,90.67,85.60000000000001
918593554,334053,39920292,25.51,3,2023-11-22,2023-11-28,Shipped,Credit Card,76.53,2023-11,Nov,2023,11,Electronics,Webcam HD,13.0,37.53
366544373,770487,73900135,126.95,1,2023-04-03,2023-04-07,Shipped,Credit Card,126.95,2023-04,Apr,2023,4,Electronics,Wireless Headphones,27.87,99.08
393771337,770487,43374088,46.45,2,2023-04-17,2023-04-23,Processing,Debit Card,92.9,2023-04,Apr,2023,4,Electronics,Wireless Headphones,27.87,37.160000000000004
527209652,770487,47220099,281.87,3,2023-06-16,2023-06-17,Shipped,Google Pay,845.61,2023-06,Jun,2023,6,Electronics,Wireless Headphones,27.87,762.0
468141835,877572,69302158,28.45,1,2023-01-13,2023-01-14,Cancelled,PayPal,28.45,2023-01,Jan,2023,1,Electronics,USB-C Hub,46.28,-17.830000000000002
415866432,388389,36550845,26.59,4,2024-02-13,2024-02-19,Processing,Debit Card,106.36,2024-02,Feb,2024,2,Electronics,Laptop Stand,88.92,-249.32
586239368,770487,42747037,88.65,2,2023-10-14,2023-10-16,Delivered,Credit Card,177.3,2023-10,Oct,2023,10,Electronics,Wireless Headphones,27.87,121.56
964144020,877572,19317495,124.76,4,2023-10-26,2023-11-01,Delivered,PayPal,499.04,2023-10,Oct,2023,10,Electronics,USB-C Hub,46.28,313.92
243206913,719176,71070189,286.17,1,2023-05-10,2023-05-12,Cancelled,Apple Pay,286.17,2023-05,May,2023,5,Home & Kitchen,Cast Iron Pan,90.67,195.5
248369653,719176,34073380,31.24,1,2023-05-10,2023-05-16,Shipped,Google Pay,31.24,2023-05,May,2023,5,Home & Kitchen,Cast Iron Pan,90.67,-59.43000000000001
543182078,388389,80993218,285.28,5,2024-06-14,2024-06-21,Returned,PayPal,1426.3999999999999,2024-06,Jun,2024,6,Electronics,Laptop Stand,88.92,981.7999999999998
746955700,216739,78642041,79.03,4,2024-09-20,2024-09-22,Shipped,PayPal,316.12,2024-09,Sep,2024,9,Electronics,Smart Watch,36.99,168.16
851634610,877572,93303777,104.17,2,2024-03-10,2024-03-13,Delivered,Apple Pay,208.34,2024-03,Mar,2024,3,Electronics,USB-C Hub,46.28,115.78
903617229,671858,42594692,134.73,3,2023-11-19,2023-11-20,Cancelled,PayPal,404.18999999999994,2023-11,Nov,2023,11,Home & Kitchen,Air Fryer,110.01,74.15999999999991
650072167,216739,65682626,280.08,3,2024-10-30,2024-10-31,Cancelled,Apple Pay,840.24,2024-10,Oct,2024,10,Electronics,Smart Watch,36.99,729.27
420955532,876646,37326368,229.5,1,2024-10-09,2024-10-10,Shipped,Google Pay,229.5,2024-10,Oct,2024,10,Clothing,Cargo Shorts,8.69,220.81
853223780,207473,27232410,165.29,5,2024-10-16,2024-10-20,Returned,PayPal,826.4499999999999,2024-10,Oct,2024,10,Clothing,Graphic Tee,66.43,494.2999999999999
688202182,246316,66792612,242.2,5,2023-04-25,2023-04-30,Delivered,Credit Card,1211.0,2023-04,Apr,2023,4,Clothing,Running Jacket,48.71,967.45
437059145,126225,57623800,92.2,3,2023-10-12,2023-10-18,Returned,Apple Pay,276.6,2023-10,Oct,2023,10,Electronics,Bluetooth Speaker,22.88,207.96000000000004
864369269,216739,60888017,199.37,5,2024-11-01,2024-11-08,Shipped,Debit Card,996.85,2024-11,Nov,2024,11,Electronics,Smart Watch,36.99,811.9
891152995,334053,54410148,202.8,5,2023-02-05,2023-02-06,Returned,PayPal,1014.0,2023-02,Feb,2023,2,Electronics,Webcam HD,13.0,949.0
694403676,126225,64813568,203.06,4,2023-09-05,2023-09-06,Returned,PayPal,812.24,2023-09,Sep,2023,9,Electronics,Bluetooth Speaker,22.88,720.72
779231134,770487,32520277,15.37,1,2023-08-08,2023-08-12,Processing,PayPal,15.37,2023-08,Aug,2023,8,Electronics,Wireless Headphones,27.87,-12.500000000000002
333369794,877572,59555330,223.94,3,2024-10-21,2024-10-22,Delivered,Google Pay,671.8199999999999,2024-10,Oct,2024,10,Electronics,USB-C Hub,46.28,532.9799999999999
315703009,126225,25014631,150.09,5,2024-09-05,2024-09-08,Delivered,Google Pay,750.45,2024-09,Sep,2024,9,Electronics,Bluetooth Speaker,22.88,636.0500000000001
325177291,216739,83534128,125.47,1,2023-06-06,2023-06-10,Shipped,Debit Card,125.47,2023-06,Jun,2023,6,Electronics,Smart Watch,36.99,88.47999999999999
770194841,876646,33640702,93.52,4,2024-10-12,2024-10-14,Cancelled,Credit Card,374.08,2024-10,Oct,2024,10,Clothing,Cargo Shorts,8.69,339.32
867064555,216739,59555330,210.09,4,2023-02-06,2023-02-13,Delivered,Apple Pay,840.36,2023-02,Feb,2023,2,Electronics,Smart Watch,36.99,692.4
412007357,872246,74893936,293.34,1,2023-01-27,2023-02-01,Shipped,Google Pay,293.34,2023-01,Jan,2023,1,Clothing,Denim Jeans,29.09,264.25
837243267,770487,98834863,44.14,5,2024-11-14,2024-11-21,Delivered,Google Pay,220.7,2024-11,Nov,2024,11,Electronics,Wireless Headphones,27.87,81.35
470756153,126225,84593961,80.0,1,2023-06-14,2023-06-16,Delivered,PayPal,80.0,2023-06,Jun,2023,6,Electronics,Bluetooth Speaker,22.88,57.120000000000005
821955780,334053,74606833,249.11,2,2023-12-21,2023-12-22,Processing,PayPal,498.22,2023-12,Dec,2023,12,Electronics,Webcam HD,13.0,472.22
242455183,671858,43528453,209.82,1,2024-03-10,2024-03-12,Delivered,Credit Card,209.82,2024-03,Mar,2024,3,Home & Kitchen,Air Fryer,110.01,99.80999999999999
862782374,216739,83300637,153.41,2,2024-10-30,2024-11-05,Delivered,PayPal,306.82,2024-10,Oct,2024,10,Electronics,Smart Watch,36.99,232.83999999999997
798024936,809570,46817443,83.76,1,2024-05-16,2024-05-23,Cancelled,PayPal,83.76,2024-05,May,2024,5,Clothing,Hoodie,111.42,-27.659999999999997
290924932,126225,98231132,182.23,4,2023-02-05,2023-02-09,Delivered,Credit Card,728.92,2023-02,Feb,2023,2,Electronics,Bluetooth Speaker,22.88,637.4
641051458,356787,79967676,215.57,3,2023-03-09,2023-03-14,Delivered,PayPal,646.71,2023-03,Mar,2023,3,Electronics,Mechanical Keyboard,38.72,530.5500000000001
682495784,770487,59529086,49.41,3,2023-12-04,2023-12-09,Delivered,Credit Card,148.23,2023-12,Dec,2023,12,Electronics,Wireless Headphones,27.87,64.61999999999999
845511804,191161,53779528,256.02,5,2024-01-03,2024-01-09,Shipped,Apple Pay,1280.1,2024-01,Jan,2024,1,Home & Kitchen,Coffee Maker,50.5,1027.6
783841942,207473,75884623,124.65,2,2024-09-13,2024-09-15,Shipped,Debit Card,249.3,2024-09,Sep,2024,9,Clothing,Graphic Tee,66.43,116.44
446154387,246316,95585469,160.96,1,2023-06-02,2023-06-04,Shipped,Credit Card,160.96,2023-06,Jun,2023,6,Clothing,Running Jacket,48.71,112.25
862735437,126225,47376585,40.05,1,2023-09-03,2023-09-06,Delivered,Debit Card,40.05,2023-09,Sep,2023,9,Electronics,Bluetooth Speaker,22.88,17.169999999999998
223915446,877572,87925434,284.2,1,2023-07-12,2023-07-15,Delivered,PayPal,284.2,2023-07,Jul,2023,7,Electronics,USB-C Hub,46.28,237.92
916875967,334053,58024342,235.09,3,2024-06-21,2024-06-28,Cancelled,Credit Card,705.27,2024-06,Jun,2024,6,Electronics,Webcam HD,13.0,666.27
478212463,216739,15334035,59.33,1,2023-08-22,2023-08-29,Processing,Apple Pay,59.33,2023-08,Aug,2023,8,Electronics,Smart Watch,36.99,22.339999999999996
703743777,126225,49209916,282.92,5,2024-04-30,2024-05-01,Delivered,Debit Card,1414.6000000000001,2024-04,Apr,2024,4,Electronics,Bluetooth Speaker,22.88,1300.2
615793279,207473,72682989,13.45,5,2023-09-12,2023-09-16,Delivered,Google Pay,67.25,2023-09,Sep,2023,9,Clothing,Graphic Tee,66.43,-264.90000000000003
725783470,719176,13637575,189.2,1,2023-07-30,2023-08-03,Delivered,Credit Card,189.2,2023-07,Jul,2023,7,Home & Kitchen,Cast Iron Pan,90.67,98.52999999999999
712718094,334053,61053474,50.75,1,2024-07-21,2024-07-23,Processing,Credit Card,50.75,2024-07,Jul,2024,7,Electronics,Webcam HD,13.0,37.75
816354624,207473,11698142,29.6,1,2023-08-03,2023-08-07,Processing,Debit Card,29.6,2023-08,Aug,2023,8,Clothing,Graphic Tee,66.43,-36.830000000000005
862489444,216739,40094589,217.16,5,2023-11-05,2023-11-08,Processing,Debit Card,1085.8,2023-11,Nov,2023,11,Electronics,Smart Watch,36.99,900.8499999999999
548263514,877572,90014570,136.91,2,2023-10-12,2023-10-18,Processing,Credit Card,273.82,2023-10,Oct,2023,10,Electronics,USB-C Hub,46.28,181.26
823963430,216739,67276174,82.55,3,2023-03-04,2023-03-10,Shipped,Debit Card,247.64999999999998,2023-03,Mar,2023,3,Electronics,Smart Watch,36.99,136.67999999999998
903017927,388389,35921441,137.48,4,2023-11-12,2023-11-13,Delivered,Credit Card,549.92,2023-11,Nov,2023,11,Electronics,Laptop Stand,88.92,194.23999999999995
673273772,356787,52133044,283.55,5,2023-11-26,2023-12-02,Delivered,Debit Card,1417.75,2023-11,Nov,2023,11,Electronics,Mechanical Keyboard,38.72,1224.15
407012827,770487,67110154,158.23,5,2023-05-08,2023-05-15,Returned,Debit Card,791.15,2023-05,May,2023,5,Electronics,Wireless Headphones,27.87,651.8
553533911,207473,45496015,26.8,2,2024-06-13,2024-06-16,Cancelled,Google Pay,53.6,2024-06,Jun,2024,6,Clothing,Graphic Tee,66.43,-79.26000000000002
967910655,388389,59737181,58.12,3,2024-07-20,2024-07-27,Processing,Apple Pay,174.35999999999999,2024-07,Jul,2024,7,Electronics,Laptop Stand,88.92,-92.4
113712236,877572,88961459,233.33,1,2024-01-16,2024-01-20,Delivered,Debit Card,233.33,2024-01,Jan,2024,1,Electronics,USB-C Hub,46.28,187.05
661277051,877572,67276174,129.17,4,2023-01-17,2023-01-21,Delivered,Apple Pay,516.68,2023-01,Jan,2023,1,Electronics,USB-C Hub,46.28,331.55999999999995
214321799,877572,25492573,176.18,1,2023-04-03,2023-04-04,Cancelled,Apple Pay,176.18,2023-04,Apr,2023,4,Electronics,USB-C Hub,46.28,129.9
127135757,770487,98787891,225.62,1,2023-12-07,2023-12-10,Processing,Debit Card,225.62,2023-12,Dec,2023,12,Electronics,Wireless Headphones,27.87,197.75
508956386,770487,44999379,26.54,4,2023-09-19,2023-09-25,Shipped,Google Pay,106.16,2023-09,Sep,2023,9,Electronics,Wireless Headphones,27.87,-5.320000000000007
256043375,216739,68353204,175.94,2,2023-08-09,2023-08-13,Delivered,Apple Pay,351.88,2023-08,Aug,2023,8,Electronics,Smart Watch,36.99,277.9
156978109,216739,42594692,269.88,3,2023-05-21,2023-05-22,Delivered,Google Pay,809.64,2023-05,May,2023,5,Electronics,Smart Watch,36.99,698.67
819679947,216739,64634663,250.15,4,2024-02-05,2024-02-07,Cancelled,PayPal,1000.6,2024-02,Feb,2024,2,Electronics,Smart Watch,36.99,852.64
160778918,126225,54410148,114.44,3,2023-09-07,2023-09-09,Delivered,Apple Pay,343.32,2023-09,Sep,2023,9,Electronics,Bluetooth Speaker,22.88,274.68
314643586,356787,63238057,16.97,2,2024-11-07,2024-11-12,Shipped,Apple Pay,33.94,2024-11,Nov,2024,11,Electronics,Mechanical Keyboard,38.72,-43.5
386665729,207473,97529405,140.58,2,2023-01-25,2023-02-01,Cancelled,Credit Card,281.16,2023-01,Jan,2023,1,Clothing,Graphic Tee,66.43,148.3
905505027,770487,24366125,292.83,3,2023-11-18,2023-11-24,Delivered,Google Pay,878.49,2023-11,Nov,2023,11,Electronics,Wireless Headphones,27.87,794.88
943458769,216739,93955206,259.3,3,2024-02-29,2024-03-05,Delivered,PayPal,777.9000000000001,2024-02,Feb,2024,2,Electronics,Smart Watch,36.99,666.9300000000001
272803057,877572,49910061,166.19,1,2024-12-14,2024-12-20,Returned,Apple Pay,166.19,2024-12,Dec,2024,12,Electronics,USB-C Hub,46.28,119.91
407751103,216739,58718453,26.09,3,2023-11-19,2023-11-22,Delivered,PayPal,78.27,2023-11,Nov,2023,11,Electronics,Smart Watch,36.99,-32.7
833784779,719176,25480907,241.28,3,2024-03-05,2024-03-09,Delivered,Google Pay,723.84,2024-03,Mar,2024,3,Home & Kitchen,Cast Iron Pan,90.67,451.83000000000004
369037833,770487,85543051,154.53,3,2024-02-08,2024-02-14,Processing,Google Pay,463.59000000000003,2024-02,Feb,2024,2,Electronics,Wireless Headphones,27.87,379.98
257226287,770487,40885476,260.58,1,2023-08-18,2023-08-21,Delivered,Credit Card,260.58,2023-08,Aug,2023,8,Electronics,Wireless Headphones,27.87,232.70999999999998
166607238,356787,73123515,192.71,1,2023-02-23,2023-02-27,Processing,Credit Card,192.71,2023-02,Feb,2023,2,Electronics,Mechanical Keyboard,38.72,153.99
841520570,126225,43446826,160.54,1,2024-01-03,2024-01-06,Delivered,Credit Card,160.54,2024-01,Jan,2024,1,Electronics,Bluetooth Speaker,22.88,137.66
942197348,770487,42329237,216.82,3,2023-01-24,2023-01-27,Returned,PayPal,650.46,2023-01,Jan,2023,1,Electronics,Wireless Headphones,27.87,566.85
416904770,388389,97873101,71.2,5,2024-06-25,2024-07-02,Returned,Apple Pay,356.0,2024-06,Jun,2024,6,Electronics,Laptop Stand,88.92,-88.60000000000002
319044298,877572,95758349,178.47,2,2023-10-16,2023-10-21,Returned,PayPal,356.94,2023-10,Oct,2023,10,Electronics,USB-C Hub,46.28,264.38
909165341,334053,47393469,27.54,2,2024-03-30,2024-04-03,Processing,Credit Card,55.08,2024-03,Mar,2024,3,Electronics,Webcam HD,13.0,29.08
681079105,876646,24549543,296.43,1,2023-03-23,2023-03-24,Delivered,Credit Card,296.43,2023-03,Mar,2023,3,Clothing,Cargo Shorts,8.69,287.74
134688715,671858,99152472,200.77,1,2023-07-01,2023-07-07,Processing,Credit Card,200.77,2023-07,Jul,2023,7,Home & Kitchen,Air Fryer,110.01,90.76
485132332,356787,95306788,79.67,3,2023-01-24,2023-01-27,Delivered,Apple Pay,239.01,2023-01,Jan,2023,1,Electronics,Mechanical Keyboard,38.72,122.85
974053994,191161,84346088,30.63,4,2024-05-24,2024-05-27,Cancelled,PayPal,122.52,2024-05,May,2024,5,Home & Kitchen,Coffee Maker,50.5,-79.48
585969649,246316,66390708,264.64,1,2024-11-08,2024-11-12,Cancelled,Credit Card,264.64,2024-11,Nov,2024,11,Clothing,Running Jacket,48.71,215.92999999999998
210037068,876646,99038526,81.77,5,2023-06-10,2023-06-16,Shipped,Apple Pay,408.84999999999997,2023-06,Jun,2023,6,Clothing,Cargo Shorts,8.69,365.4
761541819,126225,56930359,129.85,3,2024-01-20,2024-01-21,Delivered,PayPal,389.54999999999995,2024-01,Jan,2024,1,Electronics,Bluetooth Speaker,22.88,320.90999999999997
825340529,334053,23796726,285.01,5,2024-01-10,2024-01-17,Processing,Debit Card,1425.05,2024-01,Jan,2024,1,Electronics,Webcam HD,13.0,1360.05
894024006,388389,41944441,76.09,5,2024-11-11,2024-11-16,Returned,Credit Card,380.45000000000005,2024-11,Nov,2024,11,Electronics,Laptop Stand,88.92,-64.14999999999998
703319400,216739,92228802,88.83,3,2024-10-09,2024-10-11,Returned,Apple Pay,266.49,2024-10,Oct,2024,10,Electronics,Smart Watch,36.99,155.52
340848222,719176,48163378,177.69,3,2023-06-10,2023-06-17,Processing,Credit Card,533.0699999999999,2023-06,Jun,2023,6,Home & Kitchen,Cast Iron Pan,90.67,261.05999999999995
897159606,876646,31367172,297.8,1,2024-06-26,2024-07-01,Delivered,Google Pay,297.8,2024-06,Jun,2024,6,Clothing,Cargo Shorts,8.69,289.11
794839215,126225,33328859,270.13,2,2024-07-11,2024-07-14,Returned,Google Pay,540.26,2024-07,Jul,2024,7,Electronics,Bluetooth Speaker,22.88,494.5
702659666,126225,31810617,254.46,5,2024-07-27,2024-08-02,Shipped,Google Pay,1272.3,2024-07,Jul,2024,7,Electronics,Bluetooth Speaker,22.88,1157.8999999999999
517563874,770487,64707061,125.21,4,2023-09-07,2023-09-11,Shipped,PayPal,500.84,2023-09,Sep,2023,9,Electronics,Wireless Headphones,27.87,389.35999999999996
355116198,191161,85563727,23.12,2,2024-04-08,2024-04-13,Delivered,Debit Card,46.24,2024-04,Apr,2024,4,Home & Kitchen,Coffee Maker,50.5,-54.76
648598641,770487,20993268,132.79,5,2024-04-10,2024-04-11,Processing,Apple Pay,663.9499999999999,2024-04,Apr,2024,4,Electronics,Wireless Headphones,27.87,524.5999999999999
942143413,388389,94120751,211.31,4,2024-03-18,2024-03-22,Returned,Credit Card,845.24,2024-03,Mar,2024,3,Electronics,Laptop Stand,88.92,489.56
955593612,876646,81503856,65.01,3,2023-05-04,2023-05-09,Delivered,Apple Pay,195.03000000000003,2023-05,May,2023,5,Clothing,Cargo Shorts,8.69,168.96000000000004
957728325,126225,36619372,187.24,1,2024-11-04,2024-11-10,Shipped,Apple Pay,187.24,2024-11,Nov,2024,11,Electronics,Bluetooth Speaker,22.88,164.36
847462287,191161,78139880,112.95,4,2024-06-27,2024-07-04,Delivered,Google Pay,451.8,2024-06,Jun,2024,6,Home & Kitchen,Coffee Maker,50.5,249.8
408849655,126225,70152969,238.0,5,2024-03-22,2024-03-28,Cancelled,Apple Pay,1190.0,2024-03,Mar,2024,3,Electronics,Bluetooth Speaker,22.88,1075.6
844034445,126225,15354599,290.12,1,2024-04-01,2024-04-05,Delivered,Credit Card,290.12,2024-04,Apr,2024,4,Electronics,Bluetooth Speaker,22.88,267.24
813494536,356787,20814950,291.08,1,2023-02-26,2023-02-28,Cancelled,Credit Card,291.08,2023-02,Feb,2023,2,Electronics,Mechanical Keyboard,38.72,252.35999999999999
150444260,126225,95511909,20.37,5,2024-09-24,2024-09-27,Cancelled,Google Pay,101.85000000000001,2024-09,Sep,2024,9,Electronics,Bluetooth Speaker,22.88,-12.549999999999983
509721231,719176,42111036,117.35,2,2023-11-28,2023-11-30,Shipped,PayPal,234.7,2023-11,Nov,2023,11,Home & Kitchen,Cast Iron Pan,90.67,53.359999999999985
516133637,126225,99038359,107.67,4,2023-12-11,2023-12-17,Shipped,Apple Pay,430.68,2023-12,Dec,2023,12,Electronics,Bluetooth Speaker,22.88,339.16
547284589,126225,23492385,10.92,3,2023-10-06,2023-10-08,Delivered,Google Pay,32.76,2023-10,Oct,2023,10,Electronics,Bluetooth Speaker,22.88,-35.88
946228305,216739,36550845,140.29,4,2023-01-11,2023-01-17,Cancelled,Apple Pay,561.16,2023-01,Jan,2023,1,Electronics,Smart Watch,36.99,413.19999999999993
835672883,126225,75884623,51.43,4,2024-12-13,2024-12-20,Processing,PayPal,205.72,2024-12,Dec,2024,12,Electronics,Bluetooth Speaker,22.88,114.2
435709651,809570,73560289,284.55,5,2024-05-24,2024-05-25,Processing,PayPal,1422.75,2024-05,May,2024,5,Clothing,Hoodie,111.42,865.65
692839277,191161,82772208,246.89,1,2024-10-22,2024-10-26,Delivered,Apple Pay,246.89,2024-10,Oct,2024,10,Home & Kitchen,Coffee Maker,50.5,196.39
157769665,719176,92666356,238.5,2,2024-07-07,2024-07-08,Returned,Apple Pay,477.0,2024-07,Jul,2024,7,Home & Kitchen,Cast Iron Pan,90.67,295.65999999999997
113921319,334053,71780854,60.01,5,2023-09-28,2023-10-03,Returned,PayPal,300.05,2023-09,Sep,2023,9,Electronics,Webcam HD,13.0,235.05
898509546,877572,98550256,184.91,4,2023-02-27,2023-03-03,Returned,Credit Card,739.64,2023-02,Feb,2023,2,Electronics,USB-C Hub,46.28,554.52
369875484,877572,82238741,162.39,2,2024-04-23,2024-04-29,Delivered,Apple Pay,324.78,2024-04,Apr,2024,4,Electronics,USB-C Hub,46.28,232.21999999999997
318063243,216739,30743797,180.05,4,2024-07-31,2024-08-01,Delivered,Apple Pay,720.2,2024-07,Jul,2024,7,Electronics,Smart Watch,36.99,572.24
766323040,877572,19121552,61.01,1,2023-12-18,2023-12-23,Delivered,Apple Pay,61.01,2023-12,Dec,2023,12,Electronics,USB-C Hub,46.28,14.729999999999997
938511718,877572,72394301,27.96,5,2024-05-02,2024-05-07,Processing,Debit Card,139.8,2024-05,May,2024,5,Electronics,USB-C Hub,46.28,-91.6
575736188,770487,91734598,67.03,3,2024-06-20,2024-06-21,Returned,Google Pay,201.09,2024-06,Jun,2024,6,Electronics,Wireless Headphones,27.87,117.48
991187981,877572,31367172,251.04,4,2023-08-26,2023-08-28,Processing,Debit Card,1004.16,2023-08,Aug,2023,8,Electronics,USB-C Hub,46.28,819.04
342180853,671858,86483924,170.13,1,2023-10-16,2023-10-17,Cancelled,Apple Pay,170.13,2023-10,Oct,2023,10,Home & Kitchen,Air Fryer,110.01,60.11999999999999
780525215,809570,19391725,44.16,2,2024-09-17,2024-09-22,Processing,PayPal,88.32,2024-09,Sep,2024,9,Clothing,Hoodie,111.42,-134.52
856589701,334053,20570592,297.36,5,2023-09-11,2023-09-12,Delivered,Google Pay,1486.8000000000002,2023-09,Sep,2023,9,Electronics,Webcam HD,13.0,1421.8000000000002
861868630,246316,42614537,275.29,5,2023-09-27,2023-10-01,Delivered,Credit Card,1376.45,2023-09,Sep,2023,9,Clothing,Running Jacket,48.71,1132.9
795389979,216739,10076758,76.83,1,2023-07-13,2023-07-20,Delivered,Google Pay,76.83,2023-07,Jul,2023,7,Electronics,Smart Watch,36.99,39.839999999999996
494859017,334053,81922443,178.09,2,2024-03-19,2024-03-25,Delivered,Google Pay,356.18,2024-03,Mar,2024,3,Electronics,Webcam HD,13.0,330.18
910790724,216739,25353091,219.08,3,2024-11-22,2024-11-24,Returned,PayPal,657.24,2024-11,Nov,2024,11,Electronics,Smart Watch,36.99,546.27
731773948,126225,97873101,218.65,2,2023-09-06,2023-09-10,Delivered,Google Pay,437.3,2023-09,Sep,2023,9,Electronics,Bluetooth Speaker,22.88,391.54
686923535,809570,66792612,246.72,2,2023-09-07,2023-09-08,Returned,Apple Pay,493.44,2023-09,Sep,2023,9,Clothing,Hoodie,111.42,270.6
892904680,246316,74988034,176.87,1,2023-03-23,2023-03-27,Shipped,Debit Card,176.87,2023-03,Mar,2023,3,Clothing,Running Jacket,48.71,128.16
747881832,126225,19391725,133.1,5,2023-07-22,2023-07-24,Processing,Debit Card,665.5,2023-07,Jul,2023,7,Electronics,Bluetooth Speaker,22.88,551.1
310957071,388389,22489409,205.91,5,2024-10-10,2024-10-13,Delivered,Apple Pay,1029.55,2024-10,Oct,2024,10,Electronics,Laptop Stand,88.92,584.9499999999999
933381221,877572,20075036,180.85,2,2024-12-25,2024-12-29,Cancelled,Google Pay,361.7,2024-12,Dec,2024,12,Electronics,USB-C Hub,46.28,269.14
878371032,719176,24508768,182.4,2,2023-10-02,2023-10-09,Returned,Google Pay,364.8,2023-10,Oct,2023,10,Home & Kitchen,Cast Iron Pan,90.67,183.46
307766587,334053,55114543,84.55,5,2024-05-14,2024-05-18,Shipped,Google Pay,422.75,2024-05,May,2024,5,Electronics,Webcam HD,13.0,357.75
415870923,770487,69401199,262.87,2,2024-01-24,2024-01-30,Processing,Apple Pay,525.74,2024-01,Jan,2024,1,Electronics,Wireless Headphones,27.87,470.0
581911354,191161,38210242,252.1,3,2023-11-18,2023-11-20,Delivered,PayPal,756.3,2023-11,Nov,2023,11,Home & Kitchen,Coffee Maker,50.5,604.8
